Customer_ID_Numeric,Customer_Name,City,State,Region,Last_Purchase,Recency_Days,Num_Orders,Total_Revenue,Total_Profit,Avg_Order_Value,Primary_Category,R_Score,M_Score,Segment
0,Bianca Brown,Jackson,Mississippi,South,2023-08-23,496,1,603.03,221.49,603.03,Accessories,2,3,At_Risk
1,Jared Edwards,Grand Rapids,Michigan,Centre,2024-12-20,11,1,297.2,97.09,297.2,Accessories,5,2,Potential
2,Susan Valdez,Minneapolis,Minnesota,Centre,2024-01-29,337,1,68.19,25.47,68.19,Clothing & Apparel,3,1,At_Risk
3,Tina Williams,Tallahassee,Florida,South,2024-11-29,32,1,628.92,231.38,628.92,Clothing & Apparel,5,3,Potential
4,Catherine Gordon,Baltimore,Maryland,East,2023-09-21,467,1,216.63,42.46,216.63,Accessories,2,2,Lost
5,Brittany Johnson,Boston,Massachusetts,East,2024-10-18,74,1,701.15,90.63,701.15,Electronics,5,4,Champions
6,Katie Rodriguez MD,Seattle,Washington,West,2024-12-11,20,1,1750.68,320.37,1750.68,Electronics,5,5,Champions
7,John Davis,Tulsa,Oklahoma,South,2024-09-22,100,2,1593.28,498.1,796.64,Clothing & Apparel,4,5,Champions
8,Edward Hicks,Salt Lake City,Utah,West,2023-10-25,433,1,230.7,87.44,230.7,Clothing & Apparel,2,2,Lost
9,Carrie Cunningham,Fort Smith,Arkansas,South,2023-10-15,443,1,2547.55,472.9,2547.55,Electronics,2,5,High_Value
10,Benjamin Smith,Rochester,New York,East,2023-06-28,552,2,1212.14,311.84000000000003,606.0699999999999,Clothing & Apparel,1,5,High_Value
11,Angela Manning,Augusta,Maine,East,2023-09-09,479,1,124.92,24.65,124.92,Accessories,2,1,Lost
12,Brent Kirby,Boston,Massachusetts,East,2023-07-13,537,1,1434.12,246.97,1434.12,Electronics,1,5,High_Value
13,Tiffany Spencer,Little Rock,Arkansas,South,2023-10-14,444,1,65.54,15.19,65.54,Clothing & Apparel,2,1,Lost
14,Laura Baldwin,Aurora,Illinois,Centre,2024-06-21,193,1,790.39,107.36,790.39,Electronics,4,4,Champions
15,April Arnold,Atlanta,Georgia,South,2023-10-09,449,1,70.27,16.25,70.27,Home & Furniture,2,1,Lost
16,Jennifer Burton,Montgomery,Alabama,South,2023-08-25,494,1,96.81,22.57,96.81,Clothing & Apparel,2,1,Lost
17,Kristin Evans,Santa Fe,New Mexico,West,2024-02-25,310,1,369.28,135.86,369.28,Clothing & Apparel,3,2,At_Risk
18,Zachary Walker,Baton Rouge,Louisiana,South,2023-01-14,717,1,104.5,21.17,104.5,Clothing & Apparel,1,1,Lost
19,Amanda Woodard,San Francisco,California,West,2023-03-05,667,1,59.75,13.47,59.75,Clothing & Apparel,1,1,Lost
20,Melissa Sanchez,Milwaukee,Wisconsin,Centre,2023-04-29,612,1,1345.25,541.55,1345.25,Clothing & Apparel,1,5,High_Value
21,Brittany Colon,Los Angeles,California,West,2024-01-08,358,1,844.67,106.63,844.67,Electronics,3,4,Loyal
22,Matthew Thomas,San Francisco,California,West,2023-06-18,562,2,531.91,183.26,265.955,Accessories,1,3,At_Risk
23,James Flores,Los Angeles,California,West,2023-12-27,370,1,424.59,93.32,424.59,Accessories,3,3,Loyal
24,Tricia Price,Annapolis,Maryland,East,2024-02-18,317,1,1237.76,158.76,1237.76,Home & Furniture,3,5,Loyal
25,Gabriel Gibson,Casper,Wyoming,West,2023-06-14,566,1,229.22,91.28,229.22,Accessories,1,2,Lost
26,Ryan Porter,Baltimore,Maryland,East,2023-10-30,428,1,390.32,92.92,390.32,Clothing & Apparel,2,3,At_Risk
27,James Cook,Columbia,South Carolina,South,2024-06-01,213,1,2823.24,310.43,2823.24,Electronics,4,5,Champions
28,Danny Johnson,Fayetteville,Arkansas,South,2024-03-31,275,1,285.38,125.15,285.38,Accessories,3,2,At_Risk
29,Shelia Mcpherson,Springfield,Illinois,Centre,2023-10-29,429,1,888.42,247.36,888.42,Home & Furniture,2,4,High_Value
30,Tiffany Collins,Wichita,Kansas,Centre,2023-12-08,389,1,447.73,46.93,447.73,Electronics,3,3,Loyal
31,Carla Brown,Worcester,Massachusetts,East,2024-10-03,89,1,1168.88,132.27,1168.88,Electronics,4,5,Champions
32,Karen Ryan,Virginia Beach,Virginia,South,2024-08-24,129,1,251.97,74.71,251.97,Home & Furniture,4,2,Potential
33,Raven Young,Baltimore,Maryland,East,2023-07-04,546,1,204.11,55.32,204.11,Accessories,1,2,Lost
34,Sheila Evans,Manchester,New Hampshire,East,2024-01-13,353,1,652.49,71.62,652.49,Electronics,3,4,Loyal
35,Shannon Blanchard,Dallas,Texas,South,2023-11-20,407,1,272.86,97.83,272.86,Clothing & Apparel,2,2,Lost
36,Matthew Boone,Cedar Rapids,Iowa,Centre,2023-10-30,428,1,358.34,93.12,358.34,Home & Furniture,2,2,Lost
37,Brandon Rivera,Kansas City,Missouri,Centre,2023-03-29,643,1,213.71,42.76,213.71,Clothing & Apparel,1,2,Lost
38,Lori Cox,Tucson,Arizona,West,2023-01-07,724,1,503.16,159.48,503.16,Clothing & Apparel,1,3,At_Risk
39,Stacey Thomas,St. Paul,Minnesota,Centre,2024-02-21,314,1,1443.64,386.41,1443.64,Home & Furniture,3,5,Loyal
40,Dominic Arnold,Dover,Delaware,East,2023-08-26,493,1,327.11,137.77,327.11,Clothing & Apparel,2,2,Lost
41,Angela Higgins,Philadelphia,Pennsylvania,East,2024-11-11,50,1,205.0,35.63,205.0,Electronics,5,2,Potential
42,Jennifer Cruz,Billings,Montana,West,2023-11-23,404,1,369.85,86.49,369.85,Accessories,2,3,At_Risk
43,Lauren Ryan,Salt Lake City,Utah,West,2023-01-18,713,1,349.89,148.08,349.89,Clothing & Apparel,1,2,Lost
44,Stephen Robinson,Mesa,Arizona,West,2024-12-01,30,1,182.56,37.02,182.56,Accessories,5,1,At_Risk
45,Patrick Johnson,Mobile,Alabama,South,2024-04-20,255,1,301.9,36.53,301.9,Home & Furniture,3,2,At_Risk
46,Mr. Jeremy Shaw,Nashua,New Hampshire,East,2024-04-19,256,1,3846.9,761.16,3846.9,Electronics,3,5,Loyal
47,Elizabeth Guerra,Rapid City,South Dakota,Centre,2023-12-22,375,1,550.83,116.51,550.83,Clothing & Apparel,3,3,Loyal
48,Krista Marshall,Billings,Montana,West,2024-04-03,272,1,122.75,47.1,122.75,Clothing & Apparel,3,1,At_Risk
49,Jack Gonzalez,Detroit,Michigan,Centre,2023-10-13,445,1,411.48,114.45,411.48,Clothing & Apparel,2,3,At_Risk
50,Dustin Campbell,Annapolis,Maryland,East,2024-01-27,339,1,1153.84,105.99,1153.84,Electronics,3,5,Loyal
51,Cameron Norton,Los Angeles,California,West,2024-12-10,21,1,328.1,132.93,328.1,Clothing & Apparel,5,2,Potential
52,Mark Davis,Providence,Rhode Island,East,2024-07-19,165,1,439.7,117.04,439.7,Home & Furniture,4,3,Potential
53,Hector Lee,Chicago,Illinois,Centre,2023-10-15,443,1,68.77,29.64,68.77,Clothing & Apparel,2,1,Lost
54,Lisa Castaneda,Boise,Idaho,West,2024-12-01,30,1,43.44,11.6,43.44,Clothing & Apparel,5,1,At_Risk
55,Mr. Daniel Johnson,Charleston,West Virginia,South,2024-06-23,191,1,612.6,120.12,612.6,Home & Furniture,4,3,Potential
56,Justin Erickson,San Diego,California,West,2023-10-31,427,1,2147.64,275.89,2147.64,Home & Furniture,2,5,High_Value
57,Manuel Hanson,Reno,Nevada,West,2024-01-26,340,1,348.33,121.62,348.33,Clothing & Apparel,3,2,At_Risk
58,William Smith,New Orleans,Louisiana,South,2024-12-21,10,1,407.44,46.45,407.44,Electronics,5,3,Potential
59,Lindsay Clay,Montpelier,Vermont,East,2023-01-19,712,1,2084.1,272.17,2084.1,Electronics,1,5,High_Value
60,Jordan Harvey,Pittsburgh,Pennsylvania,East,2023-01-29,702,1,102.96,32.49,102.96,Clothing & Apparel,1,1,Lost
61,Pamela Elliott,Charleston,West Virginia,South,2023-11-03,424,1,248.45,61.95,248.45,Home & Furniture,2,2,Lost
62,Brianna Hamilton,Jacksonville,Florida,South,2024-01-13,353,1,242.98,65.79,242.98,Accessories,3,2,At_Risk
63,Kimberly Watson,Lincoln,Nebraska,Centre,2023-03-17,655,1,245.8,72.93,245.8,Clothing & Apparel,1,2,Lost
64,Joe Campbell,Houston,Texas,South,2023-09-26,462,1,692.18,193.09,692.18,Home & Furniture,2,4,High_Value
65,Noah Reilly,Chicago,Illinois,Centre,2024-12-12,19,1,622.48,196.01,622.48,Home & Furniture,5,3,Potential
66,Daniel Wells,Burlington,Vermont,East,2024-11-22,39,2,604.78,257.21,302.39,Accessories,5,3,Potential
67,Michael Lyons,Denver,Colorado,West,2023-12-21,376,1,981.57,397.53,981.57,Clothing & Apparel,3,4,Loyal
68,Juan Johnston,Des Moines,Iowa,Centre,2023-10-02,456,1,3500.68,993.02,3500.68,Home & Furniture,2,5,High_Value
69,Anna White,Newark,New Jersey,East,2024-12-23,8,1,139.8,43.82,139.8,Clothing & Apparel,5,1,At_Risk
70,Tiffany Williams,Bismarck,North Dakota,Centre,2023-10-01,457,1,1812.68,155.73,1812.68,Electronics,2,5,High_Value
71,Cameron Pope,Mobile,Alabama,South,2023-10-28,430,1,1812.54,606.34,1812.54,Home & Furniture,2,5,High_Value
72,Jack House,Baltimore,Maryland,East,2024-10-20,72,1,266.1,98.1,266.1,Accessories,5,2,Potential
73,Charles Black,Oklahoma City,Oklahoma,South,2023-11-25,402,1,772.68,97.75,772.68,Home & Furniture,3,4,Loyal
74,Paul Jenkins,Colorado Springs,Colorado,West,2023-11-16,411,1,616.47,215.53,616.47,Clothing & Apparel,2,3,At_Risk
75,Jacob Davis,Springfield,Illinois,Centre,2024-06-22,192,1,898.0,246.34,898.0,Home & Furniture,4,4,Champions
76,Matthew Vincent,Casper,Wyoming,West,2023-06-23,557,1,779.15,133.9,779.15,Electronics,1,4,High_Value
77,Calvin Young,Bismarck,North Dakota,Centre,2023-12-18,379,1,641.24,123.18,641.24,Electronics,3,4,Loyal
78,Stephanie Flores,Spokane,Washington,West,2024-11-15,46,1,731.24,196.62,731.24,Clothing & Apparel,5,4,Champions
79,Anna Wang,Houston,Texas,South,2023-12-13,384,1,182.02,87.29,182.02,Accessories,3,1,At_Risk
80,Paul Ryan,Rochester,New York,East,2023-03-03,669,1,385.05,42.21,385.05,Electronics,1,3,At_Risk
81,James White,Sacramento,California,West,2024-05-17,228,1,705.42,105.96,705.42,Home & Furniture,4,4,Champions
82,Michelle Hurley,Manchester,New Hampshire,East,2024-12-03,28,1,922.65,125.32,922.65,Home & Furniture,5,4,Champions
83,George James,New York City,New York,East,2023-04-09,632,1,227.16,85.46,227.16,Clothing & Apparel,1,2,Lost
84,Taylor Hart,Fargo,North Dakota,Centre,2024-04-20,255,1,394.47,110.19,394.47,Clothing & Apparel,3,3,Loyal
85,Robert Rowland,Cincinnati,Ohio,Centre,2024-12-10,21,1,342.55,85.98,342.55,Home & Furniture,5,2,Potential
86,Sierra Thompson,Bismarck,North Dakota,Centre,2023-03-18,654,1,655.98,98.8,655.98,Electronics,1,4,High_Value
87,Anthony Copeland,Annapolis,Maryland,East,2024-11-25,36,1,1396.42,245.62,1396.42,Electronics,5,5,Champions
88,Keith Barnes,Tucson,Arizona,West,2024-11-01,60,1,228.32,42.63,228.32,Accessories,5,2,Potential
89,Elizabeth Turner,Colorado Springs,Colorado,West,2023-04-28,613,1,160.63,44.53,160.63,Clothing & Apparel,1,1,Lost
90,Heather Smith,Annapolis,Maryland,East,2023-11-10,417,1,424.08,35.63,424.08,Electronics,2,3,At_Risk
91,Alexis Patel,Boise,Idaho,West,2024-10-27,65,1,94.65,38.75,94.65,Clothing & Apparel,5,1,At_Risk
92,Robert Gordon,Lexington,Kentucky,South,2024-12-04,27,1,56.39,19.93,56.39,Accessories,5,1,At_Risk
93,Jonathan Hardy,Sioux Falls,South Dakota,Centre,2023-12-18,379,1,245.64,51.63,245.64,Home & Furniture,3,2,At_Risk
94,Mark Torres,Chandler,Arizona,West,2023-01-22,709,1,690.76,99.86,690.76,Home & Furniture,1,4,High_Value
95,Pamela Robinson,Wichita,Kansas,Centre,2023-12-21,376,1,61.12,24.41,61.12,Accessories,3,1,At_Risk
96,Michael Moore,San Diego,California,West,2024-01-08,358,2,635.28,122.37,317.64,Clothing & Apparel,3,4,Loyal
97,Oscar Mendez,San Francisco,California,West,2024-07-02,182,1,246.99,32.53,246.99,Electronics,4,2,Potential
98,Daniel Delgado,Charleston,West Virginia,South,2024-12-14,17,1,357.51,101.92,357.51,Clothing & Apparel,5,2,Potential
99,Jennifer Chang,Springfield,Illinois,Centre,2023-10-20,438,1,467.42,138.75,467.42,Accessories,2,3,At_Risk
100,David Manning,Las Vegas,Nevada,West,2024-06-04,210,1,4635.42,1536.8,4635.42,Home & Furniture,4,5,Champions
101,Kayla Melendez,Savannah,Georgia,South,2023-09-03,485,1,728.86,325.52,728.86,Clothing & Apparel,2,4,High_Value
102,Brenda Adkins,Jersey City,New Jersey,East,2024-07-18,166,1,2438.13,462.72,2438.13,Electronics,4,5,Champions
103,Stephanie Keller,New Orleans,Louisiana,South,2024-11-11,50,1,705.15,298.92,705.15,Clothing & Apparel,5,4,Champions
104,Ellen Barnes,Topeka,Kansas,Centre,2023-01-11,720,1,632.46,237.0,632.46,Clothing & Apparel,1,4,High_Value
105,Melissa Reed,Boise,Idaho,West,2024-11-19,42,1,1996.53,397.07,1996.53,Home & Furniture,5,5,Champions
106,Jennifer Farrell,Los Angeles,California,West,2023-11-30,397,1,690.4,300.3,690.4,Accessories,3,4,Loyal
107,Thomas Montgomery,Manchester,New Hampshire,East,2024-02-09,326,1,654.62,141.69,654.62,Clothing & Apparel,3,4,Loyal
108,Nicole Castillo,Milwaukee,Wisconsin,Centre,2023-06-08,572,1,611.41,117.41,611.41,Home & Furniture,1,3,At_Risk
109,Jeffrey Clarke,Chicago,Illinois,Centre,2024-11-03,58,1,356.39,140.73,356.39,Clothing & Apparel,5,2,Potential
110,Katherine Miller,New York City,New York,East,2024-05-24,221,1,2098.29,179.84,2098.29,Electronics,4,5,Champions
111,Debbie Roberts MD,Des Moines,Iowa,Centre,2023-11-13,414,1,583.9,90.6,583.9,Electronics,2,3,At_Risk
112,Anthony Gill,Santa Fe,New Mexico,West,2024-03-01,305,1,71.56,31.17,71.56,Accessories,3,1,At_Risk
113,Richard Holland,Hartford,Connecticut,East,2023-11-06,421,1,93.44,19.47,93.44,Clothing & Apparel,2,1,Lost
114,Daniel Bennett,Worcester,Massachusetts,East,2024-10-18,74,2,3793.66,509.49,1896.83,Electronics,5,5,Champions
115,John Hunter,Billings,Montana,West,2024-05-19,226,1,198.3,91.63,198.3,Accessories,4,2,Potential
116,Patrick Jensen,Colorado Springs,Colorado,West,2024-04-22,253,1,182.62,83.04,182.62,Accessories,3,1,At_Risk
117,Joseph Velazquez,Detroit,Michigan,Centre,2024-04-07,268,1,291.09,42.46,291.09,Home & Furniture,3,2,At_Risk
118,Jennifer Santos,New Haven,Connecticut,East,2024-08-31,122,1,633.2,117.59,633.2,Electronics,4,4,Champions
119,Robert Blankenship,Tallahassee,Florida,South,2024-11-19,42,1,177.32,37.76,177.32,Clothing & Apparel,5,1,At_Risk
120,Michael Baldwin,Columbia,South Carolina,South,2023-04-29,612,1,1337.52,479.64,1337.52,Clothing & Apparel,1,5,High_Value
121,Kevin Cortez,Cedar Rapids,Iowa,Centre,2024-06-25,189,2,951.3,196.49,475.65,Clothing & Apparel,4,4,Champions
122,Laura Wilson,Indianapolis,Indiana,Centre,2023-05-27,584,1,90.9,32.88,90.9,Accessories,1,1,Lost
123,Andre Colon,Boston,Massachusetts,East,2023-12-27,370,1,945.7,131.55,945.7,Home & Furniture,3,4,Loyal
124,Maria Smith,Little Rock,Arkansas,South,2023-12-31,366,1,449.18,197.96,449.18,Accessories,3,3,Loyal
125,Rebecca Kelly,Lexington,Kentucky,South,2024-12-18,13,1,197.2,73.3,197.2,Clothing & Apparel,5,2,Potential
126,Jennifer Curry,Portland,Oregon,West,2023-04-20,621,1,525.12,51.81,525.12,Electronics,1,3,At_Risk
127,Dawn Barnes,Providence,Rhode Island,East,2024-11-05,56,1,137.54,32.91,137.54,Clothing & Apparel,5,1,At_Risk
128,Matthew Curtis,Denver,Colorado,West,2024-04-07,268,1,148.41,52.87,148.41,Clothing & Apparel,3,1,At_Risk
129,Willie Crawford,Philadelphia,Pennsylvania,East,2024-07-31,153,1,1358.08,337.35,1358.08,Clothing & Apparel,4,5,Champions
130,Emily Davis,Augusta,Maine,East,2023-06-01,579,1,429.36,82.06,429.36,Electronics,1,3,At_Risk
131,John Bryan,Pittsburgh,Pennsylvania,East,2024-06-17,197,1,1244.55,252.3,1244.55,Clothing & Apparel,4,5,Champions
132,William Sutton,Huntington,West Virginia,South,2023-04-05,636,1,103.84,29.73,103.84,Clothing & Apparel,1,1,Lost
133,Jackie Fowler,St. Louis,Missouri,Centre,2024-11-29,32,1,61.42,17.6,61.42,Clothing & Apparel,5,1,At_Risk
134,Danielle Stewart,Dover,Delaware,East,2023-11-19,408,1,49.97,21.83,49.97,Clothing & Apparel,2,1,Lost
135,Deborah Jarvis,New Haven,Connecticut,East,2024-08-28,125,1,1243.11,422.5,1243.11,Home & Furniture,4,5,Champions
136,Mr. Michael Larson,Cleveland,Ohio,Centre,2023-06-15,565,1,341.34,121.82,341.34,Accessories,1,2,Lost
137,Barbara Davis,Aurora,Illinois,Centre,2024-05-12,233,1,43.54,10.18,43.54,Clothing & Apparel,4,1,At_Risk
138,Allen Graham,Worcester,Massachusetts,East,2024-11-04,57,1,719.58,226.12,719.58,Clothing & Apparel,5,4,Champions
139,Dr. Renee Smith,Dover,Delaware,East,2024-07-17,167,1,2135.8,728.76,2135.8,Home & Furniture,4,5,Champions
140,Kayla Holmes,Fargo,North Dakota,Centre,2024-03-23,283,1,1118.82,201.88,1118.82,Home & Furniture,3,5,Loyal
141,Michael Bruce,New Orleans,Louisiana,South,2023-12-18,379,1,538.64,166.28,538.64,Clothing & Apparel,3,3,Loyal
142,Kimberly Brooks,Missoula,Montana,West,2023-08-26,493,1,184.39,71.48,184.39,Clothing & Apparel,2,1,Lost
143,Corey Booth,Little Rock,Arkansas,South,2024-01-08,358,1,897.23,308.5,897.23,Home & Furniture,3,4,Loyal
144,Brandon Chen,Columbia,South Carolina,South,2023-04-28,613,1,428.1,141.17,428.1,Accessories,1,3,At_Risk
145,Dr. Alexandra Owen,Baltimore,Maryland,East,2023-09-22,466,1,846.17,129.24,846.17,Electronics,2,4,High_Value
146,Beth Perez,Sacramento,California,West,2023-03-20,652,1,1238.92,349.09,1238.92,Home & Furniture,1,5,High_Value
147,Anthony English,Houston,Texas,South,2024-02-09,326,1,89.0,34.38,89.0,Clothing & Apparel,3,1,At_Risk
148,Mark Perez,Savannah,Georgia,South,2024-02-18,317,1,489.84,110.58,489.84,Accessories,3,3,Loyal
149,Curtis Wright,Fargo,North Dakota,Centre,2023-11-09,418,1,568.07,80.84,568.07,Electronics,2,3,At_Risk
150,John Ward,Spokane,Washington,West,2023-10-13,445,1,168.88,60.29,168.88,Clothing & Apparel,2,1,Lost
151,Christian Sosa,Boston,Massachusetts,East,2024-04-24,251,1,1009.89,129.3,1009.89,Home & Furniture,3,4,Loyal
152,Donald Flores,Augusta,Maine,East,2024-09-26,96,1,911.64,114.18,911.64,Electronics,4,4,Champions
153,Christopher Dunn,Tallahassee,Florida,South,2024-01-14,352,1,205.16,48.8,205.16,Home & Furniture,3,2,At_Risk
154,Anna Garcia,Gulfport,Mississippi,South,2024-10-24,68,1,475.05,159.26,475.05,Home & Furniture,5,3,Potential
155,Michelle Roth,Salt Lake City,Utah,West,2024-11-15,46,1,459.16,194.72,459.16,Clothing & Apparel,5,3,Potential
156,Lisa Rush,Tulsa,Oklahoma,South,2024-10-09,83,1,539.57,185.75,539.57,Home & Furniture,4,3,Potential
157,Emily Foley,Milwaukee,Wisconsin,Centre,2024-11-03,58,1,1119.68,160.65,1119.68,Home & Furniture,5,5,Champions
158,Teresa Figueroa,Newark,New Jersey,East,2024-02-23,312,1,345.66,98.5,345.66,Clothing & Apparel,3,2,At_Risk
159,Lisa Barrett,Provo,Utah,West,2024-12-21,10,1,209.28,89.4,209.28,Clothing & Apparel,5,2,Potential
160,Tiffany Cox,Wichita,Kansas,Centre,2024-10-23,69,1,273.95,32.07,273.95,Electronics,5,2,Potential
161,Jonathan Robertson,Glendale,Arizona,West,2024-08-01,152,1,183.62,82.37,183.62,Accessories,4,1,At_Risk
162,Michael Myers,Lincoln,Nebraska,Centre,2023-05-04,607,1,824.04,168.8,824.04,Home & Furniture,1,4,High_Value
163,Dave Castillo,Nashua,New Hampshire,East,2024-11-04,57,1,299.99,86.72,299.99,Clothing & Apparel,5,2,Potential
164,James Miller,Fayetteville,Arkansas,South,2023-07-12,538,1,903.96,206.93,903.96,Clothing & Apparel,1,4,High_Value
165,Thomas Zuniga,Annapolis,Maryland,East,2024-01-29,337,1,375.35,59.87,375.35,Electronics,3,3,Loyal
166,Craig Contreras,Nashua,New Hampshire,East,2023-07-25,525,1,889.5,129.82,889.5,Home & Furniture,1,4,High_Value
167,Cynthia Moore,Virginia Beach,Virginia,South,2024-11-18,43,1,246.9,105.8,246.9,Clothing & Apparel,5,2,Potential
168,Theresa Carter,Missoula,Montana,West,2023-08-26,493,1,248.14,72.99,248.14,Accessories,2,2,Lost
169,Richard Brown,Augusta,Maine,East,2023-11-04,423,1,157.62,53.47,157.62,Clothing & Apparel,2,1,Lost
170,Kristina Hanson,Wilmington,Delaware,East,2023-08-05,514,1,1673.49,200.55,1673.49,Electronics,2,5,High_Value
171,Alexis Orr,Nashua,New Hampshire,East,2024-09-17,105,1,204.48,53.58,204.48,Home & Furniture,4,2,Potential
172,Alexis May,Manchester,New Hampshire,East,2023-02-12,688,1,458.31,59.48,458.31,Electronics,1,3,At_Risk
173,Carol Gray,St. Louis,Missouri,Centre,2023-03-16,656,1,213.02,56.16,213.02,Accessories,1,2,Lost
174,Dale Woods,Los Angeles,California,West,2024-11-15,46,1,893.09,89.23,893.09,Electronics,5,4,Champions
175,Christopher Stewart,Fayetteville,Arkansas,South,2024-12-01,30,1,404.12,85.03,404.12,Clothing & Apparel,5,3,Potential
176,Dennis Short,Tallahassee,Florida,South,2024-07-11,173,1,114.01,48.32,114.01,Clothing & Apparel,4,1,At_Risk
177,Victoria Smith,Indianapolis,Indiana,Centre,2024-11-23,38,1,350.89,126.27,350.89,Clothing & Apparel,5,2,Potential
178,Mary Jackson,St. Paul,Minnesota,Centre,2023-05-12,599,1,888.77,132.95,888.77,Home & Furniture,1,4,High_Value
179,Cathy Mills,Colorado Springs,Colorado,West,2023-11-07,420,1,165.25,50.86,165.25,Clothing & Apparel,2,1,Lost
180,Terri Ponce,Tucson,Arizona,West,2023-12-14,383,1,281.96,46.6,281.96,Electronics,3,2,At_Risk
181,Brandon West,Seattle,Washington,West,2024-07-26,158,1,1230.56,257.32,1230.56,Home & Furniture,4,5,Champions
182,Brittany King MD,Hartford,Connecticut,East,2024-01-21,345,1,1676.4,408.84,1676.4,Home & Furniture,3,5,Loyal
183,Mr. Arthur Livingston,Burlington,Vermont,East,2023-12-06,391,1,306.36,102.58,306.36,Clothing & Apparel,3,2,At_Risk
184,Michael Anderson,New York City,New York,East,2023-11-17,410,2,730.72,234.08,365.36,Clothing & Apparel,2,4,High_Value
185,Matthew Montgomery,Spokane,Washington,West,2024-11-20,41,1,215.7,83.62,215.7,Clothing & Apparel,5,2,Potential
186,Barry Russell,Provo,Utah,West,2023-08-04,515,1,299.5,109.74,299.5,Clothing & Apparel,2,2,Lost
187,Lisa Nguyen,Seattle,Washington,West,2024-10-10,82,1,432.82,176.86,432.82,Accessories,4,3,Potential
188,Luis Duncan,Huntington,West Virginia,South,2023-12-29,368,1,393.39,50.03,393.39,Electronics,3,3,Loyal
189,Amber Woodard,Madison,Wisconsin,Centre,2024-03-05,301,1,371.6,103.9,371.6,Accessories,3,3,Loyal
190,Stacey Hayes,Providence,Rhode Island,East,2023-11-13,414,1,1271.55,317.23,1271.55,Clothing & Apparel,2,5,High_Value
191,Michael Medina,Wichita,Kansas,Centre,2023-06-16,564,1,95.57,34.24,95.57,Accessories,1,1,Lost
192,Jeremy Williams,Pittsburgh,Pennsylvania,East,2024-07-01,183,2,1688.43,286.12,844.215,Electronics,4,5,Champions
193,Diane Pena,Columbia,South Carolina,South,2024-09-07,115,1,645.6,256.89,645.6,Clothing & Apparel,4,4,Champions
194,Stephanie Roth,Missoula,Montana,West,2024-11-25,36,1,865.2,364.53,865.2,Accessories,5,4,Champions
195,Tammy Harrison,Burlington,Vermont,East,2023-02-20,680,1,227.68,42.63,227.68,Electronics,1,2,Lost
196,Richard Armstrong,Rapid City,South Dakota,Centre,2023-06-18,562,1,533.26,84.81,533.26,Electronics,1,3,At_Risk
197,Stephanie Johnston,Denver,Colorado,West,2023-11-06,421,1,1677.62,235.53,1677.62,Electronics,2,5,High_Value
198,Wanda Nelson,Lexington,Kentucky,South,2023-04-16,625,1,126.53,35.37,126.53,Clothing & Apparel,1,1,Lost
199,Mary Johnson,Boise,Idaho,West,2024-06-24,190,1,187.96,57.37,187.96,Accessories,4,1,At_Risk
200,Daniel Porter,Fayetteville,Arkansas,South,2024-04-15,260,1,709.35,164.07,709.35,Home & Furniture,3,4,Loyal
201,Richard Shields,New York City,New York,East,2023-11-14,413,1,38.21,16.76,38.21,Clothing & Apparel,2,1,Lost
202,Erik Jensen,Hartford,Connecticut,East,2023-03-07,665,1,701.19,91.25,701.19,Electronics,1,4,High_Value
203,Gabrielle Brock,Nashua,New Hampshire,East,2024-04-27,248,1,27.0,5.54,27.0,Clothing & Apparel,4,1,At_Risk
204,Amanda Myers,Missoula,Montana,West,2023-05-04,607,1,775.58,241.39,775.58,Clothing & Apparel,1,4,High_Value
205,Amy Adams,Los Angeles,California,West,2024-05-25,220,1,722.62,145.36,722.62,Home & Furniture,4,4,Champions
206,Austin Odom,Provo,Utah,West,2024-06-28,186,1,1815.3,644.51,1815.3,Clothing & Apparel,4,5,Champions
207,Christina Pope,Reno,Nevada,West,2024-12-13,18,1,1190.2,258.48,1190.2,Home & Furniture,5,5,Champions
208,Vanessa Hudson,Colorado Springs,Colorado,West,2024-11-02,59,1,1080.56,242.31,1080.56,Home & Furniture,5,5,Champions
209,Tyler Thompson,Jacksonville,Florida,South,2024-10-08,84,1,1159.26,189.81,1159.26,Home & Furniture,4,5,Champions
210,Larry Vargas,Worcester,Massachusetts,East,2024-10-28,64,1,635.23,143.08,635.23,Home & Furniture,5,4,Champions
211,Jonathan Stewart,Fayetteville,Arkansas,South,2024-07-28,156,1,2257.29,771.81,2257.29,Home & Furniture,4,5,Champions
212,Leah Smith,Richmond,Virginia,South,2024-12-10,21,1,1032.18,205.81,1032.18,Electronics,5,4,Champions
213,Dawn Mccormick,Sacramento,California,West,2024-10-31,61,1,253.79,102.36,253.79,Accessories,5,2,Potential
214,Donald Rodriguez,Seattle,Washington,West,2024-10-05,87,1,330.36,129.95,330.36,Accessories,4,2,Potential
215,Michelle Brown,Bismarck,North Dakota,Centre,2023-12-13,384,1,1170.68,325.96,1170.68,Clothing & Apparel,3,5,Loyal
216,Jenny Myers,Wilmington,Delaware,East,2023-06-11,569,1,192.11,80.43,192.11,Accessories,1,1,Lost
217,Brandon Kirk,Glendale,Arizona,West,2023-11-03,424,1,112.72,39.1,112.72,Accessories,2,1,Lost
218,Adam Jacobs,Worcester,Massachusetts,East,2024-11-09,52,1,343.24,137.08,343.24,Clothing & Apparel,5,2,Potential
219,Bryan Valdez,Virginia Beach,Virginia,South,2024-11-03,58,1,1203.21,432.75,1203.21,Clothing & Apparel,5,5,Champions
220,Travis Bright,Glendale,Arizona,West,2024-03-03,303,1,1181.12,132.09,1181.12,Electronics,3,5,Loyal
221,Kayla Christensen,New Orleans,Louisiana,South,2024-10-21,71,1,910.08,143.96,910.08,Electronics,5,4,Champions
222,Robert Jackson,Sacramento,California,West,2023-10-30,428,1,329.42,68.16,329.42,Clothing & Apparel,2,2,Lost
223,Jacqueline Adams,Jacksonville,Florida,South,2023-10-14,444,1,1595.67,210.23,1595.67,Home & Furniture,2,5,High_Value
224,Dana Moore,Augusta,Maine,East,2024-11-01,60,1,753.89,177.22,753.89,Home & Furniture,5,4,Champions
225,Patty Gallegos,New York City,New York,East,2024-09-22,100,1,549.61,93.23,549.61,Home & Furniture,4,3,Potential
226,Jennifer Nelson,Jersey City,New Jersey,East,2024-06-25,189,2,1379.32,401.11,689.66,Accessories,4,5,Champions
227,Michael Aguilar,Springfield,Illinois,Centre,2023-12-30,367,1,644.16,192.91,644.16,Home & Furniture,3,4,Loyal
228,Katherine Holland,Pittsburgh,Pennsylvania,East,2023-07-04,546,1,59.01,27.6,59.01,Accessories,1,1,Lost
229,Darryl Church,Chandler,Arizona,West,2024-06-19,195,1,268.84,116.89,268.84,Clothing & Apparel,4,2,Potential
230,Lori Smith,Charleston,West Virginia,South,2023-11-02,425,1,2122.76,657.04,2122.76,Home & Furniture,2,5,High_Value
231,Eric Bruce,Nashua,New Hampshire,East,2024-11-02,59,1,99.29,23.99,99.29,Accessories,5,1,At_Risk
232,Nancy Jackson,Milwaukee,Wisconsin,Centre,2023-05-15,596,1,3424.95,399.82,3424.95,Electronics,1,5,High_Value
233,Ashley Bennett,Gulfport,Mississippi,South,2023-11-10,417,1,1090.8,168.53,1090.8,Electronics,2,5,High_Value
234,Shelly Conrad,Indianapolis,Indiana,Centre,2023-12-04,393,1,56.57,9.76,56.57,Home & Furniture,3,1,At_Risk
235,Mr. Chad Ruiz,Tucson,Arizona,West,2024-08-08,145,1,308.8,57.86,308.8,Electronics,4,2,Potential
236,Virginia Peck,Albuquerque,New Mexico,West,2024-12-19,12,1,164.85,47.87,164.85,Clothing & Apparel,5,1,At_Risk
237,Andrew Stone,Billings,Montana,West,2024-10-01,91,1,161.52,43.16,161.52,Accessories,4,1,At_Risk
238,Chad Powell,Cedar Rapids,Iowa,Centre,2024-12-14,17,1,52.68,15.08,52.68,Accessories,5,1,At_Risk
239,Heidi Norris,Springfield,Illinois,Centre,2024-04-21,254,1,1841.55,349.34,1841.55,Electronics,3,5,Loyal
240,Matthew Woods,Huntsville,Alabama,South,2024-01-19,347,1,132.76,42.96,132.76,Accessories,3,1,At_Risk
241,Robert Walter,Providence,Rhode Island,East,2024-12-05,26,1,3457.0,644.83,3457.0,Electronics,5,5,Champions
242,Timothy Irwin,Miami,Florida,South,2023-11-23,404,1,397.3,99.01,397.3,Home & Furniture,2,3,At_Risk
243,Steve Cruz,Dallas,Texas,South,2024-10-31,61,1,349.56,76.01,349.56,Accessories,5,2,Potential
244,Jennifer Wilson,Rochester,New York,East,2023-04-22,619,1,67.66,22.18,67.66,Clothing & Apparel,1,1,Lost
245,Scott Allen,Minneapolis,Minnesota,Centre,2024-12-05,26,1,616.26,130.97,616.26,Clothing & Apparel,5,3,Potential
246,Peter Valencia,Hartford,Connecticut,East,2023-07-08,542,1,710.68,135.66,710.68,Electronics,1,4,High_Value
247,Ralph Hickman,Salem,Oregon,West,2024-07-17,167,1,129.8,27.97,129.8,Clothing & Apparel,4,1,At_Risk
248,Brianna Bailey,Sacramento,California,West,2024-07-30,154,1,422.67,83.46,422.67,Electronics,4,3,Potential
249,Douglas Weber,Wichita,Kansas,Centre,2024-05-08,237,1,333.77,87.42,333.77,Clothing & Apparel,4,2,Potential
250,Aaron Reed,Fort Wayne,Indiana,Centre,2023-10-08,450,1,1942.53,628.47,1942.53,Home & Furniture,2,5,High_Value
251,Benjamin Wright,Virginia Beach,Virginia,South,2023-07-04,546,1,2507.97,235.95,2507.97,Electronics,1,5,High_Value
252,Roberto Valentine,Philadelphia,Pennsylvania,East,2023-09-10,478,1,242.97,64.38,242.97,Clothing & Apparel,2,2,Lost
253,Jeffrey Wood,Detroit,Michigan,Centre,2024-05-15,230,1,1384.26,313.27,1384.26,Home & Furniture,4,5,Champions
254,Michael King,Louisville,Kentucky,South,2023-12-30,367,1,635.72,191.38,635.72,Clothing & Apparel,3,4,Loyal
255,Sarah Crawford,Montgomery,Alabama,South,2024-09-11,111,1,425.46,143.74,425.46,Clothing & Apparel,4,3,Potential
256,Michael Ramirez,Little Rock,Arkansas,South,2024-11-04,57,1,429.33,174.49,429.33,Clothing & Apparel,5,3,Potential
257,Jean Murphy,New Haven,Connecticut,East,2023-10-21,437,1,590.81,103.03,590.81,Electronics,2,3,At_Risk
258,Laura Wong,Little Rock,Arkansas,South,2024-10-18,74,1,2369.91,632.02,2369.91,Home & Furniture,5,5,Champions
259,James Oliver,Cheyenne,Wyoming,West,2024-05-30,215,1,331.99,72.51,331.99,Clothing & Apparel,4,2,Potential
260,Jeffrey Fritz,Worcester,Massachusetts,East,2024-02-16,319,1,688.87,128.19,688.87,Electronics,3,4,Loyal
261,Ryan Willis,Newark,New Jersey,East,2023-09-02,486,1,82.96,17.79,82.96,Clothing & Apparel,2,1,Lost
262,Benjamin Martin,San Diego,California,West,2023-11-04,423,1,603.16,209.75,603.16,Clothing & Apparel,2,3,At_Risk
263,Joseph Lee,Salem,Oregon,West,2024-08-23,130,1,630.62,190.43,630.62,Clothing & Apparel,4,3,Potential
264,Stacy Lewis,Cheyenne,Wyoming,West,2023-09-17,471,1,139.42,50.25,139.42,Accessories,2,1,Lost
265,Tammy Leonard,Wilmington,Delaware,East,2023-06-03,577,1,1780.12,464.44,1780.12,Home & Furniture,1,5,High_Value
266,Michael Jones,Portland,Oregon,West,2024-07-25,159,1,1006.92,260.43,1006.92,Clothing & Apparel,4,4,Champions
267,Kimberly Alvarado,Savannah,Georgia,South,2023-10-10,448,1,717.48,107.1,717.48,Electronics,2,4,High_Value
268,Edward Lee,Pittsburgh,Pennsylvania,East,2024-11-30,31,1,499.78,63.74,499.78,Electronics,5,3,Potential
269,Amanda Lee,Boise,Idaho,West,2024-12-01,30,1,324.31,64.38,324.31,Home & Furniture,5,2,Potential
270,Kelly Lynn,New York City,New York,East,2023-12-26,371,1,631.97,76.32,631.97,Electronics,3,4,Loyal
271,Jennifer Le,Lexington,Kentucky,South,2024-11-16,45,1,526.08,151.57,526.08,Clothing & Apparel,5,3,Potential
272,Courtney Barker,Hartford,Connecticut,East,2023-10-13,445,1,689.46,60.73,689.46,Electronics,2,4,High_Value
273,Brenda Roach DVM,Topeka,Kansas,Centre,2023-09-07,481,1,62.02,26.38,62.02,Accessories,2,1,Lost
274,Jared Jenkins,Mobile,Alabama,South,2023-02-04,696,1,369.08,32.55,369.08,Electronics,1,2,Lost
275,Mark Stewart,Providence,Rhode Island,East,2024-11-22,39,1,1944.78,261.56,1944.78,Electronics,5,5,Champions
276,Jon Evans,Casper,Wyoming,West,2024-04-01,274,1,165.92,60.91,165.92,Clothing & Apparel,3,1,At_Risk
277,Thomas Moore,Philadelphia,Pennsylvania,East,2023-07-23,527,1,486.66,121.98,486.66,Accessories,1,3,At_Risk
278,Elizabeth Adams,Nashua,New Hampshire,East,2023-04-22,619,1,644.29,60.66,644.29,Electronics,1,4,High_Value
279,Timothy Grant,Birmingham,Alabama,South,2024-11-24,37,1,624.32,179.05,624.32,Home & Furniture,5,3,Potential
280,Matthew Reeves,Glendale,Arizona,West,2024-11-04,57,1,166.5,45.95,166.5,Accessories,5,1,At_Risk
281,Logan Ramirez,Salem,Oregon,West,2024-12-31,0,1,673.4,75.61,673.4,Electronics,5,4,Champions
282,Stephanie Lang,Kansas City,Missouri,Centre,2024-09-07,115,1,880.61,283.53,880.61,Home & Furniture,4,4,Champions
283,Matthew Baker,Lincoln,Nebraska,Centre,2024-08-10,143,1,343.96,82.84,343.96,Clothing & Apparel,4,2,Potential
284,Jeffrey George,Hartford,Connecticut,East,2023-06-24,556,1,679.74,158.36,679.74,Clothing & Apparel,1,4,High_Value
285,Mrs. Karen Drake MD,San Antonio,Texas,South,2023-11-24,403,1,824.62,116.52,824.62,Electronics,3,4,Loyal
286,David Luna,Spokane,Washington,West,2024-11-14,47,1,409.37,60.77,409.37,Electronics,5,3,Potential
287,Julie Keller,Mobile,Alabama,South,2023-12-31,366,1,124.63,59.59,124.63,Accessories,3,1,At_Risk
288,Logan Jennings,Tallahassee,Florida,South,2024-07-19,165,1,790.08,202.11,790.08,Home & Furniture,4,4,Champions
289,Chelsey Lewis,Austin,Texas,South,2024-12-27,4,1,448.71,116.77,448.71,Clothing & Apparel,5,3,Potential
290,Luis Harris,Jacksonville,Florida,South,2024-05-16,229,1,213.45,80.97,213.45,Clothing & Apparel,4,2,Potential
291,Andrew Kim,Pittsburgh,Pennsylvania,East,2023-06-01,579,1,1662.98,321.96,1662.98,Home & Furniture,1,5,High_Value
292,Daniel Sanford,Los Angeles,California,West,2023-12-16,381,1,399.1,136.23,399.1,Accessories,3,3,Loyal
293,Gary Raymond,Jersey City,New Jersey,East,2023-12-04,393,1,450.89,93.23,450.89,Home & Furniture,3,3,Loyal
294,Nicole Parker,Spokane,Washington,West,2023-02-15,685,1,233.37,46.97,233.37,Clothing & Apparel,1,2,Lost
295,Robert Nichols,Boise,Idaho,West,2024-11-08,53,1,106.06,42.57,106.06,Accessories,5,1,At_Risk
296,Paul Torres,Wichita,Kansas,Centre,2023-12-14,383,1,300.92,98.13,300.92,Clothing & Apparel,3,2,At_Risk
297,Michael Perry,Boston,Massachusetts,East,2023-09-26,462,1,304.44,90.92,304.44,Accessories,2,2,Lost
298,Sherry Burgess,Wichita,Kansas,Centre,2024-04-13,262,1,1032.48,202.97,1032.48,Electronics,3,4,Loyal
299,Erik Waller,Milwaukee,Wisconsin,Centre,2023-01-31,700,1,80.64,31.78,80.64,Clothing & Apparel,1,1,Lost
300,Audrey Burke,Indianapolis,Indiana,Centre,2024-11-10,51,1,907.01,148.79,907.01,Home & Furniture,5,4,Champions
301,Cheryl Watson,Memphis,Tennessee,South,2024-06-24,190,1,396.39,163.01,396.39,Clothing & Apparel,4,3,Potential
302,Brittany Ortiz,Augusta,Maine,East,2024-06-23,191,1,2119.2,222.14,2119.2,Electronics,4,5,Champions
303,Scott Mendoza,Reno,Nevada,West,2023-08-23,496,1,157.02,46.76,157.02,Clothing & Apparel,2,1,Lost
304,Jasmine Buchanan,Grand Rapids,Michigan,Centre,2023-05-07,604,1,843.51,110.89,843.51,Electronics,1,4,High_Value
305,Abigail Hines,Boise,Idaho,West,2024-06-16,198,1,468.9,140.95,468.9,Clothing & Apparel,4,3,Potential
306,Melissa Little,Cheyenne,Wyoming,West,2024-04-19,256,1,911.88,292.22,911.88,Clothing & Apparel,3,4,Loyal
307,Robert Zuniga,Provo,Utah,West,2024-04-26,249,1,276.91,45.9,276.91,Electronics,3,2,At_Risk
308,Thomas Thomas,Portland,Oregon,West,2024-06-11,203,1,350.28,145.58,350.28,Clothing & Apparel,4,2,Potential
309,Kristen Castillo,Memphis,Tennessee,South,2024-10-22,70,1,384.21,57.5,384.21,Electronics,5,3,Potential
310,Alexandra Anthony,Little Rock,Arkansas,South,2024-04-29,246,1,335.32,117.58,335.32,Clothing & Apparel,4,2,Potential
311,Joseph Navarro,Tucson,Arizona,West,2023-09-26,462,1,957.44,132.73,957.44,Electronics,2,4,High_Value
312,Michele Burns,Provo,Utah,West,2024-10-06,86,1,654.84,139.01,654.84,Home & Furniture,4,4,Champions
313,Rebecca Santos,Cedar Rapids,Iowa,Centre,2023-10-18,440,1,681.47,174.23,681.47,Home & Furniture,2,4,High_Value
314,Taylor Gray,Manchester,New Hampshire,East,2023-09-29,459,1,2090.64,269.95,2090.64,Electronics,2,5,High_Value
315,Joel Brown,Fayetteville,Arkansas,South,2023-09-08,480,1,1134.39,348.73,1134.39,Home & Furniture,2,5,High_Value
316,Lee Hinton,Billings,Montana,West,2023-01-15,716,1,63.17,27.29,63.17,Accessories,1,1,Lost
317,Haley Craig,Des Moines,Iowa,Centre,2023-06-20,560,1,555.24,56.34,555.24,Electronics,1,3,At_Risk
318,Kevin Garcia,Lincoln,Nebraska,Centre,2024-10-13,79,1,1546.92,308.8,1546.92,Electronics,4,5,Champions
319,Stacy Richards,Boston,Massachusetts,East,2023-10-31,427,1,63.85,26.95,63.85,Clothing & Apparel,2,1,Lost
320,Cynthia Anderson,Wilmington,Delaware,East,2024-07-21,163,1,72.11,33.39,72.11,Accessories,4,1,At_Risk
321,Nicolas Holland MD,Pittsburgh,Pennsylvania,East,2024-11-15,46,1,281.1,26.75,281.1,Electronics,5,2,Potential
322,Cory Thomas,Augusta,Maine,East,2024-06-01,213,1,365.72,132.18,365.72,Accessories,4,2,Potential
323,Joel Allen,Pittsburgh,Pennsylvania,East,2024-10-21,71,1,244.86,87.38,244.86,Accessories,5,2,Potential
324,Kevin Anthony DVM,San Francisco,California,West,2023-02-19,681,1,531.64,221.75,531.64,Clothing & Apparel,1,3,At_Risk
325,James Werner,Worcester,Massachusetts,East,2024-09-01,121,1,117.62,21.65,117.62,Accessories,4,1,At_Risk
326,Morgan Green,Miami,Florida,South,2023-10-16,442,1,1084.94,144.77,1084.94,Home & Furniture,2,5,High_Value
327,Aaron Ramirez,Cincinnati,Ohio,Centre,2023-10-04,454,1,30.93,13.56,30.93,Clothing & Apparel,2,1,Lost
328,Sabrina Velasquez,Montpelier,Vermont,East,2023-06-29,551,1,1132.54,186.91,1132.54,Electronics,1,5,High_Value
329,Christopher Crawford,Baltimore,Maryland,East,2023-05-08,603,1,283.84,110.68,283.84,Clothing & Apparel,1,2,Lost
330,Maria Mathews,Wilmington,Delaware,East,2024-08-06,147,1,1050.06,145.85,1050.06,Electronics,4,5,Champions
331,Chris Wilkinson,Baltimore,Maryland,East,2023-12-08,389,1,1693.22,235.46,1693.22,Electronics,3,5,Loyal
332,Lindsay Hudson,Des Moines,Iowa,Centre,2023-05-10,601,1,621.4,153.98,621.4,Home & Furniture,1,3,At_Risk
333,Theresa Welch,Des Moines,Iowa,Centre,2024-03-01,305,1,122.05,35.71,122.05,Accessories,3,1,At_Risk
334,Rebecca Wells,Wilmington,Delaware,East,2023-02-21,679,1,560.19,73.93,560.19,Home & Furniture,1,3,At_Risk
335,Ashley Torres,Los Angeles,California,West,2023-12-26,371,1,522.04,135.84,522.04,Home & Furniture,3,3,Loyal
336,Robert Patton,Jersey City,New Jersey,East,2024-04-04,271,1,1737.4,258.42,1737.4,Electronics,3,5,Loyal
337,David Bennett,Boise,Idaho,West,2023-07-17,533,1,120.84,28.9,120.84,Clothing & Apparel,1,1,Lost
338,Calvin Smith,Billings,Montana,West,2023-10-20,438,1,91.24,39.99,91.24,Clothing & Apparel,2,1,Lost
339,Sarah Beasley,Cleveland,Ohio,Centre,2024-02-14,321,1,935.64,361.94,935.64,Accessories,3,4,Loyal
340,Daniel Juarez,Salt Lake City,Utah,West,2024-11-15,46,1,719.78,90.72,719.78,Electronics,5,4,Champions
341,Shannon Terrell,Missoula,Montana,West,2023-07-11,539,1,152.76,44.92,152.76,Clothing & Apparel,1,1,Lost
342,Sandra Ramirez,Topeka,Kansas,Centre,2024-02-10,325,1,2673.48,1171.48,2673.48,Clothing & Apparel,3,5,Loyal
343,Bradley Reynolds,Providence,Rhode Island,East,2023-09-28,460,1,71.38,26.6,71.38,Clothing & Apparel,2,1,Lost
344,Robert Martin,Topeka,Kansas,Centre,2024-08-18,135,1,223.6,44.91,223.6,Accessories,4,2,Potential
345,James Walker,Worcester,Massachusetts,East,2023-08-16,503,1,654.45,129.51,654.45,Home & Furniture,2,4,High_Value
346,John Webb,Cheyenne,Wyoming,West,2024-10-29,63,1,430.77,116.16,430.77,Home & Furniture,5,3,Potential
347,Joseph Williams,Little Rock,Arkansas,South,2024-09-21,101,1,750.18,248.68,750.18,Clothing & Apparel,4,4,Champions
348,Desiree Garcia,St. Paul,Minnesota,Centre,2024-09-17,105,1,287.5,50.35,287.5,Electronics,4,2,Potential
349,Ann Miller,Sacramento,California,West,2023-09-05,483,1,291.61,91.17,291.61,Clothing & Apparel,2,2,Lost
350,Michelle Clay,Cheyenne,Wyoming,West,2023-08-20,499,1,614.18,162.21,614.18,Clothing & Apparel,2,3,At_Risk
351,Kayla Warner,Burlington,Vermont,East,2024-04-12,263,1,428.08,150.19,428.08,Accessories,3,3,Loyal
352,Abigail Morton,Las Vegas,Nevada,West,2023-06-07,573,1,455.6,92.61,455.6,Clothing & Apparel,1,3,At_Risk
353,Shawn Wilson,Detroit,Michigan,Centre,2024-09-20,102,1,326.05,136.37,326.05,Clothing & Apparel,4,2,Potential
354,Steven Ward,Memphis,Tennessee,South,2024-11-04,57,1,755.0,84.66,755.0,Electronics,5,4,Champions
355,Larry Winters,Salem,Oregon,West,2024-11-28,33,1,352.44,107.94,352.44,Clothing & Apparel,5,2,Potential
356,Kim Morgan,Reno,Nevada,West,2024-03-27,279,1,2876.25,392.03,2876.25,Electronics,3,5,Loyal
357,Teresa Gonzalez,Lexington,Kentucky,South,2024-09-28,94,1,667.75,93.33,667.75,Electronics,4,4,Champions
358,Danielle Gordon,Hartford,Connecticut,East,2023-11-18,409,1,155.42,35.96,155.42,Clothing & Apparel,2,1,Lost
359,Mason Booth,Augusta,Maine,East,2024-07-05,179,1,3306.84,1148.93,3306.84,Home & Furniture,4,5,Champions
360,Bridget Ritter,Nashua,New Hampshire,East,2023-03-06,666,1,101.48,29.24,101.48,Clothing & Apparel,1,1,Lost
361,Kim Holt,Nashua,New Hampshire,East,2024-11-08,53,1,609.68,205.6,609.68,Clothing & Apparel,5,3,Potential
362,Benjamin Wong,Colorado Springs,Colorado,West,2024-12-13,18,1,618.68,102.57,618.68,Electronics,5,3,Potential
363,Kenneth Spencer,Provo,Utah,West,2023-10-11,447,1,55.26,12.43,55.26,Accessories,2,1,Lost
364,Erin Wallace,Cincinnati,Ohio,Centre,2024-04-10,265,1,1431.2,389.73,1431.2,Home & Furniture,3,5,Loyal
365,Yolanda Williams,Newark,New Jersey,East,2024-11-02,59,1,3918.08,714.95,3918.08,Home & Furniture,5,5,Champions
366,Jeremy Watson,Indianapolis,Indiana,Centre,2023-11-15,412,1,153.73,41.35,153.73,Home & Furniture,2,1,Lost
367,Sarah Gill,Pittsburgh,Pennsylvania,East,2024-11-22,39,2,2792.16,614.45,1396.08,Clothing & Apparel,5,5,Champions
368,Kyle Spencer,Chandler,Arizona,West,2024-12-21,10,1,833.02,112.88,833.02,Electronics,5,4,Champions
369,Tammy Morgan,Huntsville,Alabama,South,2023-11-03,424,1,441.62,124.76,441.62,Home & Furniture,2,3,At_Risk
370,Alexis Krueger,Newark,New Jersey,East,2023-11-25,402,1,625.5,105.79,625.5,Electronics,3,3,Loyal
371,Terri Perez MD,Mesa,Arizona,West,2024-11-02,59,1,116.76,55.31,116.76,Accessories,5,1,At_Risk
372,Kimberly Weaver,Grand Rapids,Michigan,Centre,2024-11-16,45,1,1021.69,314.23,1021.69,Home & Furniture,5,4,Champions
373,Janet Thomas,Jersey City,New Jersey,East,2023-10-02,456,1,1712.98,274.82,1712.98,Electronics,2,5,High_Value
374,Crystal Sandoval,Reno,Nevada,West,2023-12-23,374,1,223.14,53.54,223.14,Accessories,3,2,At_Risk
375,Latasha Conner,Glendale,Arizona,West,2023-11-04,423,1,1839.68,180.92,1839.68,Electronics,2,5,High_Value
376,Tyler Barker,Hartford,Connecticut,East,2023-09-28,460,1,204.66,22.67,204.66,Electronics,2,2,Lost
377,Lisa Bradley,Provo,Utah,West,2024-12-14,17,1,1675.9,655.64,1675.9,Clothing & Apparel,5,5,Champions
378,Christopher Haley,Sioux Falls,South Dakota,Centre,2024-09-23,99,1,171.54,41.15,171.54,Accessories,4,1,At_Risk
379,Daniel Smith,St. Paul,Minnesota,Centre,2023-12-26,371,2,578.54,228.58,289.27,Accessories,3,3,Loyal
380,Brittany Green,Albuquerque,New Mexico,West,2023-11-24,403,1,833.24,223.04,833.24,Clothing & Apparel,3,4,Loyal
381,Crystal Gregory,Jersey City,New Jersey,East,2023-11-13,414,1,42.36,12.78,42.36,Clothing & Apparel,2,1,Lost
382,Beverly Wolf,Billings,Montana,West,2024-11-17,44,1,932.68,256.02,932.68,Home & Furniture,5,4,Champions
383,Joanne Mcknight,Provo,Utah,West,2023-09-16,472,1,529.62,167.68,529.62,Accessories,2,3,At_Risk
384,Denise Taylor,Fayetteville,Arkansas,South,2024-12-09,22,1,152.08,47.27,152.08,Clothing & Apparel,5,1,At_Risk
385,Joseph Johnson,Providence,Rhode Island,East,2024-11-22,39,3,4034.04,557.28,1344.68,Electronics,5,5,Champions
386,Mary Lopez,Austin,Texas,South,2023-11-21,406,1,311.21,85.2,311.21,Clothing & Apparel,2,2,Lost
387,Shawn Anderson,Annapolis,Maryland,East,2023-01-12,719,1,904.66,188.15,904.66,Home & Furniture,1,4,High_Value
388,Michael King,Cheyenne,Wyoming,West,2024-03-19,287,1,613.54,212.45,613.54,Home & Furniture,3,3,Loyal
389,Mark Scott,Oklahoma City,Oklahoma,South,2024-12-20,11,1,461.82,125.38,461.82,Home & Furniture,5,3,Potential
390,James Torres,Dover,Delaware,East,2023-05-18,593,2,667.55,186.91,333.775,Clothing & Apparel,1,4,High_Value
391,Diane Bradley,Tucson,Arizona,West,2023-04-18,623,1,2463.48,320.05,2463.48,Home & Furniture,1,5,High_Value
392,Mark Jackson,Tucson,Arizona,West,2023-11-24,403,1,319.36,97.29,319.36,Clothing & Apparel,3,2,At_Risk
393,William Gross,Manchester,New Hampshire,East,2024-11-11,50,1,1179.98,407.07,1179.98,Home & Furniture,5,5,Champions
394,Andre Long,Montpelier,Vermont,East,2023-06-01,579,1,917.64,89.48,917.64,Electronics,1,4,High_Value
395,Richard Stephens,Baton Rouge,Louisiana,South,2024-11-18,43,1,3397.48,712.07,3397.48,Home & Furniture,5,5,Champions
396,Tracy Lewis,Oklahoma City,Oklahoma,South,2024-11-11,50,1,1407.42,243.97,1407.42,Electronics,5,5,Champions
397,Dana Fleming,Chandler,Arizona,West,2023-11-28,399,1,391.12,101.88,391.12,Accessories,3,3,Loyal
398,Megan Long,Salem,Oregon,West,2024-01-28,338,1,72.54,21.14,72.54,Clothing & Apparel,3,1,At_Risk
399,Joseph Bentley,Madison,Wisconsin,Centre,2024-08-01,152,1,254.64,85.71,254.64,Accessories,4,2,Potential
400,Robert Pennington,Missoula,Montana,West,2023-03-18,654,1,192.25,70.37,192.25,Clothing & Apparel,1,1,Lost
401,Wendy Decker,Salt Lake City,Utah,West,2024-12-24,7,1,203.25,96.36,203.25,Accessories,5,2,Potential
402,Evelyn Hernandez MD,Philadelphia,Pennsylvania,East,2024-05-21,224,1,1116.2,123.58,1116.2,Electronics,4,5,Champions
403,Miss Ashley Patterson MD,Jersey City,New Jersey,East,2023-10-02,456,1,1537.47,289.25,1537.47,Electronics,2,5,High_Value
404,Chad Carter,Miami,Florida,South,2024-02-12,323,1,1629.52,323.25,1629.52,Home & Furniture,3,5,Loyal
405,Beverly Gray,Memphis,Tennessee,South,2023-09-17,471,1,438.4,54.53,438.4,Electronics,2,3,At_Risk
406,Daniel Bowers,Nashua,New Hampshire,East,2023-09-25,463,1,483.16,139.41,483.16,Home & Furniture,2,3,At_Risk
407,Kiara Brady,Denver,Colorado,West,2024-06-11,203,1,609.3,303.53,609.3,Accessories,4,3,Potential
408,Stephen Grant,Orlando,Florida,South,2023-05-06,605,1,3842.12,377.44,3842.12,Electronics,1,5,High_Value
409,Andrea Rodriguez,Dover,Delaware,East,2024-08-16,137,1,1319.24,412.3,1319.24,Home & Furniture,4,5,Champions
410,Jacqueline Huerta,Dallas,Texas,South,2023-06-01,579,1,895.44,402.7,895.44,Clothing & Apparel,1,4,High_Value
411,Kimberly Mullen,Pittsburgh,Pennsylvania,East,2023-11-20,407,1,273.75,88.91,273.75,Home & Furniture,2,2,Lost
412,Matthew Howard,Montpelier,Vermont,East,2024-10-26,66,1,1626.24,354.33,1626.24,Home & Furniture,5,5,Champions
413,Suzanne Cisneros,Montpelier,Vermont,East,2024-11-25,36,1,1240.08,372.91,1240.08,Clothing & Apparel,5,5,Champions
414,Anthony Alexander,Augusta,Maine,East,2023-12-30,367,1,1389.6,560.19,1389.6,Clothing & Apparel,3,5,Loyal
415,Virginia Frederick,Sacramento,California,West,2023-02-01,699,1,2499.66,205.27,2499.66,Electronics,1,5,High_Value
416,Miss Shannon Harrison,Las Vegas,Nevada,West,2024-04-09,266,1,647.58,173.41,647.58,Clothing & Apparel,3,4,Loyal
417,Jordan Goodman,Denver,Colorado,West,2023-11-01,426,1,792.27,324.12,792.27,Clothing & Apparel,2,4,High_Value
418,Trevor Conley,Pittsburgh,Pennsylvania,East,2024-10-13,79,1,213.82,82.14,213.82,Accessories,4,2,Potential
419,Nancy Long,Huntsville,Alabama,South,2023-05-17,594,1,940.42,220.59,940.42,Home & Furniture,1,4,High_Value
420,Kristy Martin,Albuquerque,New Mexico,West,2024-04-21,254,1,1409.73,442.3,1409.73,Clothing & Apparel,3,5,Loyal
421,David Lopez,Montpelier,Vermont,East,2024-11-08,53,3,2723.16,446.16,907.72,Electronics,5,5,Champions
422,Amy Burke,Hartford,Connecticut,East,2023-09-24,464,1,794.97,325.14,794.97,Clothing & Apparel,2,4,High_Value
423,Christopher Hammond,Lexington,Kentucky,South,2023-08-16,503,1,638.06,196.7,638.06,Clothing & Apparel,2,4,High_Value
424,Christina Fuller,Wilmington,Delaware,East,2024-12-17,14,1,891.18,175.06,891.18,Electronics,5,4,Champions
425,Jack Shaw,Montpelier,Vermont,East,2024-11-01,60,1,321.55,50.73,321.55,Electronics,5,2,Potential
426,Nicholas Lawrence,Fargo,North Dakota,Centre,2023-05-13,598,1,4094.95,940.67,4094.95,Home & Furniture,1,5,High_Value
427,Ms. Carmen Townsend,Albuquerque,New Mexico,West,2023-06-01,579,1,137.56,39.52,137.56,Accessories,1,1,Lost
428,Tyler Gibson,Topeka,Kansas,Centre,2023-11-24,403,2,364.17,148.79000000000002,182.085,Clothing & Apparel,3,2,At_Risk
429,Tara Armstrong,Bismarck,North Dakota,Centre,2024-02-21,314,1,316.59,80.62,316.59,Clothing & Apparel,3,2,At_Risk
430,Megan Frederick,Dover,Delaware,East,2024-11-22,39,1,987.59,238.09,987.59,Home & Furniture,5,4,Champions
431,Matthew Coffey,Cheyenne,Wyoming,West,2023-12-29,368,1,730.36,177.65,730.36,Clothing & Apparel,3,4,Loyal
432,Christopher Carlson,Atlanta,Georgia,South,2023-04-27,614,1,823.76,105.13,823.76,Home & Furniture,1,4,High_Value
433,Crystal Johnson,Lincoln,Nebraska,Centre,2024-01-06,360,1,699.39,84.24,699.39,Electronics,3,4,Loyal
434,Anna Crawford,Sioux Falls,South Dakota,Centre,2023-05-13,598,1,613.58,121.92,613.58,Electronics,1,3,At_Risk
435,Paul Stevenson,Minneapolis,Minnesota,Centre,2024-10-17,75,1,673.42,120.96,673.42,Home & Furniture,5,4,Champions
436,Joanna Taylor,Miami,Florida,South,2024-03-31,275,1,767.16,217.41,767.16,Clothing & Apparel,3,4,Loyal
437,Calvin Colon,Memphis,Tennessee,South,2024-02-01,334,1,4685.59,658.69,4685.59,Home & Furniture,3,5,Loyal
438,Lindsay Martinez,Miami,Florida,South,2024-04-17,258,1,189.11,33.22,189.11,Electronics,3,1,At_Risk
439,Kristy Cook,Milwaukee,Wisconsin,Centre,2023-11-07,420,1,412.54,151.38,412.54,Accessories,2,3,At_Risk
440,Pam Harrington,Sioux Falls,South Dakota,Centre,2023-06-14,566,1,4150.95,577.74,4150.95,Electronics,1,5,High_Value
441,Eric Doyle,Philadelphia,Pennsylvania,East,2024-07-07,177,1,1002.56,127.28,1002.56,Electronics,4,4,Champions
442,Robert Perry,Jersey City,New Jersey,East,2024-09-26,96,2,3276.09,729.53,1638.045,Accessories,4,5,Champions
443,Yvette Ochoa,Boise,Idaho,West,2024-11-18,43,1,673.14,173.58,673.14,Clothing & Apparel,5,4,Champions
444,Jerry White,Fort Wayne,Indiana,Centre,2023-11-17,410,1,255.1,62.82,255.1,Home & Furniture,2,2,Lost
445,Patrick Rodriguez,Des Moines,Iowa,Centre,2023-11-07,420,1,297.82,144.56,297.82,Accessories,2,2,Lost
446,Vickie Smith,Boise,Idaho,West,2024-05-11,234,1,145.75,59.13,145.75,Accessories,4,1,At_Risk
447,Ralph Holland,Casper,Wyoming,West,2024-05-29,216,1,499.18,204.29,499.18,Clothing & Apparel,4,3,Potential
448,Darlene Myers,Aurora,Illinois,Centre,2024-05-22,223,1,92.04,31.68,92.04,Clothing & Apparel,4,1,At_Risk
449,Trevor Lindsey,Rapid City,South Dakota,Centre,2023-10-31,427,1,227.22,85.27,227.22,Accessories,2,2,Lost
450,Craig Garcia,Montpelier,Vermont,East,2024-04-09,266,1,1029.63,135.71,1029.63,Electronics,3,4,Loyal
451,Donald Martin,Omaha,Nebraska,Centre,2023-10-14,444,1,1877.25,380.55,1877.25,Home & Furniture,2,5,High_Value
452,David Williams,Columbus,Ohio,Centre,2023-10-24,434,1,289.56,105.86,289.56,Accessories,2,2,Lost
453,Christopher Simmons,Mobile,Alabama,South,2023-11-24,403,1,585.66,191.35,585.66,Clothing & Apparel,3,3,Loyal
454,Stephen Peterson,Jersey City,New Jersey,East,2023-11-30,397,1,239.92,56.91,239.92,Home & Furniture,3,2,At_Risk
455,Sara Marshall,Missoula,Montana,West,2024-05-18,227,1,246.9,39.01,246.9,Electronics,4,2,Potential
456,Michael Wright,Dover,Delaware,East,2024-11-13,48,2,1064.4899999999998,248.39,532.2449999999999,Home & Furniture,5,5,Champions
457,Patricia Waters,Grand Rapids,Michigan,Centre,2024-11-02,59,1,344.72,149.52,344.72,Clothing & Apparel,5,2,Potential
458,Joshua Mcintyre,New Haven,Connecticut,East,2023-02-18,682,1,953.44,200.51,953.44,Home & Furniture,1,4,High_Value
459,Mckenzie Juarez,Jersey City,New Jersey,East,2024-11-07,54,1,673.14,58.78,673.14,Electronics,5,4,Champions
460,Ian Williams,Boise,Idaho,West,2023-11-03,424,1,242.66,99.52,242.66,Accessories,2,2,Lost
461,Peter Ortiz,Phoenix,Arizona,West,2023-10-20,438,1,841.6,104.96,841.6,Electronics,2,4,High_Value
462,Mary Macdonald,Orlando,Florida,South,2024-07-12,172,1,766.67,99.43,766.67,Home & Furniture,4,4,Champions
463,David Mitchell,Little Rock,Arkansas,South,2024-06-26,188,1,2155.12,389.27,2155.12,Electronics,4,5,Champions
464,Cheryl Jones,Nashua,New Hampshire,East,2024-09-15,107,1,2961.99,336.92,2961.99,Electronics,4,5,Champions
465,Julia Kemp,San Francisco,California,West,2024-02-14,321,1,168.35,55.33,168.35,Clothing & Apparel,3,1,At_Risk
466,Danielle Malone,Santa Fe,New Mexico,West,2023-06-07,573,1,246.07,108.97,246.07,Accessories,1,2,Lost
467,Robert Davis,Nashua,New Hampshire,East,2024-01-08,358,1,1802.43,340.08,1802.43,Home & Furniture,3,5,Loyal
468,Tiffany Marshall,Baltimore,Maryland,East,2023-10-21,437,1,1160.14,376.38,1160.14,Home & Furniture,2,5,High_Value
469,Theresa Whitney,Santa Fe,New Mexico,West,2024-04-04,271,1,263.58,71.57,263.58,Home & Furniture,3,2,At_Risk
470,Patrick Werner,Oklahoma City,Oklahoma,South,2024-11-17,44,1,141.02,48.27,141.02,Accessories,5,1,At_Risk
471,Tara Anderson,Billings,Montana,West,2024-07-19,165,1,94.04,38.94,94.04,Clothing & Apparel,4,1,At_Risk
472,Amanda Guzman,Burlington,Vermont,East,2024-09-14,108,1,1151.62,137.42,1151.62,Electronics,4,5,Champions
473,Paul Watson,Springfield,Illinois,Centre,2024-05-20,225,1,1347.66,349.93,1347.66,Home & Furniture,4,5,Champions
474,Max Hopkins,Newark,New Jersey,East,2024-07-18,166,1,903.09,172.72,903.09,Electronics,4,4,Champions
475,Tara Vincent,Tampa,Florida,South,2024-12-19,12,1,321.91,77.19,321.91,Clothing & Apparel,5,2,Potential
476,Sarah Smith,Jersey City,New Jersey,East,2024-11-25,36,2,1198.21,250.18,599.105,Clothing & Apparel,5,5,Champions
477,Chase Davidson,Providence,Rhode Island,East,2023-09-22,466,1,696.35,212.18,696.35,Accessories,2,4,High_Value
478,Joshua Walker,Rapid City,South Dakota,Centre,2024-10-24,68,2,995.5,178.93,497.75,Clothing & Apparel,5,4,Champions
479,Crystal Williams,Salem,Oregon,West,2023-06-17,563,1,152.7,66.44,152.7,Clothing & Apparel,1,1,Lost
480,Cathy Hayes,Knoxville,Tennessee,South,2023-08-23,496,1,1016.4,282.42,1016.4,Clothing & Apparel,2,4,High_Value
481,Amanda Mckinney,Fargo,North Dakota,Centre,2023-11-03,424,1,1212.64,200.65,1212.64,Electronics,2,5,High_Value
482,Raymond Bolton,San Antonio,Texas,South,2023-03-16,656,1,774.78,136.56,774.78,Home & Furniture,1,4,High_Value
483,Nicole Levy,San Diego,California,West,2024-09-04,118,1,197.96,79.75,197.96,Accessories,4,2,Potential
484,Jonathan Hall,Tucson,Arizona,West,2024-10-09,83,1,105.52,30.9,105.52,Clothing & Apparel,4,1,At_Risk
485,Amanda Porter,Seattle,Washington,West,2024-12-30,1,1,474.76,115.54,474.76,Accessories,5,3,Potential
486,Alvin Herrera,Reno,Nevada,West,2024-03-09,297,1,113.51,25.92,113.51,Accessories,3,1,At_Risk
487,Harry Johnson,Montpelier,Vermont,East,2024-06-27,187,2,248.18,43.6,124.09,Electronics,4,2,Potential
488,Miss Danielle Lewis,St. Paul,Minnesota,Centre,2023-11-17,410,1,291.9,88.08,291.9,Accessories,2,2,Lost
489,Christopher Walker,Wichita,Kansas,Centre,2023-09-29,459,1,351.3,142.21,351.3,Clothing & Apparel,2,2,Lost
490,Tracy Fischer,Topeka,Kansas,Centre,2024-03-04,302,1,61.63,24.49,61.63,Clothing & Apparel,3,1,At_Risk
491,Rachel Pineda,Indianapolis,Indiana,Centre,2024-11-01,60,1,161.11,48.34,161.11,Clothing & Apparel,5,1,At_Risk
492,Nathan Reyes,Burlington,Vermont,East,2024-01-12,354,1,411.15,74.36,411.15,Home & Furniture,3,3,Loyal
493,Robert Farley,Philadelphia,Pennsylvania,East,2024-12-12,19,1,88.29,28.48,88.29,Accessories,5,1,At_Risk
494,Kyle Lopez,Boise,Idaho,West,2023-09-27,461,1,910.59,126.93,910.59,Home & Furniture,2,4,High_Value
495,Rebekah Salazar,Los Angeles,California,West,2024-11-15,46,1,275.56,123.8,275.56,Clothing & Apparel,5,2,Potential
496,Kenneth Johnston,Wilmington,Delaware,East,2024-11-15,46,1,392.41,108.07,392.41,Clothing & Apparel,5,3,Potential
497,Gary Curtis,Manchester,New Hampshire,East,2024-12-18,13,1,274.6,66.42,274.6,Accessories,5,2,Potential
498,William Cooper,Aurora,Illinois,Centre,2023-12-30,367,1,568.36,247.0,568.36,Clothing & Apparel,3,3,Loyal
499,Amy Morris,Denver,Colorado,West,2023-11-01,426,1,158.77,49.78,158.77,Clothing & Apparel,2,1,Lost
500,Stephanie Glenn,Lincoln,Nebraska,Centre,2023-01-20,711,1,2612.16,740.33,2612.16,Home & Furniture,1,5,High_Value
501,Rebecca Peterson,Sioux Falls,South Dakota,Centre,2023-06-23,557,1,55.3,16.71,55.3,Clothing & Apparel,1,1,Lost
502,Michael White,Denver,Colorado,West,2024-07-26,158,1,684.64,88.21,684.64,Electronics,4,4,Champions
503,Antonio Berry,Worcester,Massachusetts,East,2023-03-28,644,1,276.85,68.08,276.85,Clothing & Apparel,1,2,Lost
504,Tristan Wise,Savannah,Georgia,South,2023-07-16,534,1,642.76,77.96,642.76,Home & Furniture,1,4,High_Value
505,Joshua Green,New Haven,Connecticut,East,2024-10-10,82,1,937.22,290.69,937.22,Home & Furniture,4,4,Champions
506,Jason Johnson,Seattle,Washington,West,2023-11-17,410,1,211.68,38.98,211.68,Accessories,2,2,Lost
507,Rebecca Mann,Provo,Utah,West,2024-12-06,25,1,1636.6,609.79,1636.6,Clothing & Apparel,5,5,Champions
508,Ronald Zimmerman,Denver,Colorado,West,2023-04-08,633,1,1360.44,111.01,1360.44,Electronics,1,5,High_Value
509,Patricia Perez,New Orleans,Louisiana,South,2024-09-07,115,1,95.65,24.19,95.65,Clothing & Apparel,4,1,At_Risk
510,Laura Mata,Salt Lake City,Utah,West,2023-12-11,386,1,1050.0,141.59,1050.0,Electronics,3,5,Loyal
511,Barbara Bennett,Newark,New Jersey,East,2024-12-23,8,1,685.75,130.12,685.75,Electronics,5,4,Champions
512,Michael Calderon,Springfield,Illinois,Centre,2023-11-04,423,1,772.01,122.16,772.01,Home & Furniture,2,4,High_Value
513,Jennifer Ruiz,Burlington,Vermont,East,2023-08-15,504,1,750.29,121.93,750.29,Home & Furniture,2,4,High_Value
514,David Potter,Hartford,Connecticut,East,2024-01-30,336,1,387.6,105.69,387.6,Accessories,3,3,Loyal
515,Heather Stevens,Philadelphia,Pennsylvania,East,2024-11-21,40,1,440.14,129.56,440.14,Home & Furniture,5,3,Potential
516,Chad Martinez,Dallas,Texas,South,2024-11-09,52,1,1001.33,168.59,1001.33,Electronics,5,4,Champions
517,Charles Blackburn,Seattle,Washington,West,2024-05-22,223,1,83.62,22.19,83.62,Clothing & Apparel,4,1,At_Risk
518,Lori Stephenson,New Haven,Connecticut,East,2024-06-16,198,1,313.16,91.8,313.16,Clothing & Apparel,4,2,Potential
519,Daniel Silva,Casper,Wyoming,West,2024-09-11,111,1,1691.04,363.76,1691.04,Home & Furniture,4,5,Champions
520,Carlos Beck,Mobile,Alabama,South,2023-07-11,539,1,1866.54,257.08,1866.54,Electronics,1,5,High_Value
521,Peter Bowman,Missoula,Montana,West,2023-11-01,426,1,126.21,30.47,126.21,Accessories,2,1,Lost
522,David Patterson MD,Cleveland,Ohio,Centre,2023-03-04,668,1,148.46,32.45,148.46,Home & Furniture,1,1,Lost
523,Anthony Schmidt,St. Paul,Minnesota,Centre,2024-09-29,93,1,645.75,98.56,645.75,Electronics,4,4,Champions
524,Bethany Summers,Wichita,Kansas,Centre,2024-06-05,209,1,610.4,75.09,610.4,Home & Furniture,4,3,Potential
525,Sheila Bruce,Houston,Texas,South,2024-01-14,352,1,2336.64,254.18,2336.64,Electronics,3,5,Loyal
526,Jessica Riggs,Chandler,Arizona,West,2024-11-08,53,1,1559.2,214.92,1559.2,Electronics,5,5,Champions
527,Laura Collins,Nashua,New Hampshire,East,2024-03-17,289,1,824.86,196.77,824.86,Home & Furniture,3,4,Loyal
528,Cynthia Case,Fort Smith,Arkansas,South,2024-11-02,59,1,931.55,110.02,931.55,Electronics,5,4,Champions
529,Alex Hill,Savannah,Georgia,South,2024-07-25,159,1,208.96,63.58,208.96,Accessories,4,2,Potential
530,Amanda Gonzales,New Haven,Connecticut,East,2023-03-25,647,1,177.9,88.07,177.9,Accessories,1,1,Lost
531,Joshua Ferguson,Rapid City,South Dakota,Centre,2023-04-06,635,1,1135.02,145.81,1135.02,Home & Furniture,1,5,High_Value
532,James Bennett,Providence,Rhode Island,East,2024-12-28,3,1,329.51,102.5,329.51,Clothing & Apparel,5,2,Potential
533,Tracy Davis,Burlington,Vermont,East,2024-11-25,36,2,471.9,152.92,235.95,Accessories,5,3,Potential
534,Angela Bennett,Montpelier,Vermont,East,2024-01-04,362,1,405.9,143.14,405.9,Clothing & Apparel,3,3,Loyal
535,John Ramirez,Jersey City,New Jersey,East,2023-11-10,417,1,270.72,71.51,270.72,Home & Furniture,2,2,Lost
536,Daniel Torres,Spokane,Washington,West,2023-12-22,375,1,853.17,96.11,853.17,Electronics,3,4,Loyal
537,Robert Gill,Mesa,Arizona,West,2024-12-12,19,1,202.14,57.24,202.14,Accessories,5,2,Potential
538,Kaitlyn Clark,New York City,New York,East,2023-11-13,414,1,270.38,69.69,270.38,Clothing & Apparel,2,2,Lost
539,Michael Stewart,Mesa,Arizona,West,2024-05-30,215,2,362.31,99.54,181.155,Accessories,4,2,Potential
540,Matthew Lam MD,Fargo,North Dakota,Centre,2024-04-17,258,1,311.93,38.45,311.93,Electronics,3,2,At_Risk
541,Christopher Richardson,Jersey City,New Jersey,East,2024-04-13,262,1,615.21,118.92,615.21,Electronics,3,3,Loyal
542,Elizabeth Robles,Birmingham,Alabama,South,2023-10-23,435,1,461.37,41.63,461.37,Electronics,2,3,At_Risk
543,Cameron Bennett,St. Louis,Missouri,Centre,2024-03-29,277,1,393.06,175.42,393.06,Clothing & Apparel,3,3,Loyal
544,David Rodriguez,Provo,Utah,West,2023-11-13,414,1,142.92,53.29,142.92,Accessories,2,1,Lost
545,Timothy Nguyen,Portland,Oregon,West,2024-12-12,19,1,342.56,144.98,342.56,Accessories,5,2,Potential
546,George Hoover,Grand Rapids,Michigan,Centre,2024-07-06,178,1,3121.08,267.76,3121.08,Electronics,4,5,Champions
547,James Hanson,Annapolis,Maryland,East,2023-11-22,405,1,152.1,50.52,152.1,Accessories,2,1,Lost
548,Terri Allison,Burlington,Vermont,East,2023-10-23,435,1,3947.64,494.67,3947.64,Electronics,2,5,High_Value
549,Brian Jackson,Knoxville,Tennessee,South,2024-11-17,44,1,206.7,39.44,206.7,Home & Furniture,5,2,Potential
550,Maria Turner,Huntsville,Alabama,South,2024-10-19,73,1,1767.8,675.74,1767.8,Clothing & Apparel,5,5,Champions
551,Michael Jones,Phoenix,Arizona,West,2023-10-14,444,1,2020.78,231.41,2020.78,Electronics,2,5,High_Value
552,Julie Mcintyre,Cedar Rapids,Iowa,Centre,2024-08-03,150,1,1326.57,512.73,1326.57,Clothing & Apparel,4,5,Champions
553,Kristen Flores,Nashua,New Hampshire,East,2023-06-10,570,1,225.26,87.35,225.26,Clothing & Apparel,1,2,Lost
554,Autumn Flores,Tulsa,Oklahoma,South,2023-10-14,444,1,883.05,162.27,883.05,Home & Furniture,2,4,High_Value
555,Tommy Malone,Burlington,Vermont,East,2024-05-27,218,1,881.22,134.65,881.22,Home & Furniture,4,4,Champions
556,Ronald White,Mesa,Arizona,West,2023-10-02,456,1,214.56,65.94,214.56,Accessories,2,2,Lost
557,David Davis,St. Paul,Minnesota,Centre,2024-12-05,26,2,735.65,162.94,367.825,Accessories,5,4,Champions
558,John Cruz,Missoula,Montana,West,2024-03-15,291,1,1818.78,244.88,1818.78,Electronics,3,5,Loyal
559,Elizabeth Smith,New York City,New York,East,2023-08-12,507,1,776.04,144.67,776.04,Accessories,2,4,High_Value
560,Michael Tate,Little Rock,Arkansas,South,2024-07-30,154,1,214.9,84.71,214.9,Clothing & Apparel,4,2,Potential
561,Patricia Hopkins,New York City,New York,East,2024-09-05,117,1,67.47,19.98,67.47,Accessories,4,1,At_Risk
562,Marcus Johnson,Salem,Oregon,West,2023-12-08,389,1,731.12,66.03,731.12,Electronics,3,4,Loyal
563,Christine Nicholson,Wichita,Kansas,Centre,2024-07-16,168,1,336.18,90.3,336.18,Home & Furniture,4,2,Potential
564,William Hubbard,Rochester,New York,East,2023-01-20,711,1,258.47,98.81,258.47,Clothing & Apparel,1,2,Lost
565,Adam Smith,Tuscaloosa,Alabama,South,2024-11-10,51,1,423.07,127.3,423.07,Clothing & Apparel,5,3,Potential
566,Matthew Vargas,Seattle,Washington,West,2024-09-09,113,1,459.46,124.42,459.46,Clothing & Apparel,4,3,Potential
567,April Cameron,Missoula,Montana,West,2023-06-06,574,1,990.48,365.68,990.48,Clothing & Apparel,1,4,High_Value
568,Michele Bailey,Cedar Rapids,Iowa,Centre,2023-05-19,592,1,81.61,23.27,81.61,Clothing & Apparel,1,1,Lost
569,Daniel Wilson,Huntsville,Alabama,South,2024-03-19,287,1,496.38,172.88,496.38,Clothing & Apparel,3,3,Loyal
570,William Lyons,Lexington,Kentucky,South,2024-06-12,202,1,1335.12,582.17,1335.12,Clothing & Apparel,4,5,Champions
571,Joseph Butler,Casper,Wyoming,West,2023-10-31,427,1,234.39,89.17,234.39,Clothing & Apparel,2,2,Lost
572,Ronald Rhodes,Chicago,Illinois,Centre,2024-05-01,244,1,626.88,160.58,626.88,Clothing & Apparel,4,3,Potential
573,Nathan Caldwell,Madison,Wisconsin,Centre,2024-09-24,98,1,106.63,12.05,106.63,Electronics,4,1,At_Risk
574,Johnny Collins,Springfield,Illinois,Centre,2024-06-17,197,1,498.7,168.46,498.7,Clothing & Apparel,4,3,Potential
575,Michael Collins,Cedar Rapids,Iowa,Centre,2024-10-06,86,1,313.1,85.73,313.1,Clothing & Apparel,4,2,Potential
576,Victoria Green,Milwaukee,Wisconsin,Centre,2024-12-04,27,1,972.88,324.42,972.88,Clothing & Apparel,5,4,Champions
577,Stephen Rivera,Nashua,New Hampshire,East,2023-06-09,571,1,1124.88,204.33,1124.88,Home & Furniture,1,5,High_Value
578,Robert Banks,Hartford,Connecticut,East,2023-08-29,490,1,696.93,154.52,696.93,Accessories,2,4,High_Value
579,Elizabeth Daugherty,Phoenix,Arizona,West,2024-09-12,110,1,1007.61,264.84,1007.61,Home & Furniture,4,4,Champions
580,Heather Moran,Glendale,Arizona,West,2023-11-03,424,1,757.34,220.94,757.34,Clothing & Apparel,2,4,High_Value
581,Benjamin Olsen,Montpelier,Vermont,East,2023-07-01,549,1,800.86,169.09,800.86,Clothing & Apparel,1,4,High_Value
582,Gregory Miller,Des Moines,Iowa,Centre,2024-11-11,50,2,1141.98,286.53,570.99,Home & Furniture,5,5,Champions
583,Laurie Huang,Albuquerque,New Mexico,West,2024-11-14,47,1,222.83,43.6,222.83,Electronics,5,2,Potential
584,Stacey Adams,Portland,Oregon,West,2024-01-29,337,1,1516.98,298.4,1516.98,Electronics,3,5,Loyal
585,Michael Mccarthy,Fort Wayne,Indiana,Centre,2024-08-13,140,1,739.7,264.83,739.7,Clothing & Apparel,4,4,Champions
586,Mrs. Katelyn Lopez,Glendale,Arizona,West,2023-11-16,411,1,947.05,257.32,947.05,Home & Furniture,2,4,High_Value
587,Larry Ortiz,Charleston,West Virginia,South,2024-01-11,355,1,396.08,55.86,396.08,Home & Furniture,3,3,Loyal
588,Lindsey Anderson,Glendale,Arizona,West,2023-10-01,457,1,873.72,302.52,873.72,Clothing & Apparel,2,4,High_Value
589,Justin Ward,Atlanta,Georgia,South,2023-12-29,368,1,379.38,42.5,379.38,Electronics,3,3,Loyal
590,Tiffany Smith,Sioux Falls,South Dakota,Centre,2024-12-19,12,2,1724.52,342.6,862.26,Clothing & Apparel,5,5,Champions
591,Jennifer Russell,Montpelier,Vermont,East,2023-12-15,382,1,830.44,253.93,830.44,Home & Furniture,3,4,Loyal
592,Leonard Pratt,Huntsville,Alabama,South,2024-12-15,16,1,296.03,63.19,296.03,Clothing & Apparel,5,2,Potential
593,Brian Patrick,Providence,Rhode Island,East,2024-10-30,62,1,1068.64,334.95,1068.64,Home & Furniture,5,5,Champions
594,Jessica Mckenzie,Hartford,Connecticut,East,2023-08-10,509,1,68.03,15.41,68.03,Accessories,2,1,Lost
595,Mr. Chris Carter,Sacramento,California,West,2023-04-03,638,1,246.42,58.18,246.42,Home & Furniture,1,2,Lost
596,Alexandria Robinson,Austin,Texas,South,2024-12-22,9,1,2060.0,514.09,2060.0,Home & Furniture,5,5,Champions
597,Laura Mckenzie,Jersey City,New Jersey,East,2023-11-21,406,1,263.09,64.89,263.09,Home & Furniture,2,2,Lost
598,John Singh,Boise,Idaho,West,2023-04-16,625,1,692.88,339.44,692.88,Accessories,1,4,High_Value
599,Mark Bauer,Augusta,Maine,East,2024-09-23,99,1,1571.54,503.55,1571.54,Home & Furniture,4,5,Champions
600,Michael Davenport,Cheyenne,Wyoming,West,2023-06-14,566,1,975.75,185.95,975.75,Electronics,1,4,High_Value
601,Zachary Salinas,Oklahoma City,Oklahoma,South,2023-09-01,487,1,834.8,125.91,834.8,Electronics,2,4,High_Value
602,Stacey Jackson,Denver,Colorado,West,2023-03-01,671,1,395.45,54.19,395.45,Electronics,1,3,At_Risk
603,Christina Le,Cedar Rapids,Iowa,Centre,2024-10-15,77,1,154.71,42.8,154.71,Home & Furniture,4,1,At_Risk
604,Brandon King,San Diego,California,West,2023-11-30,397,1,1946.7,633.8,1946.7,Home & Furniture,3,5,Loyal
605,John Tran,Billings,Montana,West,2023-11-25,402,1,187.17,88.32,187.17,Accessories,3,1,At_Risk
606,Angela Shaw,Springfield,Illinois,Centre,2023-01-24,707,1,637.93,160.52,637.93,Home & Furniture,1,4,High_Value
607,Erik Rogers,Fargo,North Dakota,Centre,2023-03-20,652,1,86.98,29.77,86.98,Clothing & Apparel,1,1,Lost
608,Sean Banks,Birmingham,Alabama,South,2024-02-07,328,1,710.08,243.46,710.08,Home & Furniture,3,4,Loyal
609,Kristen Jackson,Cheyenne,Wyoming,West,2024-02-17,318,1,211.74,72.37,211.74,Clothing & Apparel,3,2,At_Risk
610,Jamie Sanchez,Knoxville,Tennessee,South,2023-09-02,486,1,133.51,38.0,133.51,Clothing & Apparel,2,1,Lost
611,Amber Eaton,Phoenix,Arizona,West,2024-12-06,25,1,204.14,80.64,204.14,Accessories,5,2,Potential
612,Eric Allen,Augusta,Maine,East,2024-11-18,43,1,320.04,38.14,320.04,Electronics,5,2,Potential
613,Stephanie Phillips,Fort Smith,Arkansas,South,2024-08-07,146,1,734.94,296.35,734.94,Clothing & Apparel,4,4,Champions
614,Edward Cook,Baton Rouge,Louisiana,South,2024-12-10,21,1,1175.64,326.64,1175.64,Home & Furniture,5,5,Champions
615,Stephen Graves,Memphis,Tennessee,South,2023-08-26,493,1,305.68,63.49,305.68,Clothing & Apparel,2,2,Lost
616,Kristin Gill,Pittsburgh,Pennsylvania,East,2024-10-20,72,1,642.92,73.07,642.92,Electronics,5,4,Champions
617,Crystal Black,Salem,Oregon,West,2024-04-13,262,1,178.39,38.32,178.39,Clothing & Apparel,3,1,At_Risk
618,Tracy Weaver,Huntington,West Virginia,South,2023-11-27,400,1,323.28,92.29,323.28,Accessories,3,2,At_Risk
619,James Wells,Billings,Montana,West,2024-11-16,45,1,493.72,87.43,493.72,Electronics,5,3,Potential
620,Sheila Tate,Tucson,Arizona,West,2023-11-05,422,1,648.3,198.52,648.3,Clothing & Apparel,2,4,High_Value
621,Dr. Jason Johnson MD,St. Louis,Missouri,Centre,2024-11-04,57,1,319.27,89.75,319.27,Clothing & Apparel,5,2,Potential
622,Amanda Jones,Montpelier,Vermont,East,2024-11-30,31,2,1913.45,347.17,956.725,Accessories,5,5,Champions
623,Gabriel Richards,Lincoln,Nebraska,Centre,2023-11-18,409,1,4547.7,1556.47,4547.7,Home & Furniture,2,5,High_Value
624,Dawn Williams,Hartford,Connecticut,East,2024-06-24,190,1,1561.04,527.82,1561.04,Home & Furniture,4,5,Champions
625,William Johnson,New York City,New York,East,2023-10-24,434,2,253.37,108.37,126.685,Accessories,2,2,Lost
626,Danielle Hull,Casper,Wyoming,West,2024-01-23,343,1,241.03,73.44,241.03,Accessories,3,2,At_Risk
627,Gina Moore,Baltimore,Maryland,East,2023-10-04,454,1,3045.75,555.47,3045.75,Electronics,2,5,High_Value
628,Ms. Ann Jackson,Albuquerque,New Mexico,West,2023-11-20,407,1,517.38,152.94,517.38,Clothing & Apparel,2,3,At_Risk
629,Bradley Medina,Springfield,Illinois,Centre,2023-10-23,435,1,205.62,43.93,205.62,Accessories,2,2,Lost
630,Nicole French,Cedar Rapids,Iowa,Centre,2024-12-16,15,1,818.16,180.58,818.16,Home & Furniture,5,4,Champions
631,Olivia Brown,Nashua,New Hampshire,East,2024-01-27,339,1,127.41,35.05,127.41,Accessories,3,1,At_Risk
632,Margaret Guzman,Denver,Colorado,West,2024-11-14,47,1,366.75,52.17,366.75,Electronics,5,2,Potential
633,George Shah,Baltimore,Maryland,East,2024-01-08,358,1,734.26,104.29,734.26,Home & Furniture,3,4,Loyal
634,Patrick Davis,Pittsburgh,Pennsylvania,East,2023-11-15,412,1,343.13,103.8,343.13,Home & Furniture,2,2,Lost
635,Amber Frost,Cincinnati,Ohio,Centre,2023-12-25,372,1,115.71,29.52,115.71,Home & Furniture,3,1,At_Risk
636,Keith Sullivan,New Haven,Connecticut,East,2024-06-27,187,1,743.81,114.68,743.81,Home & Furniture,4,4,Champions
637,Morgan Crosby,Birmingham,Alabama,South,2023-11-10,417,1,617.1,169.58,617.1,Home & Furniture,2,3,At_Risk
638,Richard Steele,Nashua,New Hampshire,East,2023-11-12,415,1,107.15,24.49,107.15,Clothing & Apparel,2,1,Lost
639,Michael Johnson,Lexington,Kentucky,South,2023-11-05,422,1,1011.6,119.32,1011.6,Electronics,2,4,High_Value
640,Mrs. Shelley Fisher MD,Jacksonville,Florida,South,2024-01-20,346,1,697.33,119.91,697.33,Electronics,3,4,Loyal
641,Carl Hudson,Chandler,Arizona,West,2023-12-25,372,1,159.74,52.96,159.74,Accessories,3,1,At_Risk
642,Kimberly Ford,Jersey City,New Jersey,East,2023-04-02,639,1,219.58,96.01,219.58,Accessories,1,2,Lost
643,Dr. Todd Bryant,Louisville,Kentucky,South,2024-02-14,321,1,1303.24,430.1,1303.24,Clothing & Apparel,3,5,Loyal
644,Brittany Mooney,New York City,New York,East,2023-12-14,383,1,460.2,120.72,460.2,Clothing & Apparel,3,3,Loyal
645,Jillian Haley,Burlington,Vermont,East,2023-05-09,602,1,273.94,83.87,273.94,Clothing & Apparel,1,2,Lost
646,Katherine Good,Albuquerque,New Mexico,West,2023-03-31,641,1,1864.58,226.96,1864.58,Electronics,1,5,High_Value
647,Kyle Casey,Mesa,Arizona,West,2023-11-29,398,1,2702.68,416.31,2702.68,Electronics,3,5,Loyal
648,John Smith PhD,Wilmington,Delaware,East,2023-01-28,703,1,1219.02,140.42,1219.02,Electronics,1,5,High_Value
649,Robin Thompson,Augusta,Maine,East,2023-06-02,578,1,553.39,103.27,553.39,Home & Furniture,1,3,At_Risk
650,Robert Wilkins,New York City,New York,East,2024-10-09,83,1,603.02,89.49,603.02,Home & Furniture,4,3,Potential
651,Mark Johnson,Louisville,Kentucky,South,2024-12-06,25,1,151.39,47.08,151.39,Home & Furniture,5,1,At_Risk
652,Daniel Pollard,Boise,Idaho,West,2023-10-15,443,1,1469.24,208.1,1469.24,Electronics,2,5,High_Value
653,Jeffrey Garcia,Reno,Nevada,West,2023-08-19,500,1,113.72,25.91,113.72,Clothing & Apparel,2,1,Lost
654,Ricky Thompson,Boston,Massachusetts,East,2024-09-15,107,1,556.88,73.05,556.88,Home & Furniture,4,3,Potential
655,Johnathan Edwards,Salt Lake City,Utah,West,2023-02-05,695,1,1109.92,261.59,1109.92,Home & Furniture,1,5,High_Value
656,Jason Moore,Wilmington,Delaware,East,2024-05-03,242,1,222.26,107.86,222.26,Accessories,4,2,Potential
657,Joshua Kelly DDS,Montpelier,Vermont,East,2023-03-11,661,1,213.18,56.5,213.18,Accessories,1,2,Lost
658,Karen Garcia,Newark,New Jersey,East,2023-01-13,718,1,988.04,208.1,988.04,Accessories,1,4,High_Value
659,Aaron Anderson,Casper,Wyoming,West,2024-10-10,82,1,426.88,131.19,426.88,Accessories,4,3,Potential
660,Joshua Wilson,Spokane,Washington,West,2024-12-24,7,1,768.22,132.18,768.22,Electronics,5,4,Champions
661,Jacob Taylor,St. Paul,Minnesota,Centre,2023-11-18,409,1,94.92,33.06,94.92,Clothing & Apparel,2,1,Lost
662,Dr. Michael Mcknight,Rapid City,South Dakota,Centre,2023-10-01,457,1,2408.8,379.91,2408.8,Electronics,2,5,High_Value
663,Christopher Giles,Burlington,Vermont,East,2023-09-23,465,1,385.74,36.02,385.74,Electronics,2,3,At_Risk
664,Elizabeth Bennett,Sioux Falls,South Dakota,Centre,2024-10-30,62,1,855.16,314.92,855.16,Clothing & Apparel,5,4,Champions
665,Michael Barnes,Mesa,Arizona,West,2024-08-17,136,1,1137.9,187.64,1137.9,Electronics,4,5,Champions
666,Brian Guzman,Boston,Massachusetts,East,2023-08-28,491,1,671.84,59.73,671.84,Electronics,2,4,High_Value
667,Mrs. Taylor Vang,St. Paul,Minnesota,Centre,2023-12-03,394,1,438.55,195.28,438.55,Clothing & Apparel,3,3,Loyal
668,Angela Williams,Charleston,West Virginia,South,2024-10-12,80,1,1658.82,245.19,1658.82,Electronics,4,5,Champions
669,Julia Malone,Austin,Texas,South,2024-09-08,114,1,124.85,22.27,124.85,Electronics,4,1,At_Risk
670,James Rice,Nashua,New Hampshire,East,2023-01-22,709,1,125.78,20.59,125.78,Electronics,1,1,Lost
671,Jennifer Trujillo,Las Vegas,Nevada,West,2023-11-13,414,1,900.28,400.05,900.28,Clothing & Apparel,2,4,High_Value
672,Toni White,Montpelier,Vermont,East,2023-05-05,606,1,1179.7,151.89,1179.7,Home & Furniture,1,5,High_Value
673,John Estes,Burlington,Vermont,East,2024-01-24,342,1,4494.8,424.26,4494.8,Electronics,3,5,Loyal
674,James Perry,Des Moines,Iowa,Centre,2023-12-18,379,1,534.78,138.07,534.78,Clothing & Apparel,3,3,Loyal
675,Angela Kramer,St. Paul,Minnesota,Centre,2023-11-08,419,1,176.08,44.24,176.08,Clothing & Apparel,2,1,Lost
676,Lori Chaney,Charleston,West Virginia,South,2023-07-29,521,1,692.48,172.62,692.48,Clothing & Apparel,2,4,High_Value
677,Terry Jensen,Sacramento,California,West,2023-10-11,447,1,2167.88,423.36,2167.88,Electronics,2,5,High_Value
678,Scott Vance,San Francisco,California,West,2023-04-15,626,1,340.45,95.21,340.45,Clothing & Apparel,1,2,Lost
679,Jennifer Erickson,Hartford,Connecticut,East,2024-12-20,11,1,1017.81,250.99,1017.81,Clothing & Apparel,5,4,Champions
680,Raymond Webb,Dover,Delaware,East,2024-02-28,307,1,443.96,160.25,443.96,Accessories,3,3,Loyal
681,Jennifer Reynolds,Pittsburgh,Pennsylvania,East,2023-10-13,445,1,2819.73,534.77,2819.73,Electronics,2,5,High_Value
682,Vicki Parker,Boston,Massachusetts,East,2024-11-24,37,1,225.57,76.53,225.57,Home & Furniture,5,2,Potential
683,Daniel Jones,Chandler,Arizona,West,2023-12-22,375,1,137.27,32.19,137.27,Home & Furniture,3,1,At_Risk
684,Julie Thompson,St. Louis,Missouri,Centre,2023-10-12,446,1,1864.56,299.18,1864.56,Electronics,2,5,High_Value
685,Mary Parker,Las Vegas,Nevada,West,2024-06-23,191,1,365.8,46.5,365.8,Electronics,4,2,Potential
686,Ryan Richard,Newark,New Jersey,East,2024-04-15,260,1,288.02,100.22,288.02,Home & Furniture,3,2,At_Risk
687,Juan Escobar,Detroit,Michigan,Centre,2023-09-03,485,1,1290.65,215.69,1290.65,Electronics,2,5,High_Value
688,Angela Hardy,Charleston,West Virginia,South,2023-03-22,650,1,958.06,87.07,958.06,Electronics,1,4,High_Value
689,Nancy Rogers,San Jose,California,West,2024-06-03,211,1,619.45,91.56,619.45,Electronics,4,3,Potential
690,William Thompson,New York City,New York,East,2024-12-21,10,1,386.58,154.93,386.58,Clothing & Apparel,5,3,Potential
691,Keith Simpson,Montpelier,Vermont,East,2024-05-02,243,1,992.28,252.97,992.28,Home & Furniture,4,4,Champions
692,Gregory Sanchez,San Diego,California,West,2024-11-05,56,1,420.24,132.74,420.24,Clothing & Apparel,5,3,Potential
693,Kenneth Lang,Phoenix,Arizona,West,2023-07-25,525,1,168.05,62.92,168.05,Clothing & Apparel,1,1,Lost
694,Andrea Gomez,Augusta,Maine,East,2024-03-15,291,2,3263.6800000000003,333.08,1631.84,Electronics,3,5,Loyal
695,Emily Edwards,Casper,Wyoming,West,2024-06-02,212,1,437.13,72.1,437.13,Electronics,4,3,Potential
696,Barry Phelps,Newark,New Jersey,East,2024-08-25,128,1,225.83,39.79,225.83,Home & Furniture,4,2,Potential
697,Brandon Harris,New York City,New York,East,2024-06-06,208,1,3777.06,559.92,3777.06,Electronics,4,5,Champions
698,Meghan Mullins,Boise,Idaho,West,2024-11-28,33,1,1718.14,260.93,1718.14,Electronics,5,5,Champions
699,Bryan Townsend,Jacksonville,Florida,South,2023-12-06,391,1,70.53,17.35,70.53,Home & Furniture,3,1,At_Risk
700,David Williams,Aurora,Illinois,Centre,2024-07-13,171,2,2780.81,394.07,1390.405,Electronics,4,5,Champions
701,Laurie Jones,Grand Rapids,Michigan,Centre,2023-09-21,467,1,813.56,123.55,813.56,Electronics,2,4,High_Value
702,Joshua Ware,Newark,New Jersey,East,2023-11-08,419,1,169.78,53.7,169.78,Clothing & Apparel,2,1,Lost
703,Travis Newton,Austin,Texas,South,2023-08-17,502,1,205.1,51.4,205.1,Clothing & Apparel,2,2,Lost
704,Anthony Huffman,Nashville,Tennessee,South,2023-10-05,453,1,4790.1,449.51,4790.1,Electronics,2,5,High_Value
705,Joseph Hall,Detroit,Michigan,Centre,2023-11-22,405,1,769.61,145.09,769.61,Home & Furniture,2,4,High_Value
706,Michele Hobbs PhD,Sacramento,California,West,2024-09-09,113,1,111.26,27.75,111.26,Clothing & Apparel,4,1,At_Risk
707,Taylor Reed,Topeka,Kansas,Centre,2023-11-17,410,1,103.84,18.72,103.84,Accessories,2,1,Lost
708,Allen Matthews,Indianapolis,Indiana,Centre,2024-12-12,19,1,786.56,271.51,786.56,Clothing & Apparel,5,4,Champions
709,Benjamin Reeves,Jersey City,New Jersey,East,2023-10-09,449,1,3177.12,616.89,3177.12,Electronics,2,5,High_Value
710,Eric Wilson,Augusta,Maine,East,2024-09-09,113,1,817.37,283.17,817.37,Home & Furniture,4,4,Champions
711,Jennifer Hurst,Manchester,New Hampshire,East,2023-11-24,403,1,641.28,95.54,641.28,Electronics,3,4,Loyal
712,Max Allen,Gulfport,Mississippi,South,2023-10-08,450,1,113.21,43.79,113.21,Clothing & Apparel,2,1,Lost
713,Christopher Roth,Augusta,Maine,East,2024-08-18,135,1,188.11,26.97,188.11,Home & Furniture,4,1,At_Risk
714,Frank Pope,Chandler,Arizona,West,2024-07-12,172,1,173.61,48.76,173.61,Clothing & Apparel,4,1,At_Risk
715,Cassandra Barnes,Virginia Beach,Virginia,South,2023-12-15,382,1,1191.62,233.44,1191.62,Home & Furniture,3,5,Loyal
716,Susan Haynes,St. Paul,Minnesota,Centre,2023-10-25,433,1,108.3,41.56,108.3,Accessories,2,1,Lost
717,Susan Browning,Tuscaloosa,Alabama,South,2023-11-13,414,1,899.52,123.46,899.52,Home & Furniture,2,4,High_Value
718,Richard Blake,San Francisco,California,West,2023-12-03,394,1,77.96,25.57,77.96,Accessories,3,1,At_Risk
719,Rhonda Lloyd,San Diego,California,West,2024-11-17,44,1,618.21,147.47,618.21,Accessories,5,3,Potential
720,Daniel Kelley,Worcester,Massachusetts,East,2024-12-08,23,1,242.29,76.43,242.29,Clothing & Apparel,5,2,Potential
721,Haley Robertson,Cincinnati,Ohio,Centre,2023-01-26,705,1,544.36,81.3,544.36,Electronics,1,3,At_Risk
722,Rebekah Clark,Newark,New Jersey,East,2023-11-30,397,1,659.1,111.83,659.1,Home & Furniture,3,4,Loyal
723,Angela Griffith,Sacramento,California,West,2023-09-05,483,1,420.54,82.96,420.54,Electronics,2,3,At_Risk
724,Jennifer Taylor,Huntington,West Virginia,South,2024-11-11,50,1,445.34,98.04,445.34,Clothing & Apparel,5,3,Potential
725,Robert Bishop,Detroit,Michigan,Centre,2023-05-02,609,1,656.54,153.92,656.54,Home & Furniture,1,4,High_Value
726,Timothy Reese,Des Moines,Iowa,Centre,2023-01-25,706,1,748.54,195.89,748.54,Home & Furniture,1,4,High_Value
727,Marie Nelson,Annapolis,Maryland,East,2024-04-20,255,1,210.14,35.87,210.14,Home & Furniture,3,2,At_Risk
728,Lauren Brown,Annapolis,Maryland,East,2023-11-26,401,2,977.33,147.81,488.665,Accessories,3,4,Loyal
729,Olivia Cisneros,St. Paul,Minnesota,Centre,2023-11-20,407,1,654.68,165.21,654.68,Home & Furniture,2,4,High_Value
730,Joseph Johnson,San Francisco,California,West,2023-11-03,424,1,265.48,82.3,265.48,Accessories,2,2,Lost
731,Cynthia Rocha,Huntsville,Alabama,South,2024-12-14,17,1,788.7,331.46,788.7,Clothing & Apparel,5,4,Champions
732,Carolyn Murphy,San Francisco,California,West,2024-05-25,220,1,341.86,164.58,341.86,Accessories,4,2,Potential
733,Alexander Owen,Omaha,Nebraska,Centre,2023-08-26,493,1,1240.78,114.15,1240.78,Electronics,2,5,High_Value
734,John Johnson,Philadelphia,Pennsylvania,East,2023-12-20,377,2,346.96000000000004,91.66,173.48000000000002,Accessories,3,2,At_Risk
735,Maria Morris,Lincoln,Nebraska,Centre,2024-08-25,128,1,489.73,48.92,489.73,Electronics,4,3,Potential
736,Melissa Sullivan,Mobile,Alabama,South,2023-07-09,541,1,5093.7,954.49,5093.7,Electronics,1,5,High_Value
737,Virginia Douglas,Montpelier,Vermont,East,2023-06-14,566,1,251.1,85.73,251.1,Home & Furniture,1,2,Lost
738,Cynthia Olson,Charleston,West Virginia,South,2023-11-25,402,1,189.94,38.37,189.94,Clothing & Apparel,3,1,At_Risk
739,Jesse Cooper,Providence,Rhode Island,East,2023-11-07,420,1,3576.36,668.4,3576.36,Electronics,2,5,High_Value
740,Melissa Tran,Madison,Wisconsin,Centre,2023-11-13,414,1,306.81,126.87,306.81,Accessories,2,2,Lost
741,Karen Lindsey,Sacramento,California,West,2023-02-21,679,1,1092.48,365.09,1092.48,Home & Furniture,1,5,High_Value
742,Bonnie Hicks,Philadelphia,Pennsylvania,East,2024-12-26,5,1,330.18,142.59,330.18,Clothing & Apparel,5,2,Potential
743,Frank Campbell,Santa Fe,New Mexico,West,2023-05-06,605,1,395.42,98.49,395.42,Accessories,1,3,At_Risk
744,Jennifer Stephens,Phoenix,Arizona,West,2024-09-03,119,1,94.25,25.53,94.25,Clothing & Apparel,4,1,At_Risk
745,John Robles,Baton Rouge,Louisiana,South,2024-06-04,210,1,39.56,9.16,39.56,Clothing & Apparel,4,1,At_Risk
746,David Cohen,Philadelphia,Pennsylvania,East,2023-11-03,424,1,2008.78,360.44,2008.78,Home & Furniture,2,5,High_Value
747,Dr. Ronnie Allen DDS,Aurora,Illinois,Centre,2024-07-23,161,1,929.78,190.12,929.78,Clothing & Apparel,4,4,Champions
748,Jennifer Palmer,Rochester,New York,East,2023-05-12,599,1,398.32,81.8,398.32,Home & Furniture,1,3,At_Risk
749,Thomas Carroll,Topeka,Kansas,Centre,2024-09-28,94,1,148.75,20.55,148.75,Electronics,4,1,At_Risk
750,Brian Newton,Grand Rapids,Michigan,Centre,2023-12-03,394,1,157.08,60.96,157.08,Accessories,3,1,At_Risk
751,Christopher Morris,Burlington,Vermont,East,2024-04-19,256,1,982.18,160.02,982.18,Electronics,3,4,Loyal
752,Steven Williams,Chandler,Arizona,West,2023-08-04,515,1,172.6,33.43,172.6,Accessories,2,1,Lost
753,Gregory Jackson,Missoula,Montana,West,2024-09-06,116,1,1964.68,424.8,1964.68,Home & Furniture,4,5,Champions
754,Mrs. Angela Melton,Santa Fe,New Mexico,West,2024-11-11,50,1,709.34,262.75,709.34,Clothing & Apparel,5,4,Champions
755,Frank King,Manchester,New Hampshire,East,2024-02-14,321,1,123.59,37.1,123.59,Clothing & Apparel,3,1,At_Risk
756,Thomas Hall,Philadelphia,Pennsylvania,East,2023-06-17,563,1,376.67,129.38,376.67,Clothing & Apparel,1,3,At_Risk
757,Stephanie Thompson,Glendale,Arizona,West,2023-07-24,526,1,230.15,62.45,230.15,Clothing & Apparel,1,2,Lost
758,Matthew Andrews,Philadelphia,Pennsylvania,East,2024-03-12,294,1,1528.8,523.68,1528.8,Home & Furniture,3,5,Loyal
759,Gabriel Morris,Sioux Falls,South Dakota,Centre,2024-12-25,6,1,367.34,110.87,367.34,Clothing & Apparel,5,2,Potential
760,Kelly Holmes,Burlington,Vermont,East,2023-08-19,500,1,799.47,150.0,799.47,Home & Furniture,2,4,High_Value
761,Christopher Quinn,Denver,Colorado,West,2023-05-03,608,1,280.46,83.44,280.46,Clothing & Apparel,1,2,Lost
762,Dale Nelson,Billings,Montana,West,2024-01-15,351,1,690.6,231.42,690.6,Home & Furniture,3,4,Loyal
763,Megan Elliott,Montgomery,Alabama,South,2024-10-03,89,1,69.58,14.39,69.58,Home & Furniture,4,1,At_Risk
764,Gary Morris,New York City,New York,East,2024-09-21,101,1,1857.09,213.74,1857.09,Electronics,4,5,Champions
765,Robert Harrison,San Francisco,California,West,2023-07-02,548,1,192.23,18.77,192.23,Electronics,1,1,Lost
766,Mercedes Miller,Rochester,New York,East,2024-10-01,91,1,162.64,69.14,162.64,Clothing & Apparel,4,1,At_Risk
767,Holly Johnson,Augusta,Maine,East,2023-02-01,699,1,288.29,94.39,288.29,Home & Furniture,1,2,Lost
768,Dustin Reyes,Boise,Idaho,West,2023-12-29,368,1,491.22,177.1,491.22,Clothing & Apparel,3,3,Loyal
769,Shelia Mason,San Diego,California,West,2023-05-08,603,1,463.38,70.21,463.38,Electronics,1,3,At_Risk
770,Mark Cameron,Hartford,Connecticut,East,2024-07-12,172,1,289.84,35.79,289.84,Home & Furniture,4,2,Potential
771,Jason Humphrey,Spokane,Washington,West,2023-11-09,418,1,137.24,25.22,137.24,Accessories,2,1,Lost
772,Kimberly Cunningham,Cleveland,Ohio,Centre,2023-07-29,521,1,402.04,58.15,402.04,Electronics,2,3,At_Risk
773,Tyler Tate,Salem,Oregon,West,2024-10-03,89,1,745.8,189.04,745.8,Clothing & Apparel,4,4,Champions
774,Scott Smith,Los Angeles,California,West,2024-12-14,17,1,739.66,100.18,739.66,Electronics,5,4,Champions
775,Angela Clayton,Montpelier,Vermont,East,2024-11-29,32,1,661.74,85.82,661.74,Electronics,5,4,Champions
776,Michael Richard,Topeka,Kansas,Centre,2023-03-27,645,1,581.52,160.91,581.52,Clothing & Apparel,1,3,At_Risk
777,April Baker,Dover,Delaware,East,2023-06-17,563,1,1295.09,153.75,1295.09,Electronics,1,5,High_Value
778,Jessica Benson,Sacramento,California,West,2023-11-20,407,1,827.06,255.84,827.06,Home & Furniture,2,4,High_Value
779,Martin Pope DDS,Columbus,Ohio,Centre,2023-11-25,402,1,49.45,15.49,49.45,Accessories,3,1,At_Risk
780,Tammy Garcia,Missoula,Montana,West,2023-01-13,718,1,1572.16,229.03,1572.16,Electronics,1,5,High_Value
781,Johnny Richardson,Rochester,New York,East,2023-11-12,415,1,1086.32,214.35,1086.32,Electronics,2,5,High_Value
782,Diane Collier,Annapolis,Maryland,East,2024-12-15,16,1,3741.12,341.33,3741.12,Electronics,5,5,Champions
783,Julia Mayer,Augusta,Maine,East,2024-12-29,2,1,551.95,83.5,551.95,Electronics,5,3,Potential
784,Brian Dean,Tallahassee,Florida,South,2024-11-17,44,1,247.7,97.14,247.7,Clothing & Apparel,5,2,Potential
785,Garrett Barker,Kansas City,Missouri,Centre,2023-10-12,446,1,1025.94,182.14,1025.94,Electronics,2,4,High_Value
786,Susan Steele,St. Louis,Missouri,Centre,2023-11-11,416,1,395.71,82.05,395.71,Clothing & Apparel,2,3,At_Risk
787,Courtney Gutierrez,Cincinnati,Ohio,Centre,2023-03-27,645,1,88.85,36.21,88.85,Clothing & Apparel,1,1,Lost
788,Michael Madden,Glendale,Arizona,West,2024-11-05,56,1,1453.74,239.63,1453.74,Electronics,5,5,Champions
789,Veronica Mullen,Savannah,Georgia,South,2023-12-06,391,1,380.92,114.79,380.92,Clothing & Apparel,3,3,Loyal
790,Ryan Elliott,Chandler,Arizona,West,2023-09-17,471,1,220.82,97.51,220.82,Clothing & Apparel,2,2,Lost
791,Angela Hunter,Providence,Rhode Island,East,2024-10-29,63,1,117.32,39.35,117.32,Clothing & Apparel,5,1,At_Risk
792,Sandra Lambert,Sioux Falls,South Dakota,Centre,2023-06-23,557,1,809.87,149.87,809.87,Electronics,1,4,High_Value
793,Frank Miles,Baltimore,Maryland,East,2024-11-26,35,1,3889.2,1033.45,3889.2,Home & Furniture,5,5,Champions
794,Tracy Mcfarland,Boston,Massachusetts,East,2023-01-20,711,1,96.49,37.29,96.49,Accessories,1,1,Lost
795,Dylan Phillips,Missoula,Montana,West,2023-05-21,590,1,217.72,65.05,217.72,Accessories,1,2,Lost
796,William Snyder,Salem,Oregon,West,2024-01-11,355,1,775.98,135.27,775.98,Electronics,3,4,Loyal
797,Keith Vaughn,Salem,Oregon,West,2024-03-11,295,1,1382.7,241.2,1382.7,Electronics,3,5,Loyal
798,David Ryan,Dallas,Texas,South,2023-09-06,482,1,235.67,102.09,235.67,Clothing & Apparel,2,2,Lost
799,Johnathan Cooper,Providence,Rhode Island,East,2024-11-22,39,1,258.51,30.66,258.51,Electronics,5,2,Potential
800,Kathy Silva,Grand Rapids,Michigan,Centre,2024-11-19,42,1,1651.24,405.06,1651.24,Home & Furniture,5,5,Champions
801,Jennifer Williams,Lincoln,Nebraska,Centre,2023-01-26,705,1,649.72,129.05,649.72,Electronics,1,4,High_Value
802,Bryan Booth,Nashville,Tennessee,South,2023-09-26,462,1,61.36,18.89,61.36,Clothing & Apparel,2,1,Lost
803,David Smith,New York City,New York,East,2024-12-10,21,3,2140.45,844.99,713.4833333333332,Clothing & Apparel,5,5,Champions
804,Matthew Hart Jr.,Tuscaloosa,Alabama,South,2024-03-23,283,1,79.48,37.22,79.48,Accessories,3,1,At_Risk
805,Erin Johnson,Baltimore,Maryland,East,2024-06-21,193,1,344.66,107.69,344.66,Accessories,4,2,Potential
806,Michael Black MD,Madison,Wisconsin,Centre,2023-10-30,428,1,728.37,104.66,728.37,Electronics,2,4,High_Value
807,Vincent Oneal,Reno,Nevada,West,2023-11-14,413,1,878.04,304.44,878.04,Clothing & Apparel,2,4,High_Value
808,Pamela Little,Wichita,Kansas,Centre,2023-03-31,641,1,71.89,26.23,71.89,Clothing & Apparel,1,1,Lost
809,James Kelly,Fargo,North Dakota,Centre,2024-02-16,319,1,1580.96,136.94,1580.96,Electronics,3,5,Loyal
810,Vanessa Waters,Miami,Florida,South,2024-11-10,51,1,70.52,18.3,70.52,Clothing & Apparel,5,1,At_Risk
811,Madison Lara,San Diego,California,West,2024-12-08,23,1,1410.84,269.49,1410.84,Home & Furniture,5,5,Champions
812,Craig Brooks,St. Paul,Minnesota,Centre,2023-01-29,702,1,223.68,64.24,223.68,Clothing & Apparel,1,2,Lost
813,Timothy Green,New York City,New York,East,2023-04-12,629,1,3883.6,441.09,3883.6,Electronics,1,5,High_Value
814,Rhonda Green,Salem,Oregon,West,2024-12-18,13,1,662.16,118.08,662.16,Electronics,5,4,Champions
815,John Underwood,Jersey City,New Jersey,East,2023-12-10,387,1,1278.53,162.97,1278.53,Electronics,3,5,Loyal
816,David Haley,Bismarck,North Dakota,Centre,2024-05-26,219,1,2237.04,365.63,2237.04,Electronics,4,5,Champions
817,Derrick Newton,Baltimore,Maryland,East,2024-12-04,27,1,320.83,41.17,320.83,Electronics,5,2,Potential
818,Deborah Waters,Salt Lake City,Utah,West,2023-03-09,663,1,145.94,65.43,145.94,Accessories,1,1,Lost
819,Shannon Wilson,Aurora,Illinois,Centre,2023-07-28,522,2,1980.4,541.1,990.2,Accessories,2,5,High_Value
820,Andrea Gibson,Savannah,Georgia,South,2024-05-30,215,1,363.0,148.8,363.0,Clothing & Apparel,4,2,Potential
821,Michael Kelly,Burlington,Vermont,East,2023-11-07,420,1,248.05,32.52,248.05,Electronics,2,2,Lost
822,James Roman,Chandler,Arizona,West,2024-12-12,19,1,211.44,61.38,211.44,Accessories,5,2,Potential
823,Mark Clark,Providence,Rhode Island,East,2024-11-05,56,2,1517.83,269.29,758.915,Home & Furniture,5,5,Champions
824,Karina Burton,St. Louis,Missouri,Centre,2023-08-11,508,1,33.7,9.87,33.7,Clothing & Apparel,2,1,Lost
825,Juan Costa,Omaha,Nebraska,Centre,2024-10-13,79,1,861.57,364.79,861.57,Clothing & Apparel,4,4,Champions
826,David Manning,San Antonio,Texas,South,2023-12-25,372,2,647.64,273.04,323.82,Accessories,3,4,Loyal
827,David Smith MD,Chandler,Arizona,West,2023-09-30,458,1,46.59,19.79,46.59,Accessories,2,1,Lost
828,Nancy Santiago,Glendale,Arizona,West,2023-07-06,544,1,848.12,271.12,848.12,Clothing & Apparel,1,4,High_Value
829,Cody Berry,Las Vegas,Nevada,West,2023-08-01,518,1,2869.6,966.23,2869.6,Home & Furniture,2,5,High_Value
830,Kenneth Richardson,Wilmington,Delaware,East,2023-11-21,406,1,638.02,166.71,638.02,Clothing & Apparel,2,4,High_Value
831,Jessica Ramirez,St. Louis,Missouri,Centre,2024-08-03,150,1,1075.4,238.04,1075.4,Home & Furniture,4,5,Champions
832,Samuel Holmes DDS,Phoenix,Arizona,West,2024-10-27,65,1,52.43,14.29,52.43,Clothing & Apparel,5,1,At_Risk
833,Joshua Johnson,Philadelphia,Pennsylvania,East,2024-12-02,29,1,1920.72,195.46,1920.72,Electronics,5,5,Champions
834,Nicole Boone,Salt Lake City,Utah,West,2023-10-21,437,1,119.29,42.67,119.29,Clothing & Apparel,2,1,Lost
835,Michelle Salazar,Austin,Texas,South,2023-05-20,591,1,103.25,45.12,103.25,Clothing & Apparel,1,1,Lost
836,Haley Newman,Providence,Rhode Island,East,2023-03-23,649,1,590.28,137.19,590.28,Home & Furniture,1,3,At_Risk
837,Gregory Foley,Montpelier,Vermont,East,2024-08-23,130,1,117.92,18.9,117.92,Electronics,4,1,At_Risk
838,Wesley White,Fargo,North Dakota,Centre,2023-05-13,598,1,614.52,98.46,614.52,Electronics,1,3,At_Risk
839,Jeffrey Thomas,Baltimore,Maryland,East,2023-12-02,395,1,1129.92,211.7,1129.92,Electronics,3,5,Loyal
840,Alyssa Adams,Tallahassee,Florida,South,2023-05-12,599,1,666.48,228.32,666.48,Clothing & Apparel,1,4,High_Value
841,Jonathan Wilson,Virginia Beach,Virginia,South,2023-01-14,717,1,533.35,110.41,533.35,Home & Furniture,1,3,At_Risk
842,Emily Gardner,Nashua,New Hampshire,East,2023-11-24,403,1,488.63,70.68,488.63,Electronics,3,3,Loyal
843,Steven Mills,Fort Wayne,Indiana,Centre,2023-11-03,424,1,175.59,86.45,175.59,Accessories,2,1,Lost
844,Rita Lopez,Burlington,Vermont,East,2024-10-25,67,1,970.41,102.74,970.41,Electronics,5,4,Champions
845,Zoe Lee,Spokane,Washington,West,2023-08-28,491,1,53.47,10.3,53.47,Accessories,2,1,Lost
846,Mrs. Mary Bennett,Knoxville,Tennessee,South,2023-05-19,592,1,1181.12,354.1,1181.12,Home & Furniture,1,5,High_Value
847,Colton Long,Tampa,Florida,South,2024-04-20,255,1,1047.96,261.19,1047.96,Clothing & Apparel,3,5,Loyal
848,Kimberly Hall,Las Vegas,Nevada,West,2023-02-17,683,1,1401.26,344.75,1401.26,Home & Furniture,1,5,High_Value
849,Crystal Meyers,Cincinnati,Ohio,Centre,2023-05-05,606,1,1304.64,110.4,1304.64,Electronics,1,5,High_Value
850,Douglas Simmons,Detroit,Michigan,Centre,2024-11-06,55,1,1363.14,313.22,1363.14,Home & Furniture,5,5,Champions
851,Miss Lisa Anderson,Orlando,Florida,South,2024-03-07,299,1,362.07,74.01,362.07,Clothing & Apparel,3,2,At_Risk
852,Joseph Harris,Los Angeles,California,West,2023-01-28,703,1,350.47,101.47,350.47,Clothing & Apparel,1,2,Lost
853,Mark Davis,Santa Fe,New Mexico,West,2024-03-11,295,1,130.79,11.11,130.79,Electronics,3,1,At_Risk
854,Timothy Hart,St. Louis,Missouri,Centre,2023-03-05,667,1,499.48,66.14,499.48,Home & Furniture,1,3,At_Risk
855,Barbara Hughes,Providence,Rhode Island,East,2024-02-03,332,1,631.9,121.72,631.9,Electronics,3,4,Loyal
856,Mary Miller,Wilmington,Delaware,East,2023-02-25,675,1,222.07,26.11,222.07,Electronics,1,2,Lost
857,John Gonzales,Jersey City,New Jersey,East,2024-03-25,281,2,93.26,28.53,46.63,Accessories,3,1,At_Risk
858,Sara Hunt,Boise,Idaho,West,2024-04-10,265,1,793.2,254.54,793.2,Home & Furniture,3,4,Loyal
859,Eduardo Prince,Spokane,Washington,West,2023-08-27,492,1,209.85,91.73,209.85,Clothing & Apparel,2,2,Lost
860,Joseph Gonzalez,Reno,Nevada,West,2024-12-15,16,1,414.28,65.27,414.28,Home & Furniture,5,3,Potential
861,Katie Briggs,Nashua,New Hampshire,East,2024-10-30,62,1,144.3,30.08,144.3,Clothing & Apparel,5,1,At_Risk
862,Martin James,Columbia,South Carolina,South,2024-07-10,174,1,216.3,50.69,216.3,Accessories,4,2,Potential
863,Scott Ramos,San Francisco,California,West,2024-05-25,220,1,981.26,161.35,981.26,Home & Furniture,4,4,Champions
864,Carrie Dougherty,Detroit,Michigan,Centre,2024-03-11,295,1,308.76,134.02,308.76,Clothing & Apparel,3,2,At_Risk
865,Susan Howe,Reno,Nevada,West,2023-07-02,548,1,720.94,135.58,720.94,Home & Furniture,1,4,High_Value
866,Kelli Smith,Philadelphia,Pennsylvania,East,2023-08-12,507,1,197.32,58.43,197.32,Accessories,2,2,Lost
867,Luke Adams,Chandler,Arizona,West,2023-03-02,670,1,100.13,31.32,100.13,Accessories,1,1,Lost
868,Sara Ruiz,Billings,Montana,West,2023-11-19,408,1,496.89,133.52,496.89,Accessories,2,3,At_Risk
869,Shannon Pena,Baltimore,Maryland,East,2023-06-09,571,1,779.65,183.53,779.65,Home & Furniture,1,4,High_Value
870,Kayla Beard,Aurora,Illinois,Centre,2024-11-08,53,1,710.52,260.33,710.52,Clothing & Apparel,5,4,Champions
871,Emily Rodriguez,Nashville,Tennessee,South,2023-11-23,404,1,450.5,60.46,450.5,Home & Furniture,2,3,At_Risk
872,Raymond Lopez,Reno,Nevada,West,2024-07-10,174,1,533.6,74.94,533.6,Electronics,4,3,Potential
873,Laura Chang,Minneapolis,Minnesota,Centre,2024-08-22,131,1,852.67,194.93,852.67,Home & Furniture,4,4,Champions
874,Richard Simmons,Grand Rapids,Michigan,Centre,2023-06-20,560,1,911.0,173.52,911.0,Electronics,1,4,High_Value
875,Samantha Moore,Cheyenne,Wyoming,West,2023-11-10,417,1,644.86,101.3,644.86,Home & Furniture,2,4,High_Value
876,Jennifer Arnold,Albuquerque,New Mexico,West,2023-05-16,595,1,515.43,79.49,515.43,Home & Furniture,1,3,At_Risk
877,Jackson Nguyen,Portland,Oregon,West,2023-03-20,652,1,319.29,89.08,319.29,Clothing & Apparel,1,2,Lost
878,Diana Allen,Virginia Beach,Virginia,South,2024-12-17,14,1,344.5,84.69,344.5,Clothing & Apparel,5,2,Potential
879,Albert Gonzalez,San Francisco,California,West,2024-04-30,245,1,908.47,130.73,908.47,Electronics,4,4,Champions
880,Paul Rhodes,Tampa,Florida,South,2023-04-05,636,1,647.4,203.83,647.4,Clothing & Apparel,1,4,High_Value
881,Nicole Sullivan,San Jose,California,West,2024-11-23,38,1,482.64,226.69,482.64,Accessories,5,3,Potential
882,Ian Peterson,Salt Lake City,Utah,West,2023-09-06,482,1,1215.28,274.46,1215.28,Home & Furniture,2,5,High_Value
883,Anna Butler,Philadelphia,Pennsylvania,East,2024-10-20,72,1,3147.44,491.72,3147.44,Home & Furniture,5,5,Champions
884,Ashley Sanchez,Casper,Wyoming,West,2024-07-01,183,1,1023.12,354.16,1023.12,Clothing & Apparel,4,4,Champions
885,Charles Garcia,Boston,Massachusetts,East,2024-06-15,199,1,272.12,96.08,272.12,Clothing & Apparel,4,2,Potential
886,Jacqueline Robinson,Portland,Oregon,West,2023-07-26,524,1,91.54,24.01,91.54,Accessories,1,1,Lost
887,Kimberly Gray,Chicago,Illinois,Centre,2023-01-29,702,1,1037.72,129.99,1037.72,Electronics,1,4,High_Value
888,Thomas Flynn,Philadelphia,Pennsylvania,East,2023-11-16,411,1,620.7,232.72,620.7,Clothing & Apparel,2,3,At_Risk
889,Joseph Schneider,Nashua,New Hampshire,East,2023-11-20,407,1,1436.8,336.4,1436.8,Clothing & Apparel,2,5,High_Value
890,Jessica Anderson,Dover,Delaware,East,2023-09-21,467,2,780.4300000000001,242.78000000000003,390.215,Accessories,2,4,High_Value
891,Andrew Scott,New Orleans,Louisiana,South,2023-05-28,583,1,150.75,24.08,150.75,Home & Furniture,1,1,Lost
892,Kaitlyn Baker,Nashua,New Hampshire,East,2024-02-07,328,1,1273.56,382.05,1273.56,Home & Furniture,3,5,Loyal
893,Amy Johnston,Sacramento,California,West,2023-09-22,466,1,62.78,18.21,62.78,Accessories,2,1,Lost
894,James Moss,Las Vegas,Nevada,West,2024-11-29,32,1,241.71,54.94,241.71,Accessories,5,2,Potential
895,Alexis Benson,Boston,Massachusetts,East,2023-11-17,410,1,359.23,92.97,359.23,Clothing & Apparel,2,2,Lost
896,Jennifer Hardy,Bismarck,North Dakota,Centre,2023-05-04,607,1,370.96,134.15,370.96,Clothing & Apparel,1,3,At_Risk
897,Lindsay Andrade,Tampa,Florida,South,2024-05-14,231,1,122.66,14.9,122.66,Electronics,4,1,At_Risk
898,Donald Blankenship,Milwaukee,Wisconsin,Centre,2024-10-26,66,1,375.92,89.95,375.92,Accessories,5,3,Potential
899,Anthony Stevenson,Colorado Springs,Colorado,West,2024-08-16,137,1,641.19,284.82,641.19,Clothing & Apparel,4,4,Champions
900,Katherine Larson,Spokane,Washington,West,2024-12-23,8,1,722.8,64.35,722.8,Electronics,5,4,Champions
901,Carlos Richards,Wilmington,Delaware,East,2024-05-31,214,1,97.3,24.6,97.3,Clothing & Apparel,4,1,At_Risk
902,Aaron Boyd,Houston,Texas,South,2024-12-12,19,1,773.07,251.96,773.07,Home & Furniture,5,4,Champions
903,Michael Grant,Virginia Beach,Virginia,South,2024-10-12,80,1,1024.8,460.97,1024.8,Clothing & Apparel,4,4,Champions
904,Amy Thomas,Jackson,Mississippi,South,2024-01-14,352,1,555.22,208.6,555.22,Clothing & Apparel,3,3,Loyal
905,Jacob Duncan,San Diego,California,West,2023-10-11,447,1,709.98,155.26,709.98,Accessories,2,4,High_Value
906,Timothy Garner,Casper,Wyoming,West,2024-04-23,252,1,695.73,202.02,695.73,Clothing & Apparel,3,4,Loyal
907,Megan French,Phoenix,Arizona,West,2023-02-09,691,1,667.95,231.77,667.95,Accessories,1,4,High_Value
908,Christina Rivera,Indianapolis,Indiana,Centre,2024-08-01,152,1,216.87,66.85,216.87,Clothing & Apparel,4,2,Potential
909,Jeremiah Brown,Atlanta,Georgia,South,2024-03-21,285,1,1406.55,231.35,1406.55,Home & Furniture,3,5,Loyal
910,Austin Patton,Memphis,Tennessee,South,2024-10-27,65,1,77.73,22.74,77.73,Clothing & Apparel,5,1,At_Risk
911,Shawn Thompson,Manchester,New Hampshire,East,2024-12-24,7,1,113.39,13.86,113.39,Electronics,5,1,At_Risk
912,Justin White,Burlington,Vermont,East,2024-11-03,58,1,1226.3,157.1,1226.3,Electronics,5,5,Champions
913,Deborah Edwards,Detroit,Michigan,Centre,2023-09-22,466,1,1587.52,666.74,1587.52,Clothing & Apparel,2,5,High_Value
914,Mark Montgomery,Springfield,Illinois,Centre,2023-05-12,599,1,273.36,50.41,273.36,Accessories,1,2,Lost
915,Kimberly Anderson,Philadelphia,Pennsylvania,East,2024-03-11,295,1,2084.6,314.01,2084.6,Electronics,3,5,Loyal
916,Krystal Pugh,Portland,Oregon,West,2023-11-20,407,1,2146.59,266.93,2146.59,Electronics,2,5,High_Value
917,Melissa Moore,Rochester,New York,East,2024-08-22,131,2,1864.6,326.70000000000005,932.3,Electronics,4,5,Champions
918,Shawn Roberson,New Haven,Connecticut,East,2024-11-30,31,1,1225.46,327.54,1225.46,Home & Furniture,5,5,Champions
919,Christopher Harrison,Huntsville,Alabama,South,2024-10-27,65,2,592.75,90.22,296.375,Accessories,5,3,Potential
920,Melissa Ortiz,Springfield,Illinois,Centre,2024-11-08,53,1,1028.65,135.0,1028.65,Home & Furniture,5,4,Champions
921,Steven Cardenas,Montpelier,Vermont,East,2024-07-23,161,1,835.34,148.99,835.34,Home & Furniture,4,4,Champions
922,Johnny Hernandez,Worcester,Massachusetts,East,2023-11-30,397,1,536.9,81.11,536.9,Electronics,3,3,Loyal
923,Andrea Hurst,Topeka,Kansas,Centre,2023-08-04,515,1,509.98,95.96,509.98,Home & Furniture,2,3,At_Risk
924,Stephen Jones,Newark,New Jersey,East,2023-11-02,425,1,404.84,95.94,404.84,Clothing & Apparel,2,3,At_Risk
925,Donna Chavez,Fort Smith,Arkansas,South,2024-11-18,43,1,185.37,74.65,185.37,Accessories,5,1,At_Risk
926,Angela Johnson,Chicago,Illinois,Centre,2024-07-23,161,1,230.02,78.71,230.02,Clothing & Apparel,4,2,Potential
927,Megan Brown,Fargo,North Dakota,Centre,2023-10-20,438,1,273.42,109.39,273.42,Clothing & Apparel,2,2,Lost
928,Lauren Johnson,Boise,Idaho,West,2024-02-17,318,1,2319.78,489.12,2319.78,Home & Furniture,3,5,Loyal
929,Amy Williams,Cincinnati,Ohio,Centre,2023-09-10,478,1,340.36,149.28,340.36,Clothing & Apparel,2,2,Lost
930,Tracey White,Fort Smith,Arkansas,South,2023-03-07,665,1,390.5,116.69,390.5,Clothing & Apparel,1,3,At_Risk
931,Shawn Farley,Albuquerque,New Mexico,West,2023-12-20,377,1,1462.74,265.52,1462.74,Electronics,3,5,Loyal
932,James Rodriguez,Burlington,Vermont,East,2024-09-19,103,1,3550.44,621.11,3550.44,Electronics,4,5,Champions
933,Eric Davis,Jersey City,New Jersey,East,2023-03-08,664,1,1580.16,291.69,1580.16,Electronics,1,5,High_Value
934,Chad Palmer,Cleveland,Ohio,Centre,2023-02-20,680,1,212.32,39.29,212.32,Electronics,1,2,Lost
935,Mark Church,Sioux Falls,South Dakota,Centre,2023-07-05,545,1,1495.36,155.86,1495.36,Electronics,1,5,High_Value
936,John Johnson,Colorado Springs,Colorado,West,2024-05-19,226,1,451.58,223.37,451.58,Accessories,4,3,Potential
937,Jesse Wilson,Jersey City,New Jersey,East,2024-01-30,336,1,266.41,37.3,266.41,Electronics,3,2,At_Risk
938,Anthony Harris,Providence,Rhode Island,East,2023-04-23,618,1,1708.23,312.67,1708.23,Electronics,1,5,High_Value
939,Joseph Bell,Jackson,Mississippi,South,2023-11-09,418,1,1550.08,494.17,1550.08,Clothing & Apparel,2,5,High_Value
940,Logan Coffey,Austin,Texas,South,2024-01-27,339,1,2749.65,277.6,2749.65,Electronics,3,5,Loyal
941,Jordan Fitzgerald,Philadelphia,Pennsylvania,East,2023-11-20,407,1,577.58,99.47,577.58,Electronics,2,3,At_Risk
942,Alyssa Carroll,Santa Fe,New Mexico,West,2023-11-20,407,1,701.06,248.76,701.06,Clothing & Apparel,2,4,High_Value
943,Amber Hansen,Columbus,Ohio,Centre,2024-10-25,67,1,667.18,216.62,667.18,Home & Furniture,5,4,Champions
944,Brenda Sullivan,Omaha,Nebraska,Centre,2024-07-27,157,2,2611.69,516.13,1305.8449999999998,Electronics,4,5,Champions
945,Lucas Chambers,San Diego,California,West,2024-01-25,341,1,334.08,118.83,334.08,Clothing & Apparel,3,2,At_Risk
946,Tyler Patton,New Haven,Connecticut,East,2023-03-11,661,1,1595.8,202.91,1595.8,Electronics,1,5,High_Value
947,George Buchanan,Las Vegas,Nevada,West,2024-08-23,130,1,1391.28,560.99,1391.28,Clothing & Apparel,4,5,Champions
948,Lauren Alexander,Birmingham,Alabama,South,2024-06-28,186,1,99.14,20.56,99.14,Accessories,4,1,At_Risk
949,Zachary Howe,Reno,Nevada,West,2024-12-22,9,1,673.16,113.88,673.16,Electronics,5,4,Champions
950,Phillip Lin,Fort Wayne,Indiana,Centre,2023-12-09,388,1,1523.31,397.06,1523.31,Home & Furniture,3,5,Loyal
951,Raymond Smith,Albuquerque,New Mexico,West,2024-11-30,31,1,1704.64,142.73,1704.64,Electronics,5,5,Champions
952,Andrew Jennings,Omaha,Nebraska,Centre,2023-02-24,676,1,44.05,11.23,44.05,Clothing & Apparel,1,1,Lost
953,Christine Brown,Rapid City,South Dakota,Centre,2023-05-14,597,1,781.92,148.32,781.92,Home & Furniture,1,4,High_Value
954,David Banks,Las Vegas,Nevada,West,2024-07-02,182,1,573.03,48.69,573.03,Electronics,4,3,Potential
955,Sara Smith,Provo,Utah,West,2024-08-16,137,1,761.57,118.26,761.57,Electronics,4,4,Champions
956,Austin Richards,Provo,Utah,West,2024-12-04,27,1,724.29,116.96,724.29,Home & Furniture,5,4,Champions
957,Melanie Padilla,Phoenix,Arizona,West,2023-08-15,504,1,75.9,22.44,75.9,Clothing & Apparel,2,1,Lost
958,Christopher Garrett,Detroit,Michigan,Centre,2023-01-10,721,1,504.54,107.06,504.54,Home & Furniture,1,3,At_Risk
959,Cheryl Dillon,Sioux Falls,South Dakota,Centre,2023-12-20,377,1,425.66,145.1,425.66,Clothing & Apparel,3,3,Loyal
960,Kathleen Ramirez,Provo,Utah,West,2024-07-16,168,1,4194.12,584.05,4194.12,Home & Furniture,4,5,Champions
961,Todd Tucker,Kansas City,Missouri,Centre,2024-08-14,139,1,250.34,56.7,250.34,Accessories,4,2,Potential
962,Mr. Isaiah Wright,Tuscaloosa,Alabama,South,2024-12-18,13,1,602.5,185.03,602.5,Home & Furniture,5,3,Potential
963,William Brown,Des Moines,Iowa,Centre,2023-11-23,404,1,272.35,73.23,272.35,Clothing & Apparel,2,2,Lost
964,Connie Gonzales,Boston,Massachusetts,East,2023-07-15,535,1,1733.68,682.2,1733.68,Clothing & Apparel,1,5,High_Value
965,Samantha Price,Cheyenne,Wyoming,West,2024-03-03,303,1,451.42,140.72,451.42,Accessories,3,3,Loyal
966,James Anderson,Philadelphia,Pennsylvania,East,2023-11-21,406,1,577.16,56.09,577.16,Electronics,2,3,At_Risk
967,Steven Perez,Manchester,New Hampshire,East,2024-04-11,264,1,1193.04,473.8,1193.04,Clothing & Apparel,3,5,Loyal
968,Alex Rodriguez,Louisville,Kentucky,South,2024-01-01,365,1,721.89,153.88,721.89,Home & Furniture,3,4,Loyal
969,Jon Little,Denver,Colorado,West,2024-06-24,190,1,104.02,48.07,104.02,Accessories,4,1,At_Risk
970,Lee Woodard,Providence,Rhode Island,East,2024-11-18,43,1,1096.14,107.14,1096.14,Electronics,5,5,Champions
971,James Mitchell,Memphis,Tennessee,South,2024-10-07,85,1,521.15,87.94,521.15,Electronics,4,3,Potential
972,Diamond Jones,Manchester,New Hampshire,East,2023-11-21,406,1,260.93,45.93,260.93,Electronics,2,2,Lost
973,Danny Landry,Springfield,Illinois,Centre,2023-11-07,420,1,283.24,112.76,283.24,Clothing & Apparel,2,2,Lost
974,Amanda Weaver,Cedar Rapids,Iowa,Centre,2023-05-16,595,1,187.28,42.5,187.28,Accessories,1,1,Lost
975,Craig Harding,Detroit,Michigan,Centre,2024-11-14,47,1,166.9,49.73,166.9,Clothing & Apparel,5,1,At_Risk
976,Alejandro Jones,Tallahassee,Florida,South,2023-11-21,406,1,1009.19,199.74,1009.19,Electronics,2,4,High_Value
977,Wanda Ramos,Las Vegas,Nevada,West,2024-12-29,2,1,865.68,314.97,865.68,Clothing & Apparel,5,4,Champions
978,Sheila Perkins,Los Angeles,California,West,2023-11-17,410,1,450.46,178.06,450.46,Clothing & Apparel,2,3,At_Risk
979,Denise Reed,Seattle,Washington,West,2023-12-23,374,1,635.74,265.91,635.74,Clothing & Apparel,3,4,Loyal
980,Kevin Cortez,Augusta,Maine,East,2023-10-18,440,1,152.92,30.3,152.92,Electronics,2,1,Lost
981,Nicole Rodriguez,Portland,Oregon,West,2024-05-01,244,1,791.04,225.23,791.04,Clothing & Apparel,4,4,Champions
982,Candice Graham,Nashua,New Hampshire,East,2024-10-07,85,1,746.54,179.92,746.54,Home & Furniture,4,4,Champions
983,Andrea Adams,Columbus,Ohio,Centre,2023-04-18,623,1,802.49,123.55,802.49,Home & Furniture,1,4,High_Value
984,Jared White,Billings,Montana,West,2023-11-23,404,1,338.55,96.82,338.55,Clothing & Apparel,2,2,Lost
985,Erika Roberts,Worcester,Massachusetts,East,2024-05-24,221,1,625.04,56.67,625.04,Electronics,4,3,Potential
986,Shannon Hamilton,Provo,Utah,West,2023-02-20,680,1,397.6,118.39,397.6,Clothing & Apparel,1,3,At_Risk
987,Derek Lee,Las Vegas,Nevada,West,2023-11-14,413,1,92.93,42.74,92.93,Accessories,2,1,Lost
988,Paul Cook,San Jose,California,West,2024-02-20,315,1,788.61,138.2,788.61,Home & Furniture,3,4,Loyal
989,Mrs. Mindy Miller DVM,Houston,Texas,South,2023-06-07,573,1,1159.02,152.35,1159.02,Electronics,1,5,High_Value
990,Megan Castillo,Fort Smith,Arkansas,South,2024-02-26,309,1,539.79,226.53,539.79,Clothing & Apparel,3,3,Loyal
991,Kathleen Cunningham,Bismarck,North Dakota,Centre,2024-06-06,208,1,209.94,42.9,209.94,Clothing & Apparel,4,2,Potential
992,Russell Cox,Los Angeles,California,West,2024-10-30,62,1,224.17,92.71,224.17,Accessories,5,2,Potential
993,Laura Williams,Indianapolis,Indiana,Centre,2023-12-18,379,1,191.62,92.68,191.62,Accessories,3,1,At_Risk
994,Colin Johnson,Dallas,Texas,South,2024-07-13,171,1,972.97,108.28,972.97,Electronics,4,4,Champions
995,Mary Flores,Phoenix,Arizona,West,2024-03-13,293,1,404.77,74.61,404.77,Electronics,3,3,Loyal
996,Mark Wright,Montpelier,Vermont,East,2024-07-19,165,1,235.61,43.94,235.61,Electronics,4,2,Potential
997,Allison Smith,Glendale,Arizona,West,2024-12-30,1,1,123.36,59.16,123.36,Accessories,5,1,At_Risk
998,Natalie Fisher,San Diego,California,West,2023-11-04,423,1,789.62,194.04,789.62,Clothing & Apparel,2,4,High_Value
999,Terri Clark,St. Paul,Minnesota,Centre,2023-10-15,443,1,619.12,167.66,619.12,Clothing & Apparel,2,3,At_Risk
1000,Sharon Jimenez,Milwaukee,Wisconsin,Centre,2023-09-04,484,1,816.3,266.93,816.3,Clothing & Apparel,2,4,High_Value
1001,Jeanne Patterson,Seattle,Washington,West,2023-05-09,602,1,1842.72,478.56,1842.72,Clothing & Apparel,1,5,High_Value
1002,Heather Moore,Rochester,New York,East,2024-04-13,262,1,206.36,59.15,206.36,Clothing & Apparel,3,2,At_Risk
1003,Theresa Bailey,Fort Wayne,Indiana,Centre,2023-05-10,601,1,446.61,45.82,446.61,Electronics,1,3,At_Risk
1004,Holly Morrow,Miami,Florida,South,2024-11-21,40,1,199.91,65.73,199.91,Clothing & Apparel,5,2,Potential
1005,Phillip Smith,Lincoln,Nebraska,Centre,2024-04-13,262,1,59.13,20.12,59.13,Accessories,3,1,At_Risk
1006,Amy Campbell,Manchester,New Hampshire,East,2023-02-28,672,1,131.89,54.53,131.89,Clothing & Apparel,1,1,Lost
1007,Jennifer Carroll,Cheyenne,Wyoming,West,2024-12-22,9,2,376.67,129.41,188.335,Clothing & Apparel,5,3,Potential
1008,Tina Patterson,Phoenix,Arizona,West,2023-03-13,659,1,1667.72,229.77,1667.72,Electronics,1,5,High_Value
1009,Samantha Palmer,Miami,Florida,South,2024-07-12,172,1,65.07,25.97,65.07,Clothing & Apparel,4,1,At_Risk
1010,Scott Schmitt,Phoenix,Arizona,West,2024-11-08,53,1,927.87,168.09,927.87,Electronics,5,4,Champions
1011,Melissa Jones,Philadelphia,Pennsylvania,East,2023-01-29,702,1,545.32,200.3,545.32,Accessories,1,3,At_Risk
1012,Joseph Robinson,Grand Rapids,Michigan,Centre,2024-12-07,24,1,1979.12,369.32,1979.12,Electronics,5,5,Champions
1013,Olivia Campbell,New Haven,Connecticut,East,2024-01-19,347,1,586.37,59.62,586.37,Electronics,3,3,Loyal
1014,Tyler Stevens,Jersey City,New Jersey,East,2023-03-06,666,1,51.69,16.32,51.69,Accessories,1,1,Lost
1015,Kathryn Rodriguez,Manchester,New Hampshire,East,2024-11-08,53,1,731.82,247.84,731.82,Accessories,5,4,Champions
1016,Daniel Jones,Annapolis,Maryland,East,2023-12-17,380,1,505.35,199.0,505.35,Clothing & Apparel,3,3,Loyal
1017,Jordan Valencia,Pittsburgh,Pennsylvania,East,2023-09-25,463,1,245.2,74.18,245.2,Home & Furniture,2,2,Lost
1018,Michelle Hogan,Casper,Wyoming,West,2023-11-05,422,1,98.21,21.68,98.21,Accessories,2,1,Lost
1019,Christina Ford,Milwaukee,Wisconsin,Centre,2024-11-06,55,1,944.84,229.29,944.84,Clothing & Apparel,5,4,Champions
1020,Derek Harrison,Springfield,Illinois,Centre,2024-05-24,221,1,683.43,103.15,683.43,Home & Furniture,4,4,Champions
1021,Brent Gomez,Tucson,Arizona,West,2024-11-15,46,1,107.92,26.88,107.92,Clothing & Apparel,5,1,At_Risk
1022,Allen Garcia,Jackson,Mississippi,South,2024-11-23,38,1,1040.55,319.38,1040.55,Clothing & Apparel,5,4,Champions
1023,Tim Vargas,Jersey City,New Jersey,East,2024-12-14,17,1,1471.25,656.64,1471.25,Clothing & Apparel,5,5,Champions
1024,Jennifer Aguirre,Milwaukee,Wisconsin,Centre,2024-03-03,303,1,1066.14,367.18,1066.14,Home & Furniture,3,5,Loyal
1025,Roger Conner,Providence,Rhode Island,East,2023-01-06,725,1,224.52,83.86,224.52,Clothing & Apparel,1,2,Lost
1026,John Cortez,Las Vegas,Nevada,West,2023-11-14,413,1,483.01,96.5,483.01,Home & Furniture,2,3,At_Risk
1027,Mr. Bradley Wu,Minneapolis,Minnesota,Centre,2023-11-12,415,1,557.88,254.75,557.88,Accessories,2,3,At_Risk
1028,Cory Sampson,New York City,New York,East,2024-11-18,43,1,287.83,45.75,287.83,Electronics,5,2,Potential
1029,Richard Russell,Madison,Wisconsin,Centre,2023-10-07,451,1,344.0,55.74,344.0,Electronics,2,2,Lost
1030,Anne Jackson,Huntington,West Virginia,South,2024-09-05,117,1,180.8,18.84,180.8,Electronics,4,1,At_Risk
1031,Lori Lane,Missoula,Montana,West,2024-11-25,36,1,1822.64,273.67,1822.64,Electronics,5,5,Champions
1032,James Williams,Portland,Oregon,West,2023-09-04,484,1,1122.15,312.95,1122.15,Home & Furniture,2,5,High_Value
1033,Cesar Sanchez,San Diego,California,West,2023-04-23,618,1,197.6,70.0,197.6,Accessories,1,2,Lost
1034,Jordan Benton,San Jose,California,West,2024-03-03,303,1,2584.8,352.24,2584.8,Electronics,3,5,Loyal
1035,Dylan Daugherty,San Diego,California,West,2023-05-07,604,1,841.42,284.09,841.42,Home & Furniture,1,4,High_Value
1036,Michael Moore,Augusta,Maine,East,2023-06-06,574,1,256.51,58.23,256.51,Home & Furniture,1,2,Lost
1037,Jill Mccormick,New Haven,Connecticut,East,2023-01-09,722,1,3524.58,718.13,3524.58,Home & Furniture,1,5,High_Value
1038,Mark Meyer,Detroit,Michigan,Centre,2024-12-25,6,1,600.58,196.24,600.58,Clothing & Apparel,5,3,Potential
1039,Paula Bailey,Huntsville,Alabama,South,2023-06-07,573,1,588.81,269.46,588.81,Accessories,1,3,At_Risk
1040,Manuel Roberts,Rapid City,South Dakota,Centre,2024-05-18,227,1,1716.24,368.34,1716.24,Home & Furniture,4,5,Champions
1041,Rebecca Barrett,Bismarck,North Dakota,Centre,2024-04-29,246,1,386.82,48.26,386.82,Electronics,4,3,Potential
1042,Brittany Whitehead MD,Tallahassee,Florida,South,2024-11-20,41,1,536.66,136.17,536.66,Clothing & Apparel,5,3,Potential
1043,Joshua Gay,Augusta,Maine,East,2024-04-12,263,1,2366.07,490.1,2366.07,Home & Furniture,3,5,Loyal
1044,Brian Long,Missoula,Montana,West,2024-12-30,1,1,2686.84,512.01,2686.84,Home & Furniture,5,5,Champions
1045,Christine Potter,Fargo,North Dakota,Centre,2023-11-27,400,1,189.72,53.3,189.72,Home & Furniture,3,1,At_Risk
1046,Robin Duke,Missoula,Montana,West,2023-09-18,470,1,187.25,57.34,187.25,Clothing & Apparel,2,1,Lost
1047,Melissa Herrera,Miami,Florida,South,2023-01-25,706,1,934.29,316.48,934.29,Clothing & Apparel,1,4,High_Value
1048,Jessica Fields,Salem,Oregon,West,2023-12-09,388,1,270.75,30.37,270.75,Electronics,3,2,At_Risk
1049,Joshua Miller,Birmingham,Alabama,South,2023-10-03,455,1,178.24,63.25,178.24,Clothing & Apparel,2,1,Lost
1050,James Ross,Newark,New Jersey,East,2023-05-30,581,1,536.12,85.06,536.12,Electronics,1,3,At_Risk
1051,Karen Merritt,Columbus,Ohio,Centre,2024-11-11,50,1,93.1,33.86,93.1,Clothing & Apparel,5,1,At_Risk
1052,Lance Lopez,Austin,Texas,South,2024-07-18,166,1,177.01,38.55,177.01,Accessories,4,1,At_Risk
1053,Karen Welch,Des Moines,Iowa,Centre,2023-03-21,651,1,2015.16,652.83,2015.16,Home & Furniture,1,5,High_Value
1054,Brian Horn,Tallahassee,Florida,South,2023-05-18,593,1,84.33,35.08,84.33,Clothing & Apparel,1,1,Lost
1055,Maria Navarro,Dover,Delaware,East,2024-09-01,121,1,1767.04,235.85,1767.04,Electronics,4,5,Champions
1056,Dr. Benjamin Miller,Colorado Springs,Colorado,West,2023-04-29,612,1,320.35,79.45,320.35,Home & Furniture,1,2,Lost
1057,Michele Bennett,Missoula,Montana,West,2023-11-26,401,1,936.24,411.51,936.24,Clothing & Apparel,3,4,Loyal
1058,Kent Wright,Burlington,Vermont,East,2024-11-18,43,1,489.94,144.74,489.94,Home & Furniture,5,3,Potential
1059,Monica Arnold,Nashua,New Hampshire,East,2023-11-27,400,1,226.32,102.48,226.32,Accessories,3,2,At_Risk
1060,Caleb Young,Nashua,New Hampshire,East,2024-12-07,24,1,880.24,74.27,880.24,Electronics,5,4,Champions
1061,James Ibarra,Baltimore,Maryland,East,2023-06-08,572,1,2515.6,315.34,2515.6,Electronics,1,5,High_Value
1062,Stephanie Phillips,Miami,Florida,South,2024-04-04,271,1,102.46,17.49,102.46,Home & Furniture,3,1,At_Risk
1063,David Bray MD,Salem,Oregon,West,2024-03-09,297,1,108.79,32.71,108.79,Accessories,3,1,At_Risk
1064,David Wilson,Fargo,North Dakota,Centre,2023-07-06,544,1,439.04,123.96,439.04,Accessories,1,3,At_Risk
1065,Brenda Garcia,Casper,Wyoming,West,2024-12-03,28,1,399.96,150.12,399.96,Accessories,5,3,Potential
1066,Richard Allen,Rochester,New York,East,2024-06-09,205,1,194.49,51.44,194.49,Clothing & Apparel,4,1,At_Risk
1067,Charles Brown DVM,Santa Fe,New Mexico,West,2024-11-03,58,1,1713.48,265.88,1713.48,Home & Furniture,5,5,Champions
1068,Lisa Gregory,Cincinnati,Ohio,Centre,2023-09-15,473,1,567.3,188.96,567.3,Home & Furniture,2,3,At_Risk
1069,Ashley Avery,Jackson,Mississippi,South,2024-10-06,86,1,303.14,63.69,303.14,Home & Furniture,4,2,Potential
1070,Melvin Estrada,Phoenix,Arizona,West,2024-11-05,56,1,1799.2,293.4,1799.2,Electronics,5,5,Champions
1071,James Baker,Newark,New Jersey,East,2024-12-19,12,2,1203.79,267.95,601.895,Home & Furniture,5,5,Champions
1072,Catherine Parrish,Newark,New Jersey,East,2024-09-13,109,1,754.35,77.98,754.35,Electronics,4,4,Champions
1073,Antonio Bradshaw,Mesa,Arizona,West,2023-11-01,426,1,644.22,202.69,644.22,Clothing & Apparel,2,4,High_Value
1074,Garrett Padilla,St. Paul,Minnesota,Centre,2024-12-16,15,1,1354.17,186.44,1354.17,Home & Furniture,5,5,Champions
1075,Christopher Flores,Cleveland,Ohio,Centre,2024-10-09,83,1,188.9,62.07,188.9,Home & Furniture,4,1,At_Risk
1076,Keith Willis,New Haven,Connecticut,East,2023-10-07,451,1,545.76,53.41,545.76,Electronics,2,3,At_Risk
1077,Anne Clark,Atlanta,Georgia,South,2023-11-16,411,1,118.38,42.65,118.38,Accessories,2,1,Lost
1078,Nicole Taylor,Billings,Montana,West,2024-11-08,53,2,3273.24,496.46,1636.62,Electronics,5,5,Champions
1079,Kevin Howell,Spokane,Washington,West,2023-11-12,415,1,231.33,79.7,231.33,Clothing & Apparel,2,2,Lost
1080,Christopher Thomas,Grand Rapids,Michigan,Centre,2024-08-04,149,1,1009.58,305.63,1009.58,Home & Furniture,4,4,Champions
1081,Dr. Michelle Lee MD,Boston,Massachusetts,East,2024-09-01,121,1,270.9,25.07,270.9,Electronics,4,2,Potential
1082,Jessica Ruiz,Miami,Florida,South,2023-09-15,473,1,159.44,71.74,159.44,Clothing & Apparel,2,1,Lost
1083,Joseph Santiago Jr.,Little Rock,Arkansas,South,2024-09-10,112,1,398.0,128.85,398.0,Clothing & Apparel,4,3,Potential
1084,Nicole Garza,Nashville,Tennessee,South,2024-11-04,57,1,674.67,140.41,674.67,Home & Furniture,5,4,Champions
1085,Jeffrey Davis,Columbia,South Carolina,South,2023-07-30,520,1,422.12,161.12,422.12,Accessories,2,3,At_Risk
1086,Vickie Taylor,San Jose,California,West,2023-06-02,578,1,86.03,27.3,86.03,Accessories,1,1,Lost
1087,Natalie Mann,Kansas City,Missouri,Centre,2024-10-24,68,1,1333.12,147.22,1333.12,Electronics,5,5,Champions
1088,Joshua Nelson,San Diego,California,West,2023-11-05,422,1,1044.53,177.13,1044.53,Electronics,2,4,High_Value
1089,Brittany Johnson,Montpelier,Vermont,East,2023-01-29,702,1,465.4,87.38,465.4,Home & Furniture,1,3,At_Risk
1090,Kimberly Ramirez,Jersey City,New Jersey,East,2023-04-27,614,1,1234.08,143.45,1234.08,Electronics,1,5,High_Value
1091,Kenneth Ross,Provo,Utah,West,2024-02-04,331,1,2117.25,460.91,2117.25,Home & Furniture,3,5,Loyal
1092,Beth Perry,Salem,Oregon,West,2024-05-02,243,1,272.19,69.22,272.19,Home & Furniture,4,2,Potential
1093,Robert Lynch,Newark,New Jersey,East,2023-11-28,399,1,284.02,86.12,284.02,Clothing & Apparel,3,2,At_Risk
1094,Robert Weiss,San Francisco,California,West,2024-06-21,193,1,456.66,157.07,456.66,Home & Furniture,4,3,Potential
1095,Gregory Griffin,Casper,Wyoming,West,2024-10-04,88,1,3726.12,319.83,3726.12,Electronics,4,5,Champions
1096,Nicholas Richards,Aurora,Illinois,Centre,2023-12-23,374,1,240.26,80.38,240.26,Accessories,3,2,At_Risk
1097,Donna Martin,Rochester,New York,East,2023-07-30,520,1,795.75,67.89,795.75,Electronics,2,4,High_Value
1098,Courtney Morales,Kansas City,Missouri,Centre,2024-11-29,32,1,337.09,84.97,337.09,Clothing & Apparel,5,2,Potential
1099,Kerri Meyers,Savannah,Georgia,South,2024-06-30,184,1,274.59,38.76,274.59,Home & Furniture,4,2,Potential
1100,John Robinson,Detroit,Michigan,Centre,2023-08-21,498,1,902.34,112.97,902.34,Electronics,2,4,High_Value
1101,Crystal Douglas,Tuscaloosa,Alabama,South,2024-10-15,77,1,197.12,87.43,197.12,Clothing & Apparel,4,2,Potential
1102,Gary Ramos,Detroit,Michigan,Centre,2024-09-02,120,1,2091.51,391.21,2091.51,Electronics,4,5,Champions
1103,Rachel Reyes,Baton Rouge,Louisiana,South,2023-12-11,386,1,822.56,238.46,822.56,Home & Furniture,3,4,Loyal
1104,Sarah Thompson,Hartford,Connecticut,East,2024-07-13,171,1,151.47,50.84,151.47,Accessories,4,1,At_Risk
1105,Kaitlyn Kane,Tallahassee,Florida,South,2024-08-28,125,1,533.88,231.94,533.88,Accessories,4,3,Potential
1106,Thomas Houston,Worcester,Massachusetts,East,2023-09-05,483,1,1179.03,465.78,1179.03,Clothing & Apparel,2,5,High_Value
1107,Matthew Gordon MD,Wilmington,Delaware,East,2024-05-29,216,1,125.5,21.17,125.5,Electronics,4,1,At_Risk
1108,Kevin Hendricks,Mesa,Arizona,West,2023-02-27,673,1,238.42,70.86,238.42,Home & Furniture,1,2,Lost
1109,Walter Harrison,Augusta,Maine,East,2024-10-17,75,1,661.5,108.68,661.5,Electronics,5,4,Champions
1110,Jose Warner,Mesa,Arizona,West,2023-09-29,459,1,726.12,309.1,726.12,Accessories,2,4,High_Value
1111,Douglas Frazier,Burlington,Vermont,East,2024-12-11,20,1,778.32,137.48,778.32,Electronics,5,4,Champions
1112,Mark Carter,Des Moines,Iowa,Centre,2024-11-09,52,1,1512.09,184.34,1512.09,Electronics,5,5,Champions
1113,Troy Barker,Cedar Rapids,Iowa,Centre,2023-07-04,546,1,1601.28,499.97,1601.28,Home & Furniture,1,5,High_Value
1114,Michael Wilson,Fayetteville,Arkansas,South,2023-02-14,686,1,182.73,72.49,182.73,Accessories,1,1,Lost
1115,Deborah Mccarthy,Little Rock,Arkansas,South,2024-01-01,365,1,414.39,41.92,414.39,Electronics,3,3,Loyal
1116,Andrew Johnson,Mesa,Arizona,West,2023-11-28,399,1,454.88,90.02,454.88,Electronics,3,3,Loyal
1117,Kevin Cummings,Worcester,Massachusetts,East,2023-12-24,373,1,843.76,132.17,843.76,Electronics,3,4,Loyal
1118,Natalie Gordon,Denver,Colorado,West,2023-12-01,396,1,82.98,33.52,82.98,Clothing & Apparel,3,1,At_Risk
1119,Courtney Baker,Reno,Nevada,West,2023-11-14,413,1,313.37,34.58,313.37,Electronics,2,2,Lost
1120,Renee Smith,San Diego,California,West,2024-08-23,130,1,990.68,486.0,990.68,Accessories,4,4,Champions
1121,Jordan Allen,Manchester,New Hampshire,East,2024-05-18,227,1,77.82,26.07,77.82,Clothing & Apparel,4,1,At_Risk
1122,James Hahn,Colorado Springs,Colorado,West,2024-03-30,276,1,1783.14,596.57,1783.14,Home & Furniture,3,5,Loyal
1123,Emily Lang,San Antonio,Texas,South,2024-04-13,262,1,123.62,45.74,123.62,Clothing & Apparel,3,1,At_Risk
1124,Edward Jackson,Salt Lake City,Utah,West,2024-12-04,27,2,1574.47,372.79,787.235,Clothing & Apparel,5,5,Champions
1125,James Jackson,Austin,Texas,South,2023-11-10,417,1,1436.94,140.1,1436.94,Electronics,2,5,High_Value
1126,Nicholas Torres,Tampa,Florida,South,2024-01-23,343,1,390.06,48.93,390.06,Electronics,3,3,Loyal
1127,Jared Dorsey,San Francisco,California,West,2024-06-29,185,1,110.49,9.64,110.49,Electronics,4,1,At_Risk
1128,Charles Ferguson,Glendale,Arizona,West,2024-12-08,23,1,4258.25,475.22,4258.25,Electronics,5,5,Champions
1129,Nicole Lee,Montpelier,Vermont,East,2024-07-07,177,1,220.61,44.94,220.61,Home & Furniture,4,2,Potential
1130,Stephanie Washington,Salem,Oregon,West,2024-09-13,109,1,573.3,222.16,573.3,Clothing & Apparel,4,3,Potential
1131,Ryan Allen,Manchester,New Hampshire,East,2024-11-22,39,1,2057.54,253.8,2057.54,Electronics,5,5,Champions
1132,Preston Hendricks,Springfield,Illinois,Centre,2024-09-04,118,1,2238.94,310.85,2238.94,Electronics,4,5,Champions
1133,Jamie Gallagher,Reno,Nevada,West,2024-10-12,80,1,237.48,57.82,237.48,Accessories,4,2,Potential
1134,Haley Casey,Wilmington,Delaware,East,2023-12-30,367,1,1834.08,231.14,1834.08,Electronics,3,5,Loyal
1135,Richard Thomas,Gulfport,Mississippi,South,2023-03-01,671,1,470.52,157.83,470.52,Home & Furniture,1,3,At_Risk
1136,Cynthia Walker,Chandler,Arizona,West,2024-11-23,38,1,1039.14,185.04,1039.14,Electronics,5,4,Champions
1137,Lisa Becker,Houston,Texas,South,2024-12-05,26,1,3596.0,401.27,3596.0,Electronics,5,5,Champions
1138,Cameron Reeves,Omaha,Nebraska,Centre,2023-07-31,519,1,145.18,52.99,145.18,Accessories,2,1,Lost
1139,Joanna Gross,Lincoln,Nebraska,Centre,2023-04-25,616,1,890.64,112.2,890.64,Electronics,1,4,High_Value
1140,Carlos Bowers,Fargo,North Dakota,Centre,2024-06-28,186,1,317.73,118.06,317.73,Clothing & Apparel,4,2,Potential
1141,Andrew Osborne,Milwaukee,Wisconsin,Centre,2023-10-28,430,1,62.74,14.88,62.74,Clothing & Apparel,2,1,Lost
1142,Manuel Barber,St. Paul,Minnesota,Centre,2023-12-26,371,1,1279.92,546.39,1279.92,Clothing & Apparel,3,5,Loyal
1143,Amanda Garrett,Minneapolis,Minnesota,Centre,2024-01-23,343,1,225.15,74.17,225.15,Home & Furniture,3,2,At_Risk
1144,Wanda Cochran,New Haven,Connecticut,East,2023-08-14,505,1,307.92,49.79,307.92,Home & Furniture,2,2,Lost
1145,Shelley Scott,Milwaukee,Wisconsin,Centre,2024-04-10,265,1,503.48,159.32,503.48,Accessories,3,3,Loyal
1146,Glenn Martinez,Hartford,Connecticut,East,2023-02-07,693,1,800.08,173.59,800.08,Home & Furniture,1,4,High_Value
1147,James Warner,Wichita,Kansas,Centre,2024-08-22,131,1,2995.53,565.23,2995.53,Electronics,4,5,Champions
1148,Angela Hall,Rapid City,South Dakota,Centre,2023-08-14,505,1,934.82,86.07,934.82,Electronics,2,4,High_Value
1149,Hannah Robinson,Phoenix,Arizona,West,2024-12-18,13,1,214.23,43.88,214.23,Accessories,5,2,Potential
1150,Christopher Cross,St. Paul,Minnesota,Centre,2024-11-30,31,1,822.56,182.68,822.56,Clothing & Apparel,5,4,Champions
1151,Jeremiah Moore,Columbia,South Carolina,South,2023-07-29,521,1,1837.41,288.83,1837.41,Electronics,2,5,High_Value
1152,Sandra Cortez,Fargo,North Dakota,Centre,2023-02-26,674,1,172.17,62.45,172.17,Accessories,1,1,Lost
1153,Sarah Miller,San Diego,California,West,2024-09-29,93,1,717.26,205.73,717.26,Clothing & Apparel,4,4,Champions
1154,Kendra Richards,Tampa,Florida,South,2023-06-14,566,1,372.76,114.29,372.76,Home & Furniture,1,3,At_Risk
1155,Jared Mills,Orlando,Florida,South,2024-12-29,2,1,995.5,292.43,995.5,Home & Furniture,5,4,Champions
1156,Jeffrey Marshall,Detroit,Michigan,Centre,2024-12-26,5,1,1037.62,206.23,1037.62,Electronics,5,4,Champions
1157,Tamara Morris,Colorado Springs,Colorado,West,2023-11-24,403,1,213.42,75.76,213.42,Accessories,3,2,At_Risk
1158,Christina Stone,Memphis,Tennessee,South,2024-05-25,220,1,1146.45,416.79,1146.45,Clothing & Apparel,4,5,Champions
1159,Brandon Cabrera DDS,Missoula,Montana,West,2023-02-25,675,1,410.76,186.98,410.76,Accessories,1,3,At_Risk
1160,Terrence Parker,St. Paul,Minnesota,Centre,2023-05-07,604,1,93.02,26.49,93.02,Clothing & Apparel,1,1,Lost
1161,Luis Delgado,Newark,New Jersey,East,2024-08-11,142,1,149.26,62.68,149.26,Clothing & Apparel,4,1,At_Risk
1162,Kimberly Adams,Augusta,Maine,East,2023-11-12,415,1,157.75,23.33,157.75,Electronics,2,1,Lost
1163,Sandra Savage,Columbia,South Carolina,South,2024-11-01,60,1,3256.85,396.15,3256.85,Home & Furniture,5,5,Champions
1164,Annette Faulkner,Chandler,Arizona,West,2023-01-15,716,1,279.62,118.69,279.62,Accessories,1,2,Lost
1165,Michael Delgado,Detroit,Michigan,Centre,2024-01-25,341,1,301.38,33.76,301.38,Electronics,3,2,At_Risk
1166,Brian Weber,Glendale,Arizona,West,2023-10-24,434,1,33.07,8.09,33.07,Clothing & Apparel,2,1,Lost
1167,Catherine Ray,Huntsville,Alabama,South,2024-12-22,9,1,206.85,59.66,206.85,Clothing & Apparel,5,2,Potential
1168,Cory Gordon,Billings,Montana,West,2023-11-18,409,1,2620.56,510.36,2620.56,Electronics,2,5,High_Value
1169,Mr. George Murphy,Cheyenne,Wyoming,West,2023-08-31,488,1,566.1,164.82,566.1,Home & Furniture,2,3,At_Risk
1170,Jason Coleman,Kansas City,Missouri,Centre,2023-12-18,379,1,508.24,41.21,508.24,Electronics,3,3,Loyal
1171,Rebecca Lane,Huntington,West Virginia,South,2023-11-24,403,1,155.6,59.5,155.6,Clothing & Apparel,3,1,At_Risk
1172,Terri Sharp MD,Hartford,Connecticut,East,2023-12-16,381,1,821.17,85.42,821.17,Electronics,3,4,Loyal
1173,William Madden,Atlanta,Georgia,South,2024-11-29,32,1,355.83,77.16,355.83,Clothing & Apparel,5,2,Potential
1174,Tiffany Williams,Topeka,Kansas,Centre,2024-11-28,33,1,1637.06,398.36,1637.06,Home & Furniture,5,5,Champions
1175,Joseph Crawford,Newark,New Jersey,East,2023-03-03,669,1,842.96,245.66,842.96,Clothing & Apparel,1,4,High_Value
1176,Ernest Ray,Savannah,Georgia,South,2024-12-03,28,1,1448.26,257.63,1448.26,Electronics,5,5,Champions
1177,Matthew Williams,Rochester,New York,East,2024-04-18,257,2,2444.71,461.29,1222.355,Clothing & Apparel,3,5,Loyal
1178,Cindy Wagner,Albuquerque,New Mexico,West,2024-05-21,224,1,396.0,100.9,396.0,Accessories,4,3,Potential
1179,Anthony Meyer,Tucson,Arizona,West,2024-06-04,210,1,85.69,31.32,85.69,Clothing & Apparel,4,1,At_Risk
1180,Mr. Roger Arnold PhD,Oklahoma City,Oklahoma,South,2024-11-16,45,1,1541.72,280.85,1541.72,Electronics,5,5,Champions
1181,Tina Bailey DDS,Santa Fe,New Mexico,West,2023-05-06,605,1,462.92,92.44,462.92,Electronics,1,3,At_Risk
1182,Christopher Williams,Wilmington,Delaware,East,2024-01-13,353,1,972.91,227.8,972.91,Home & Furniture,3,4,Loyal
1183,Henry Johnson,Lincoln,Nebraska,Centre,2023-12-29,368,1,158.98,29.26,158.98,Accessories,3,1,At_Risk
1184,Joshua Brown,Philadelphia,Pennsylvania,East,2023-03-30,642,1,739.11,251.72,739.11,Home & Furniture,1,4,High_Value
1185,Becky Warren,Cheyenne,Wyoming,West,2024-01-13,353,1,618.86,184.63,618.86,Home & Furniture,3,3,Loyal
1186,Lisa Blake,Grand Rapids,Michigan,Centre,2024-04-29,246,1,642.93,172.26,642.93,Home & Furniture,4,4,Champions
1187,Bradley Burke,Sacramento,California,West,2023-06-22,558,1,158.77,69.98,158.77,Clothing & Apparel,1,1,Lost
1188,David Smith,Las Vegas,Nevada,West,2024-10-18,74,1,458.64,145.89,458.64,Home & Furniture,5,3,Potential
1189,Crystal Alexander,Philadelphia,Pennsylvania,East,2024-12-07,24,1,439.87,134.93,439.87,Clothing & Apparel,5,3,Potential
1190,Heather Pratt,Santa Fe,New Mexico,West,2023-11-25,402,1,101.5,29.22,101.5,Accessories,3,1,At_Risk
1191,William Thomas DDS,Charleston,West Virginia,South,2023-11-27,400,1,556.6,184.61,556.6,Home & Furniture,3,3,Loyal
1192,Angela Hutchinson,Provo,Utah,West,2024-08-05,148,1,342.01,144.57,342.01,Clothing & Apparel,4,2,Potential
1193,Anna Brown,Nashua,New Hampshire,East,2024-08-29,124,1,733.78,168.37,733.78,Home & Furniture,4,4,Champions
1194,Steven Mcdowell,Augusta,Maine,East,2024-10-25,67,1,1295.34,198.38,1295.34,Home & Furniture,5,5,Champions
1195,Tiffany Schwartz,Philadelphia,Pennsylvania,East,2024-10-17,75,1,92.16,21.47,92.16,Clothing & Apparel,5,1,At_Risk
1196,Matthew Williamson,Cedar Rapids,Iowa,Centre,2024-11-30,31,1,134.91,67.38,134.91,Accessories,5,1,At_Risk
1197,Daniel Montes,Atlanta,Georgia,South,2024-12-13,18,1,400.45,61.11,400.45,Home & Furniture,5,3,Potential
1198,Stephanie Pena,Santa Fe,New Mexico,West,2024-11-27,34,1,893.92,304.91,893.92,Home & Furniture,5,4,Champions
1199,Tracy Atkins,Manchester,New Hampshire,East,2024-08-27,126,1,148.65,41.5,148.65,Accessories,4,1,At_Risk
1200,Christopher Howell,Rapid City,South Dakota,Centre,2023-04-04,637,1,319.6,135.08,319.6,Clothing & Apparel,1,2,Lost
1201,David Johnson,Columbia,South Carolina,South,2023-11-21,406,2,1171.61,273.0,585.805,Accessories,2,5,High_Value
1202,Brianna Wagner,Cedar Rapids,Iowa,Centre,2023-10-07,451,1,590.56,115.17,590.56,Home & Furniture,2,3,At_Risk
1203,Janet Vaughn,New Haven,Connecticut,East,2023-10-17,441,1,554.95,77.34,554.95,Electronics,2,3,At_Risk
1204,Joshua Cowan,Augusta,Maine,East,2023-12-09,388,1,521.66,95.83,521.66,Electronics,3,3,Loyal
1205,Heather Johnson,Cedar Rapids,Iowa,Centre,2023-12-14,383,1,301.32,130.96,301.32,Clothing & Apparel,3,2,At_Risk
1206,Vanessa Dixon,Boston,Massachusetts,East,2024-11-19,42,1,1006.47,101.47,1006.47,Electronics,5,4,Champions
1207,Charles Harrison,Phoenix,Arizona,West,2023-06-19,561,1,959.3,250.87,959.3,Clothing & Apparel,1,4,High_Value
1208,Allison Jackson,Lexington,Kentucky,South,2023-09-30,458,1,909.06,180.02,909.06,Electronics,2,4,High_Value
1209,Jesse Yang,Reno,Nevada,West,2024-11-16,45,1,384.98,172.28,384.98,Clothing & Apparel,5,3,Potential
1210,Sarah Hernandez,Detroit,Michigan,Centre,2023-07-16,534,1,585.82,125.47,585.82,Clothing & Apparel,1,3,At_Risk
1211,Jennifer Casey,Montpelier,Vermont,East,2024-04-21,254,1,148.04,27.93,148.04,Home & Furniture,3,1,At_Risk
1212,Tina Cabrera,Oklahoma City,Oklahoma,South,2023-11-25,402,1,1147.96,438.98,1147.96,Clothing & Apparel,3,5,Loyal
1213,George Beck,Sioux Falls,South Dakota,Centre,2024-08-02,151,1,3985.1,591.73,3985.1,Home & Furniture,4,5,Champions
1214,Veronica Brown,Colorado Springs,Colorado,West,2024-10-31,61,1,1265.46,188.95,1265.46,Electronics,5,5,Champions
1215,Emma Willis,Baltimore,Maryland,East,2023-04-25,616,1,296.66,121.17,296.66,Clothing & Apparel,1,2,Lost
1216,Tracy Wood,Newark,New Jersey,East,2024-08-03,150,1,337.17,64.43,337.17,Accessories,4,2,Potential
1217,Kelly Arnold,Madison,Wisconsin,Centre,2023-06-02,578,1,379.76,99.65,379.76,Clothing & Apparel,1,3,At_Risk
1218,Edwin Black,Oklahoma City,Oklahoma,South,2024-12-02,29,1,664.08,131.35,664.08,Accessories,5,4,Champions
1219,John Miller,Des Moines,Iowa,Centre,2023-12-04,393,1,468.18,142.89,468.18,Home & Furniture,3,3,Loyal
1220,Victoria Ho,Cincinnati,Ohio,Centre,2024-01-28,338,1,822.62,148.99,822.62,Home & Furniture,3,4,Loyal
1221,Julia Lee,Manchester,New Hampshire,East,2024-11-13,48,1,2225.44,745.9,2225.44,Home & Furniture,5,5,Champions
1222,Brenda Williams,St. Paul,Minnesota,Centre,2024-11-04,57,1,494.7,39.6,494.7,Electronics,5,3,Potential
1223,Craig Miller,Philadelphia,Pennsylvania,East,2023-11-20,407,1,1206.45,413.8,1206.45,Clothing & Apparel,2,5,High_Value
1224,Tiffany Kaufman,Nashua,New Hampshire,East,2023-03-26,646,1,134.82,32.16,134.82,Accessories,1,1,Lost
1225,Timothy Patel,Springfield,Illinois,Centre,2024-06-04,210,1,478.17,64.68,478.17,Electronics,4,3,Potential
1226,Betty Powell,Austin,Texas,South,2024-12-01,30,1,214.52,28.99,214.52,Home & Furniture,5,2,Potential
1227,Laura Mccoy,Des Moines,Iowa,Centre,2024-02-26,309,1,266.18,96.88,266.18,Clothing & Apparel,3,2,At_Risk
1228,Natalie Obrien,Rochester,New York,East,2024-04-26,249,1,683.6,216.26,683.6,Clothing & Apparel,3,4,Loyal
1229,Charles Curtis,Minneapolis,Minnesota,Centre,2024-03-17,289,1,481.29,194.17,481.29,Clothing & Apparel,3,3,Loyal
1230,Michele Shaw,Lincoln,Nebraska,Centre,2023-09-20,468,1,717.17,93.2,717.17,Home & Furniture,2,4,High_Value
1231,Cynthia Smith,Miami,Florida,South,2023-12-24,373,1,316.82,69.24,316.82,Accessories,3,2,At_Risk
1232,Jared Miller,Orlando,Florida,South,2024-11-05,56,1,161.05,49.95,161.05,Home & Furniture,5,1,At_Risk
1233,Christopher Walker,Hartford,Connecticut,East,2023-11-19,408,1,640.42,88.81,640.42,Electronics,2,4,High_Value
1234,Sean Brown,Philadelphia,Pennsylvania,East,2024-07-12,172,1,815.41,81.85,815.41,Electronics,4,4,Champions
1235,Michelle Frye,Las Vegas,Nevada,West,2024-05-20,225,1,269.84,94.78,269.84,Accessories,4,2,Potential
1236,Charles White,Boston,Massachusetts,East,2024-09-26,96,1,1959.48,368.84,1959.48,Electronics,4,5,Champions
1237,Christopher Donaldson,Chicago,Illinois,Centre,2023-11-28,399,1,845.56,346.89,845.56,Clothing & Apparel,3,4,Loyal
1238,Dr. Erik Thomas Jr.,Worcester,Massachusetts,East,2024-07-22,162,1,299.68,97.33,299.68,Clothing & Apparel,4,2,Potential
1239,Gregg King,Wilmington,Delaware,East,2023-10-14,444,1,548.62,57.14,548.62,Electronics,2,3,At_Risk
1240,Christina Murray,Fort Wayne,Indiana,Centre,2023-12-02,395,1,327.84,61.98,327.84,Electronics,3,2,At_Risk
1241,Kelly Hansen,Burlington,Vermont,East,2023-06-01,579,1,605.84,163.65,605.84,Home & Furniture,1,3,At_Risk
1242,Mary Mcbride,Rapid City,South Dakota,Centre,2023-10-18,440,1,502.86,40.43,502.86,Electronics,2,3,At_Risk
1243,Ashley White,Fayetteville,Arkansas,South,2024-05-17,228,1,324.78,111.48,324.78,Clothing & Apparel,4,2,Potential
1244,Keith Lewis,Tucson,Arizona,West,2023-10-13,445,1,659.08,57.23,659.08,Electronics,2,4,High_Value
1245,Katherine Lopez,San Francisco,California,West,2024-09-03,119,1,493.03,52.17,493.03,Electronics,4,3,Potential
1246,Steve Brown,Boston,Massachusetts,East,2023-03-13,659,1,220.26,81.04,220.26,Accessories,1,2,Lost
1247,Brian Hurst,Santa Fe,New Mexico,West,2023-12-15,382,1,4287.55,706.18,4287.55,Electronics,3,5,Loyal
1248,Ivan Johnson,Boston,Massachusetts,East,2024-05-01,244,1,375.38,136.66,375.38,Accessories,4,3,Potential
1249,Nicole Johnson,Dover,Delaware,East,2024-01-26,340,2,639.34,129.43,319.67,Clothing & Apparel,3,4,Loyal
1250,Curtis Morgan,Colorado Springs,Colorado,West,2023-11-30,397,1,835.6,202.52,835.6,Clothing & Apparel,3,4,Loyal
1251,Mr. William Kelley MD,Richmond,Virginia,South,2024-07-27,157,1,260.58,58.8,260.58,Clothing & Apparel,4,2,Potential
1252,Erica Hodge,Dover,Delaware,East,2024-06-20,194,1,745.23,80.68,745.23,Electronics,4,4,Champions
1253,Diana Baker,Topeka,Kansas,Centre,2024-09-20,102,1,381.94,71.79,381.94,Home & Furniture,4,3,Potential
1254,Michael Poole,Hartford,Connecticut,East,2024-11-01,60,1,193.93,40.72,193.93,Clothing & Apparel,5,1,At_Risk
1255,Eric Velazquez,Savannah,Georgia,South,2024-11-30,31,1,648.48,240.74,648.48,Clothing & Apparel,5,4,Champions
1256,Brittany Mendez,Cincinnati,Ohio,Centre,2023-12-15,382,1,1950.64,301.7,1950.64,Electronics,3,5,Loyal
1257,Randy Watson,Annapolis,Maryland,East,2023-12-08,389,1,454.33,42.0,454.33,Electronics,3,3,Loyal
1258,Stephanie Kennedy,Annapolis,Maryland,East,2024-04-25,250,1,351.57,109.48,351.57,Clothing & Apparel,3,2,At_Risk
1259,Karen Moody MD,Pittsburgh,Pennsylvania,East,2024-08-22,131,1,883.95,119.26,883.95,Electronics,4,4,Champions
1260,Tara Young MD,Grand Rapids,Michigan,Centre,2023-07-24,526,1,1505.84,460.94,1505.84,Home & Furniture,1,5,High_Value
1261,Johnathan Sparks,Indianapolis,Indiana,Centre,2023-09-27,461,1,118.13,24.27,118.13,Accessories,2,1,Lost
1262,Craig Lowery,Baltimore,Maryland,East,2023-12-16,381,1,790.53,274.48,790.53,Home & Furniture,3,4,Loyal
1263,Kenneth Baker,Boston,Massachusetts,East,2024-08-27,126,1,964.39,169.17,964.39,Home & Furniture,4,4,Champions
1264,John Smith,Manchester,New Hampshire,East,2024-09-13,109,3,548.6800000000001,164.03,182.89333333333332,Accessories,4,3,Potential
1265,Catherine Leon,Houston,Texas,South,2024-11-20,41,1,1041.62,147.69,1041.62,Home & Furniture,5,4,Champions
1266,Carol Johnson,San Jose,California,West,2023-11-26,401,1,791.3,282.08,791.3,Accessories,3,4,Loyal
1267,Jaime Perry,Hartford,Connecticut,East,2024-09-01,121,1,477.74,210.86,477.74,Clothing & Apparel,4,3,Potential
1268,Heather Higgins,Aurora,Illinois,Centre,2024-07-18,166,1,682.26,63.15,682.26,Electronics,4,4,Champions
1269,Matthew Anderson,Oklahoma City,Oklahoma,South,2023-05-12,599,1,1559.5,218.58,1559.5,Home & Furniture,1,5,High_Value
1270,Joseph Davidson,Atlanta,Georgia,South,2023-11-08,419,1,257.15,56.37,257.15,Clothing & Apparel,2,2,Lost
1271,Julia Bentley,Los Angeles,California,West,2024-11-13,48,1,4663.5,480.58,4663.5,Electronics,5,5,Champions
1272,Daniel James,Tallahassee,Florida,South,2023-07-01,549,1,665.25,90.26,665.25,Home & Furniture,1,4,High_Value
1273,Kristopher Day,Cedar Rapids,Iowa,Centre,2024-05-24,221,1,292.62,94.14,292.62,Clothing & Apparel,4,2,Potential
1274,Patrick Rogers,Springfield,Illinois,Centre,2024-04-29,246,1,293.82,65.96,293.82,Clothing & Apparel,4,2,Potential
1275,Kathleen Shah,Santa Fe,New Mexico,West,2023-04-19,622,1,620.15,110.5,620.15,Electronics,1,3,At_Risk
1276,Andre Bailey,Virginia Beach,Virginia,South,2024-03-29,277,1,2486.91,735.57,2486.91,Home & Furniture,3,5,Loyal
1277,Daniel Richardson,Santa Fe,New Mexico,West,2023-01-26,705,1,101.07,29.2,101.07,Home & Furniture,1,1,Lost
1278,Rachel Robinson,Cincinnati,Ohio,Centre,2023-11-10,417,1,2703.6,297.05,2703.6,Electronics,2,5,High_Value
1279,Susan Chandler,Dover,Delaware,East,2023-03-07,665,1,527.97,57.08,527.97,Electronics,1,3,At_Risk
1280,Dr. Kylie Escobar,Topeka,Kansas,Centre,2024-08-11,142,1,535.81,80.59,535.81,Electronics,4,3,Potential
1281,Paula Daniels PhD,Austin,Texas,South,2023-07-31,519,1,117.64,41.82,117.64,Clothing & Apparel,2,1,Lost
1282,Curtis Stone,Charleston,West Virginia,South,2024-11-17,44,1,2565.45,446.97,2565.45,Home & Furniture,5,5,Champions
1283,Christy Ward,Dallas,Texas,South,2023-07-02,548,1,846.39,138.25,846.39,Electronics,1,4,High_Value
1284,Heather Swanson,Nashville,Tennessee,South,2024-01-11,355,1,1785.3,157.4,1785.3,Electronics,3,5,Loyal
1285,Jason Miller,Boise,Idaho,West,2024-02-23,312,1,121.73,33.73,121.73,Home & Furniture,3,1,At_Risk
1286,Danny Dudley,Nashua,New Hampshire,East,2024-12-05,26,1,365.98,166.17,365.98,Accessories,5,2,Potential
1287,Carrie Miller,Savannah,Georgia,South,2024-06-20,194,1,595.82,122.11,595.82,Home & Furniture,4,3,Potential
1288,Ronald Foley,Grand Rapids,Michigan,Centre,2024-10-10,82,1,674.34,238.58,674.34,Accessories,4,4,Champions
1289,Derrick Jones,St. Paul,Minnesota,Centre,2023-04-01,640,1,51.44,19.5,51.44,Clothing & Apparel,1,1,Lost
1290,Kathryn Wright,Boston,Massachusetts,East,2024-07-03,181,1,398.98,121.57,398.98,Clothing & Apparel,4,3,Potential
1291,Andrew Lopez,Springfield,Illinois,Centre,2023-10-13,445,1,1198.72,250.09,1198.72,Home & Furniture,2,5,High_Value
1292,Scott Thomas,Fort Wayne,Indiana,Centre,2024-08-29,124,1,184.7,50.2,184.7,Clothing & Apparel,4,1,At_Risk
1293,Jillian Smith,Tucson,Arizona,West,2024-02-06,329,1,363.12,66.49,363.12,Electronics,3,2,At_Risk
1294,Jake Berry,San Jose,California,West,2023-06-30,550,1,187.38,66.79,187.38,Clothing & Apparel,1,1,Lost
1295,Douglas Olson,Colorado Springs,Colorado,West,2023-04-11,630,1,166.01,31.76,166.01,Home & Furniture,1,1,Lost
1296,Robert Meadows,Annapolis,Maryland,East,2024-07-21,163,1,166.15,67.69,166.15,Accessories,4,1,At_Risk
1297,Adam Martin,Hartford,Connecticut,East,2024-03-16,290,1,2977.38,580.83,2977.38,Electronics,3,5,Loyal
1298,Cheryl Medina,Cheyenne,Wyoming,West,2023-12-18,379,1,1017.16,175.72,1017.16,Electronics,3,4,Loyal
1299,Brandon Cervantes,San Jose,California,West,2023-05-28,583,1,455.84,133.15,455.84,Clothing & Apparel,1,3,At_Risk
1300,John Oconnor,Pittsburgh,Pennsylvania,East,2024-10-26,66,2,2396.42,932.85,1198.21,Accessories,5,5,Champions
1301,Brent Roy,Boise,Idaho,West,2023-03-08,664,1,741.26,253.73,741.26,Clothing & Apparel,1,4,High_Value
1302,Robert Hall,Chicago,Illinois,Centre,2023-11-13,414,1,154.9,31.56,154.9,Accessories,2,1,Lost
1303,Brian Salinas,Jersey City,New Jersey,East,2024-04-11,264,1,790.68,257.35,790.68,Home & Furniture,3,4,Loyal
1304,Hector Johnson,Annapolis,Maryland,East,2024-05-28,217,1,919.28,215.07,919.28,Home & Furniture,4,4,Champions
1305,Karen Davidson,Sioux Falls,South Dakota,Centre,2024-12-01,30,1,135.53,33.96,135.53,Clothing & Apparel,5,1,At_Risk
1306,Wayne Stone,Wilmington,Delaware,East,2023-03-01,671,1,783.48,280.29,783.48,Clothing & Apparel,1,4,High_Value
1307,Denise Bailey,Billings,Montana,West,2024-09-09,113,1,101.22,24.2,101.22,Clothing & Apparel,4,1,At_Risk
1308,Christina Ritter,Milwaukee,Wisconsin,Centre,2023-01-29,702,1,753.54,326.45,753.54,Clothing & Apparel,1,4,High_Value
1309,Scott Williams,Chandler,Arizona,West,2024-10-20,72,1,287.02,54.83,287.02,Home & Furniture,5,2,Potential
1310,Sharon Yoder,Nashville,Tennessee,South,2023-01-23,708,1,170.69,69.91,170.69,Clothing & Apparel,1,1,Lost
1311,Jane Potter,San Jose,California,West,2024-05-19,226,1,115.62,28.88,115.62,Clothing & Apparel,4,1,At_Risk
1312,Joshua Brown,Milwaukee,Wisconsin,Centre,2024-05-15,230,1,343.48,104.98,343.48,Clothing & Apparel,4,2,Potential
1313,Rhonda Davis,Hartford,Connecticut,East,2024-02-02,333,1,1538.64,447.39,1538.64,Home & Furniture,3,5,Loyal
1314,Shannon House,Nashua,New Hampshire,East,2024-01-11,355,1,1188.42,228.22,1188.42,Electronics,3,5,Loyal
1315,Michael Malone,Fort Smith,Arkansas,South,2023-11-04,423,1,598.1,153.71,598.1,Clothing & Apparel,2,3,At_Risk
1316,Daniel Jones,Madison,Wisconsin,Centre,2023-12-06,391,2,813.2,116.88,406.6,Electronics,3,4,Loyal
1317,Eric Taylor,Des Moines,Iowa,Centre,2024-11-28,33,1,378.5,78.75,378.5,Home & Furniture,5,3,Potential
1318,Nicole Bailey,Spokane,Washington,West,2023-11-07,420,1,1672.08,302.42,1672.08,Home & Furniture,2,5,High_Value
1319,Sarah Smith,Billings,Montana,West,2023-03-05,667,1,357.88,167.64,357.88,Accessories,1,2,Lost
1320,Jason Reynolds,Provo,Utah,West,2024-10-12,80,1,1793.5,564.66,1793.5,Home & Furniture,4,5,Champions
1321,Karen Sherman,Mesa,Arizona,West,2023-04-18,623,1,236.77,105.59,236.77,Accessories,1,2,Lost
1322,Aaron Bishop,San Jose,California,West,2024-09-04,118,1,142.09,31.14,142.09,Accessories,4,1,At_Risk
1323,Tommy Cummings,Nashua,New Hampshire,East,2024-10-26,66,1,306.99,33.76,306.99,Electronics,5,2,Potential
1324,Michael Cole,Milwaukee,Wisconsin,Centre,2023-11-21,406,1,707.37,130.67,707.37,Electronics,2,4,High_Value
1325,Brandon Farley,Montpelier,Vermont,East,2023-05-23,588,1,605.74,235.29,605.74,Clothing & Apparel,1,3,At_Risk
1326,Larry Foster,Annapolis,Maryland,East,2023-10-20,438,1,1643.34,298.88,1643.34,Home & Furniture,2,5,High_Value
1327,Brittany Boone,Boston,Massachusetts,East,2024-02-22,313,1,265.76,60.6,265.76,Clothing & Apparel,3,2,At_Risk
1328,Dana Crawford,Grand Rapids,Michigan,Centre,2024-04-30,245,1,255.28,64.56,255.28,Clothing & Apparel,4,2,Potential
1329,Linda Buchanan,Tucson,Arizona,West,2023-02-28,672,1,1461.44,135.7,1461.44,Electronics,1,5,High_Value
1330,Adrian Wyatt,Milwaukee,Wisconsin,Centre,2023-09-09,479,1,2307.28,436.69,2307.28,Electronics,2,5,High_Value
1331,Denise Cunningham,Wilmington,Delaware,East,2023-07-23,527,1,69.34,21.13,69.34,Home & Furniture,1,1,Lost
1332,Heather Jackson,Rochester,New York,East,2023-12-01,396,2,1841.37,297.76,920.685,Electronics,3,5,Loyal
1333,Andrew Brown,Chicago,Illinois,Centre,2023-10-07,451,1,824.92,180.72,824.92,Home & Furniture,2,4,High_Value
1334,Pamela Lopez,San Diego,California,West,2023-10-14,444,1,114.6,55.63,114.6,Accessories,2,1,Lost
1335,Michelle Velez,New York City,New York,East,2023-09-03,485,1,307.28,104.84,307.28,Accessories,2,2,Lost
1336,Kathy Miller,Provo,Utah,West,2023-05-05,606,1,376.03,131.22,376.03,Home & Furniture,1,3,At_Risk
1337,Gregory Wallace,Charleston,West Virginia,South,2023-03-30,642,1,997.5,252.89,997.5,Home & Furniture,1,4,High_Value
1338,Michael Howard,Worcester,Massachusetts,East,2023-09-15,473,1,287.49,55.08,287.49,Electronics,2,2,Lost
1339,Anna Cooley,Mobile,Alabama,South,2024-08-11,142,1,425.4,101.36,425.4,Clothing & Apparel,4,3,Potential
1340,Kayla Thomas,New York City,New York,East,2024-08-01,152,1,577.74,114.78,577.74,Electronics,4,3,Potential
1341,Michael Hammond,Denver,Colorado,West,2024-11-09,52,1,419.2,180.72,419.2,Clothing & Apparel,5,3,Potential
1342,Charles Barrera,Casper,Wyoming,West,2024-10-24,68,1,213.97,69.3,213.97,Home & Furniture,5,2,Potential
1343,Michael Villa,Salt Lake City,Utah,West,2023-12-11,386,1,710.58,205.31,710.58,Accessories,3,4,Loyal
1344,Jose Riddle,Tulsa,Oklahoma,South,2024-10-20,72,1,97.03,24.24,97.03,Clothing & Apparel,5,1,At_Risk
1345,Adam Edwards,New York City,New York,East,2023-11-28,399,1,240.33,77.8,240.33,Clothing & Apparel,3,2,At_Risk
1346,Dawn Dominguez,Gulfport,Mississippi,South,2024-11-27,34,1,580.08,135.67,580.08,Clothing & Apparel,5,3,Potential
1347,Keith Rodriguez,Austin,Texas,South,2023-05-11,600,1,1481.13,147.25,1481.13,Electronics,1,5,High_Value
1348,Charles Reilly,Rapid City,South Dakota,Centre,2024-09-13,109,1,224.21,64.18,224.21,Accessories,4,2,Potential
1349,Joshua Ramirez,Bismarck,North Dakota,Centre,2023-09-16,472,1,729.56,313.61,729.56,Clothing & Apparel,2,4,High_Value
1350,David Garcia,Mobile,Alabama,South,2024-10-21,71,1,150.97,68.29,150.97,Accessories,5,1,At_Risk
1351,Travis Reeves,Chandler,Arizona,West,2024-07-11,173,1,582.88,203.84,582.88,Clothing & Apparel,4,3,Potential
1352,Troy Robinson,Mesa,Arizona,West,2024-01-08,358,1,647.51,66.78,647.51,Electronics,3,4,Loyal
1353,Tamara Vasquez,Augusta,Maine,East,2024-08-04,149,1,319.34,66.33,319.34,Clothing & Apparel,4,2,Potential
1354,Dr. Daniel Simpson,Hartford,Connecticut,East,2024-11-12,49,1,2593.08,351.79,2593.08,Electronics,5,5,Champions
1355,Jorge Webb,Houston,Texas,South,2024-09-30,92,1,640.14,282.67,640.14,Clothing & Apparel,4,4,Champions
1356,Connie Sanders,Reno,Nevada,West,2024-08-24,129,1,184.15,63.07,184.15,Clothing & Apparel,4,1,At_Risk
1357,Walter Charles,Wichita,Kansas,Centre,2023-11-12,415,1,357.64,98.93,357.64,Accessories,2,2,Lost
1358,Joseph Wagner,Kansas City,Missouri,Centre,2023-11-06,421,1,177.92,75.55,177.92,Clothing & Apparel,2,1,Lost
1359,Paul Wall,Montpelier,Vermont,East,2024-07-14,170,1,557.8,109.1,557.8,Electronics,4,3,Potential
1360,Nicole Rollins,Provo,Utah,West,2023-11-30,397,1,237.09,48.19,237.09,Accessories,3,2,At_Risk
1361,Keith Bray,Cleveland,Ohio,Centre,2024-10-08,84,1,138.29,37.03,138.29,Clothing & Apparel,4,1,At_Risk
1362,Laura Woods,Missoula,Montana,West,2023-04-17,624,1,297.51,82.91,297.51,Clothing & Apparel,1,2,Lost
1363,Shane Sullivan,Jersey City,New Jersey,East,2024-09-28,94,1,244.14,87.76,244.14,Accessories,4,2,Potential
1364,Dr. Andrew Schmidt Jr.,Minneapolis,Minnesota,Centre,2024-06-02,212,1,110.92,35.04,110.92,Home & Furniture,4,1,At_Risk
1365,Brittany Allen,Sioux Falls,South Dakota,Centre,2023-02-26,674,1,224.1,95.89,224.1,Accessories,1,2,Lost
1366,Paul Dawson,Burlington,Vermont,East,2024-08-16,137,1,445.02,175.44,445.02,Clothing & Apparel,4,3,Potential
1367,Matthew Patterson,New York City,New York,East,2024-12-08,23,1,1172.82,220.25,1172.82,Home & Furniture,5,5,Champions
1368,Erica Garza,Rapid City,South Dakota,Centre,2024-11-17,44,1,942.12,102.2,942.12,Electronics,5,4,Champions
1369,Eric Skinner,Tuscaloosa,Alabama,South,2024-04-06,269,1,378.0,48.24,378.0,Electronics,3,3,Loyal
1370,Patricia Lawrence,Glendale,Arizona,West,2024-10-25,67,1,690.79,118.54,690.79,Electronics,5,4,Champions
1371,Timothy Tucker,Santa Fe,New Mexico,West,2024-11-29,32,1,153.93,33.6,153.93,Accessories,5,1,At_Risk
1372,Anthony Lindsey,Worcester,Massachusetts,East,2024-05-20,225,1,2863.95,377.72,2863.95,Electronics,4,5,Champions
1373,Michael Thompson DDS,St. Paul,Minnesota,Centre,2023-08-15,504,1,1203.56,374.95,1203.56,Home & Furniture,2,5,High_Value
1374,Susan Baxter,Madison,Wisconsin,Centre,2023-11-03,424,1,144.88,14.27,144.88,Electronics,2,1,Lost
1375,Jay Pittman,New Haven,Connecticut,East,2024-01-29,337,1,207.51,47.69,207.51,Clothing & Apparel,3,2,At_Risk
1376,Michael Johnson,Virginia Beach,Virginia,South,2024-07-27,157,1,777.2,75.82,777.2,Electronics,4,4,Champions
1377,Crystal Lynn,Montpelier,Vermont,East,2024-10-25,67,1,1643.1,427.1,1643.1,Home & Furniture,5,5,Champions
1378,Cynthia Gray,Burlington,Vermont,East,2023-11-07,420,1,720.86,95.32,720.86,Electronics,2,4,High_Value
1379,Mark Berger,Philadelphia,Pennsylvania,East,2023-01-31,700,1,172.95,17.4,172.95,Electronics,1,1,Lost
1380,Nicole Torres,Jersey City,New Jersey,East,2024-12-06,25,1,894.92,165.66,894.92,Electronics,5,4,Champions
1381,Abigail Davis,Seattle,Washington,West,2023-10-12,446,1,143.01,62.24,143.01,Clothing & Apparel,2,1,Lost
1382,Scott Rice,Birmingham,Alabama,South,2024-08-19,134,1,227.2,101.29,227.2,Clothing & Apparel,4,2,Potential
1383,Toni Roberts,Seattle,Washington,West,2024-12-19,12,1,723.9,143.99,723.9,Electronics,5,4,Champions
1384,Taylor Martinez,Dallas,Texas,South,2023-11-24,403,1,3546.24,1062.74,3546.24,Home & Furniture,3,5,Loyal
1385,Maureen Goodman,Lexington,Kentucky,South,2023-01-18,713,1,1525.4,277.92,1525.4,Home & Furniture,1,5,High_Value
1386,Joshua Hamilton,Birmingham,Alabama,South,2024-08-15,138,1,1521.72,517.49,1521.72,Clothing & Apparel,4,5,Champions
1387,Joshua Ford,Providence,Rhode Island,East,2023-12-09,388,1,101.01,43.23,101.01,Clothing & Apparel,3,1,At_Risk
1388,Samantha Thompson,Nashua,New Hampshire,East,2024-01-16,350,1,1535.65,261.47,1535.65,Electronics,3,5,Loyal
1389,Stephanie Wells,Austin,Texas,South,2023-05-13,598,1,427.92,144.4,427.92,Accessories,1,3,At_Risk
1390,Alice Butler,Las Vegas,Nevada,West,2023-02-04,696,1,465.53,77.95,465.53,Electronics,1,3,At_Risk
1391,Mr. Stephen Edwards,Salt Lake City,Utah,West,2024-12-06,25,1,443.47,92.06,443.47,Clothing & Apparel,5,3,Potential
1392,Alexandra Cooke,Omaha,Nebraska,Centre,2023-11-27,400,1,719.46,291.17,719.46,Clothing & Apparel,3,4,Loyal
1393,Mr. Robert Patton,Hartford,Connecticut,East,2024-10-04,88,1,2861.79,527.89,2861.79,Electronics,4,5,Champions
1394,David Simpson,Salt Lake City,Utah,West,2023-02-15,685,1,232.42,106.65,232.42,Accessories,1,2,Lost
1395,Sarah Garner,Missoula,Montana,West,2024-12-11,20,1,190.0,38.57,190.0,Accessories,5,1,At_Risk
1396,Amanda Kim,Huntsville,Alabama,South,2024-06-20,194,1,1919.4,323.09,1919.4,Home & Furniture,4,5,Champions
1397,Hayden Ramos,Baltimore,Maryland,East,2023-12-20,377,1,2171.28,259.53,2171.28,Electronics,3,5,Loyal
1398,Michael Ferguson,Manchester,New Hampshire,East,2023-09-28,460,2,2311.82,304.18,1155.91,Electronics,2,5,High_Value
1399,Scott Howard,Cleveland,Ohio,Centre,2024-10-02,90,1,415.61,137.05,415.61,Clothing & Apparel,4,3,Potential
1400,Dennis Moore,Indianapolis,Indiana,Centre,2023-12-20,377,1,532.3,72.33,532.3,Electronics,3,3,Loyal
1401,Jennifer Chapman,Las Vegas,Nevada,West,2023-09-19,469,1,407.78,124.4,407.78,Clothing & Apparel,2,3,At_Risk
1402,Tammy Simpson,Phoenix,Arizona,West,2023-06-01,579,1,196.16,75.24,196.16,Clothing & Apparel,1,1,Lost
1403,Peter Jennings,Cleveland,Ohio,Centre,2023-08-22,497,1,199.17,32.83,199.17,Electronics,2,2,Lost
1404,Seth Johnson,Hartford,Connecticut,East,2023-11-06,421,1,162.54,62.73,162.54,Clothing & Apparel,2,1,Lost
1405,Erin Stein,Glendale,Arizona,West,2023-07-18,532,1,166.81,37.83,166.81,Clothing & Apparel,1,1,Lost
1406,Manuel Coleman,Philadelphia,Pennsylvania,East,2024-12-15,16,1,236.4,77.27,236.4,Clothing & Apparel,5,2,Potential
1407,Matthew Russell,San Francisco,California,West,2024-11-28,33,1,260.56,52.45,260.56,Accessories,5,2,Potential
1408,Angel Martin MD,St. Paul,Minnesota,Centre,2024-07-02,182,1,252.4,40.82,252.4,Home & Furniture,4,2,Potential
1409,Kevin Davis,Reno,Nevada,West,2024-04-14,261,1,763.05,326.84,763.05,Clothing & Apparel,3,4,Loyal
1410,Laura Hanna,Missoula,Montana,West,2024-05-01,244,1,1850.12,280.03,1850.12,Home & Furniture,4,5,Champions
1411,Jessica Anderson,Nashua,New Hampshire,East,2023-05-25,586,1,223.8,85.73,223.8,Accessories,1,2,Lost
1412,Crystal Reynolds,Burlington,Vermont,East,2023-02-19,681,1,1089.34,160.67,1089.34,Home & Furniture,1,5,High_Value
1413,Mr. Gerald Banks,Dallas,Texas,South,2023-07-27,523,1,865.97,239.05,865.97,Home & Furniture,1,4,High_Value
1414,Joshua Weber,Cleveland,Ohio,Centre,2024-06-01,213,1,563.26,50.02,563.26,Electronics,4,3,Potential
1415,Ryan Barton,Tulsa,Oklahoma,South,2023-05-13,598,1,139.73,42.54,139.73,Home & Furniture,1,1,Lost
1416,Phillip Mendez,Cedar Rapids,Iowa,Centre,2024-06-27,187,1,221.35,84.25,221.35,Accessories,4,2,Potential
1417,Adam Harmon,Kansas City,Missouri,Centre,2023-05-18,593,1,373.84,69.2,373.84,Home & Furniture,1,3,At_Risk
1418,Jamie Case,Chicago,Illinois,Centre,2023-12-11,386,1,869.12,185.07,869.12,Clothing & Apparel,3,4,Loyal
1419,Julie Keller,Sioux Falls,South Dakota,Centre,2023-04-17,624,1,261.76,115.34,261.76,Clothing & Apparel,1,2,Lost
1420,Jade Hall,Boston,Massachusetts,East,2023-11-18,409,1,409.92,46.07,409.92,Electronics,2,3,At_Risk
1421,Beverly Good,Chicago,Illinois,Centre,2023-03-11,661,1,344.88,119.1,344.88,Home & Furniture,1,2,Lost
1422,Kiara Sullivan,Springfield,Illinois,Centre,2024-10-02,90,1,652.86,162.41,652.86,Home & Furniture,4,4,Champions
1423,Mark Robinson,Orlando,Florida,South,2024-07-11,173,1,77.81,27.61,77.81,Accessories,4,1,At_Risk
1424,Dawn Moore,Hartford,Connecticut,East,2024-11-30,31,1,1479.1,199.61,1479.1,Home & Furniture,5,5,Champions
1425,Justin Suarez,Salt Lake City,Utah,West,2024-08-04,149,1,97.6,41.92,97.6,Accessories,4,1,At_Risk
1426,Marilyn Olson,Augusta,Maine,East,2024-11-29,32,1,157.24,53.78,157.24,Clothing & Apparel,5,1,At_Risk
1427,Randy Clark,Atlanta,Georgia,South,2024-11-15,46,1,849.36,195.67,849.36,Clothing & Apparel,5,4,Champions
1428,Pamela Martin,Hartford,Connecticut,East,2024-10-10,82,1,675.72,96.35,675.72,Electronics,4,4,Champions
1429,Tiffany Armstrong,Montgomery,Alabama,South,2024-11-20,41,1,2008.05,389.74,2008.05,Electronics,5,5,Champions
1430,Rebecca Ruiz,Birmingham,Alabama,South,2024-11-23,38,1,1577.08,406.8,1577.08,Home & Furniture,5,5,Champions
1431,Terry Fernandez,Rapid City,South Dakota,Centre,2023-08-03,516,1,250.8,37.72,250.8,Home & Furniture,2,2,Lost
1432,Mark Hudson,Annapolis,Maryland,East,2023-05-06,605,1,917.05,138.94,917.05,Electronics,1,4,High_Value
1433,Mrs. Lindsey Luna,Lincoln,Nebraska,Centre,2024-11-18,43,1,554.12,161.6,554.12,Home & Furniture,5,3,Potential
1434,Julie Yates,Springfield,Illinois,Centre,2024-11-27,34,1,628.68,125.73,628.68,Electronics,5,3,Potential
1435,Todd Harris,Philadelphia,Pennsylvania,East,2023-07-12,538,1,533.52,94.33,533.52,Home & Furniture,1,3,At_Risk
1436,David Moody,Jacksonville,Florida,South,2024-03-22,284,1,419.14,91.31,419.14,Home & Furniture,3,3,Loyal
1437,Tracy Santiago,Salem,Oregon,West,2024-09-02,120,1,411.96,104.73,411.96,Clothing & Apparel,4,3,Potential
1438,Mia Payne PhD,Tampa,Florida,South,2024-12-23,8,1,81.28,17.05,81.28,Clothing & Apparel,5,1,At_Risk
1439,Harold Pearson,Montpelier,Vermont,East,2024-01-15,351,1,238.39,94.3,238.39,Clothing & Apparel,3,2,At_Risk
1440,Alexandra Mcintosh,Portland,Oregon,West,2024-01-16,350,1,346.01,106.8,346.01,Clothing & Apparel,3,2,At_Risk
1441,Matthew Larsen,Providence,Rhode Island,East,2024-11-03,58,1,362.59,99.2,362.59,Home & Furniture,5,2,Potential
1442,Jason Quinn,Huntsville,Alabama,South,2024-12-17,14,1,1214.91,425.8,1214.91,Clothing & Apparel,5,5,Champions
1443,Michele Shelton,Portland,Oregon,West,2023-11-26,401,1,131.0,29.33,131.0,Accessories,3,1,At_Risk
1444,Mr. Jerry Hawkins DDS,Tulsa,Oklahoma,South,2023-11-19,408,1,655.72,118.52,655.72,Electronics,2,4,High_Value
1445,Ronald Robertson,Provo,Utah,West,2023-05-01,610,1,656.02,181.61,656.02,Clothing & Apparel,1,4,High_Value
1446,Brandon Boyd,Omaha,Nebraska,Centre,2023-10-16,442,1,343.24,145.76,343.24,Clothing & Apparel,2,2,Lost
1447,Jennifer Duran,Philadelphia,Pennsylvania,East,2024-10-29,63,1,949.83,96.81,949.83,Electronics,5,4,Champions
1448,Jimmy Hardin,Sioux Falls,South Dakota,Centre,2023-06-04,576,1,1248.78,510.0,1248.78,Clothing & Apparel,1,5,High_Value
1449,Vicki Smith,Cleveland,Ohio,Centre,2024-10-30,62,1,398.11,135.11,398.11,Clothing & Apparel,5,3,Potential
1450,James Mays,Nashua,New Hampshire,East,2024-10-07,85,1,315.6,99.12,315.6,Home & Furniture,4,2,Potential
1451,Kimberly Estrada,Cheyenne,Wyoming,West,2023-04-24,617,1,240.27,84.05,240.27,Home & Furniture,1,2,Lost
1452,Joanna Aguirre,Portland,Oregon,West,2023-10-28,430,1,184.14,77.57,184.14,Clothing & Apparel,2,1,Lost
1453,Tracy Rodriguez,Boston,Massachusetts,East,2024-08-10,143,1,45.74,17.26,45.74,Clothing & Apparel,4,1,At_Risk
1454,Pamela Sanders MD,Worcester,Massachusetts,East,2024-09-19,103,1,238.22,67.03,238.22,Home & Furniture,4,2,Potential
1455,Thomas Orr,Salt Lake City,Utah,West,2023-07-14,536,1,710.61,223.57,710.61,Clothing & Apparel,1,4,High_Value
1456,Daniel Johnson,Glendale,Arizona,West,2024-05-27,218,1,175.66,50.22,175.66,Accessories,4,1,At_Risk
1457,Christine Oconnell,Aurora,Illinois,Centre,2023-11-27,400,1,1506.96,136.44,1506.96,Electronics,3,5,Loyal
1458,Benjamin Johns,Sioux Falls,South Dakota,Centre,2024-08-01,152,1,526.27,44.86,526.27,Electronics,4,3,Potential
1459,Elizabeth Vargas,Detroit,Michigan,Centre,2024-08-21,132,1,226.56,86.37,226.56,Accessories,4,2,Potential
1460,Michael Hubbard,Manchester,New Hampshire,East,2024-06-03,211,1,456.17,75.43,456.17,Electronics,4,3,Potential
1461,Michael Mcguire,Wilmington,Delaware,East,2023-11-06,421,1,946.26,103.7,946.26,Electronics,2,4,High_Value
1462,Ian Schroeder,Las Vegas,Nevada,West,2023-08-05,514,1,55.95,14.58,55.95,Home & Furniture,2,1,Lost
1463,Laura White,Las Vegas,Nevada,West,2024-10-23,69,1,836.34,361.81,836.34,Clothing & Apparel,5,4,Champions
1464,Jeffery Conner,Albuquerque,New Mexico,West,2024-06-04,210,1,590.62,125.22,590.62,Home & Furniture,4,3,Potential
1465,Erica Schroeder,Fort Smith,Arkansas,South,2024-11-08,53,1,524.76,224.22,524.76,Clothing & Apparel,5,3,Potential
1466,Robert Smith,Nashua,New Hampshire,East,2024-01-15,351,1,452.08,80.58,452.08,Electronics,3,3,Loyal
1467,Brian Wiley,Gulfport,Mississippi,South,2023-11-14,413,1,146.91,50.65,146.91,Home & Furniture,2,1,Lost
1468,Melinda Guzman,Dover,Delaware,East,2024-06-06,208,1,968.69,121.41,968.69,Electronics,4,4,Champions
1469,Amy Pollard,Chicago,Illinois,Centre,2023-11-19,408,1,159.81,61.38,159.81,Accessories,2,1,Lost
1470,Amy Lopez,Miami,Florida,South,2023-12-08,389,1,393.74,86.02,393.74,Clothing & Apparel,3,3,Loyal
1471,Angela Reed,Tallahassee,Florida,South,2023-11-22,405,1,421.46,111.66,421.46,Clothing & Apparel,2,3,At_Risk
1472,Melanie Tran,Jacksonville,Florida,South,2024-05-31,214,1,320.82,108.71,320.82,Clothing & Apparel,4,2,Potential
1473,Brandi Smith,Baton Rouge,Louisiana,South,2023-04-29,612,1,198.3,72.91,198.3,Clothing & Apparel,1,2,Lost
1474,Shannon Ball,Madison,Wisconsin,Centre,2023-11-03,424,1,373.64,53.59,373.64,Home & Furniture,2,3,At_Risk
1475,Billy Jefferson,Provo,Utah,West,2024-10-22,70,1,447.97,58.49,447.97,Electronics,5,3,Potential
1476,Wendy Ballard,Tucson,Arizona,West,2024-05-29,216,1,204.86,36.04,204.86,Electronics,4,2,Potential
1477,Alexandria Perez,Oklahoma City,Oklahoma,South,2024-10-19,73,1,205.98,93.7,205.98,Accessories,5,2,Potential
1478,Amanda Young,Jersey City,New Jersey,East,2023-05-27,584,1,518.47,166.7,518.47,Home & Furniture,1,3,At_Risk
1479,Cody Sanders,Burlington,Vermont,East,2024-11-24,37,1,808.21,154.56,808.21,Home & Furniture,5,4,Champions
1480,Christopher Jones,New York City,New York,East,2023-12-26,371,2,6499.08,1420.9900000000002,3249.54,Clothing & Apparel,3,5,Loyal
1481,Yvette Williams,St. Louis,Missouri,Centre,2023-07-25,525,1,636.7,102.98,636.7,Electronics,1,4,High_Value
1482,Stephanie Johnson,Houston,Texas,South,2024-11-15,46,1,967.16,83.29,967.16,Electronics,5,4,Champions
1483,Sharon Nelson,Missoula,Montana,West,2024-08-23,130,1,531.19,116.12,531.19,Home & Furniture,4,3,Potential
1484,Benjamin Ramsey,Pittsburgh,Pennsylvania,East,2023-10-10,448,1,164.54,21.6,164.54,Home & Furniture,2,1,Lost
1485,Anthony Cohen,San Antonio,Texas,South,2024-04-16,259,1,250.6,74.27,250.6,Accessories,3,2,At_Risk
1486,Jeffrey Osborne,Seattle,Washington,West,2023-05-27,584,1,136.54,42.3,136.54,Clothing & Apparel,1,1,Lost
1487,Adam Gill,Albuquerque,New Mexico,West,2023-01-30,701,1,99.55,34.34,99.55,Clothing & Apparel,1,1,Lost
1488,Sarah Cross,Tuscaloosa,Alabama,South,2023-12-12,385,1,519.37,70.72,519.37,Home & Furniture,3,3,Loyal
1489,Rachel Long,New York City,New York,East,2023-12-22,375,1,444.69,206.44,444.69,Accessories,3,3,Loyal
1490,Brendan Reyes,Rochester,New York,East,2024-10-24,68,1,123.27,25.96,123.27,Home & Furniture,5,1,At_Risk
1491,Alexander Rogers,Colorado Springs,Colorado,West,2024-11-02,59,1,653.68,91.21,653.68,Home & Furniture,5,4,Champions
1492,Sarah Chandler,St. Louis,Missouri,Centre,2024-01-12,354,1,591.69,155.6,591.69,Home & Furniture,3,3,Loyal
1493,Douglas Joseph,Manchester,New Hampshire,East,2024-08-05,148,1,1899.15,287.03,1899.15,Electronics,4,5,Champions
1494,Michael Tate,Bismarck,North Dakota,Centre,2024-10-31,61,1,703.7,109.86,703.7,Electronics,5,4,Champions
1495,Debra Byrd,St. Louis,Missouri,Centre,2023-10-17,441,1,304.42,116.45,304.42,Clothing & Apparel,2,2,Lost
1496,Beverly Griffith,Mesa,Arizona,West,2023-11-06,421,1,897.87,303.33,897.87,Home & Furniture,2,4,High_Value
1497,Renee Clark,Dover,Delaware,East,2024-10-01,91,1,1595.14,219.56,1595.14,Electronics,4,5,Champions
1498,Jacob Little PhD,Chicago,Illinois,Centre,2023-01-08,723,1,401.9,147.48,401.9,Accessories,1,3,At_Risk
1499,Jennifer Alvarez,Orlando,Florida,South,2024-08-07,146,1,1202.65,345.52,1202.65,Clothing & Apparel,4,5,Champions
1500,Angela Aguirre,Newark,New Jersey,East,2024-12-29,2,1,1383.58,453.65,1383.58,Home & Furniture,5,5,Champions
1501,Laura Long,Jersey City,New Jersey,East,2024-04-18,257,1,351.41,111.26,351.41,Home & Furniture,3,2,At_Risk
1502,Amanda Choi,Jersey City,New Jersey,East,2024-07-11,173,1,148.21,20.71,148.21,Electronics,4,1,At_Risk
1503,Rebecca Harrison,Missoula,Montana,West,2023-11-15,412,1,280.86,121.38,280.86,Clothing & Apparel,2,2,Lost
1504,Michelle Hayes,Des Moines,Iowa,Centre,2023-03-20,652,1,2707.2,576.22,2707.2,Home & Furniture,1,5,High_Value
1505,Dylan Thompson,Savannah,Georgia,South,2023-08-03,516,1,54.97,13.09,54.97,Accessories,2,1,Lost
1506,Douglas Jensen,Rapid City,South Dakota,Centre,2023-05-27,584,1,723.8,97.92,723.8,Home & Furniture,1,4,High_Value
1507,Michael Lee,Philadelphia,Pennsylvania,East,2024-02-14,321,3,3205.3,390.16,1068.4333333333334,Home & Furniture,3,5,Loyal
1508,Jesse Moon,Gulfport,Mississippi,South,2023-11-28,399,1,41.61,13.78,41.61,Clothing & Apparel,3,1,At_Risk
1509,Cristina Yang,Casper,Wyoming,West,2023-12-05,392,1,476.18,146.73,476.18,Home & Furniture,3,3,Loyal
1510,Mr. Paul Schultz,New York City,New York,East,2023-08-14,505,1,926.82,81.62,926.82,Electronics,2,4,High_Value
1511,Jason Perry,Los Angeles,California,West,2023-12-07,390,1,71.66,24.46,71.66,Accessories,3,1,At_Risk
1512,Michael Allen,Boston,Massachusetts,East,2023-06-18,562,1,2345.5,308.11,2345.5,Electronics,1,5,High_Value
1513,Tiffany Solomon,Provo,Utah,West,2024-12-28,3,1,385.6,169.55,385.6,Clothing & Apparel,5,3,Potential
1514,Jillian Cardenas,Omaha,Nebraska,Centre,2023-12-25,372,1,102.93,25.09,102.93,Clothing & Apparel,3,1,At_Risk
1515,Peter West,Indianapolis,Indiana,Centre,2023-05-10,601,1,1533.72,214.94,1533.72,Home & Furniture,1,5,High_Value
1516,Katrina Bailey,Fargo,North Dakota,Centre,2024-04-18,257,1,269.72,27.66,269.72,Electronics,3,2,At_Risk
1517,Lawrence Vargas,Burlington,Vermont,East,2024-04-13,262,1,1335.94,152.12,1335.94,Electronics,3,5,Loyal
1518,Dominic Snyder,Huntsville,Alabama,South,2024-09-06,116,1,459.3,118.65,459.3,Accessories,4,3,Potential
1519,Vincent Henderson,Bismarck,North Dakota,Centre,2024-10-03,89,1,147.7,44.32,147.7,Accessories,4,1,At_Risk
1520,Rachel Pena,Columbia,South Carolina,South,2023-11-04,423,1,237.48,38.51,237.48,Home & Furniture,2,2,Lost
1521,Brandon Parker,San Diego,California,West,2023-07-16,534,1,223.32,99.42,223.32,Accessories,1,2,Lost
1522,Nathan Franco,Fargo,North Dakota,Centre,2023-04-12,629,1,856.34,350.5,856.34,Clothing & Apparel,1,4,High_Value
1523,Denise Stephenson,Madison,Wisconsin,Centre,2024-03-04,302,1,419.34,90.77,419.34,Accessories,3,3,Loyal
1524,Sean Wilcox,Philadelphia,Pennsylvania,East,2023-12-25,372,1,1750.36,397.83,1750.36,Clothing & Apparel,3,5,Loyal
1525,Michael Mitchell,Topeka,Kansas,Centre,2024-05-16,229,1,171.25,33.55,171.25,Home & Furniture,4,1,At_Risk
1526,Jonathan Foley,Colorado Springs,Colorado,West,2023-04-25,616,1,339.26,130.61,339.26,Accessories,1,2,Lost
1527,Kelly Martin,Jersey City,New Jersey,East,2023-12-22,375,1,340.47,92.51,340.47,Home & Furniture,3,2,At_Risk
1528,Ashley Lewis,Burlington,Vermont,East,2023-11-21,406,1,116.08,35.63,116.08,Clothing & Apparel,2,1,Lost
1529,Emily Moody,Lexington,Kentucky,South,2024-08-03,150,1,1867.18,294.03,1867.18,Electronics,4,5,Champions
1530,Christopher Castro,Los Angeles,California,West,2024-12-02,29,1,191.44,75.69,191.44,Accessories,5,1,At_Risk
1531,Bill Olson,Des Moines,Iowa,Centre,2023-05-13,598,1,110.63,34.97,110.63,Home & Furniture,1,1,Lost
1532,Nicole Obrien,Fort Wayne,Indiana,Centre,2024-11-03,58,1,683.24,295.55,683.24,Clothing & Apparel,5,4,Champions
1533,Angela Brady,Seattle,Washington,West,2023-12-21,376,1,2599.32,392.72,2599.32,Electronics,3,5,Loyal
1534,Jeffrey Hernandez,San Francisco,California,West,2023-10-29,429,1,4731.1,806.98,4731.1,Electronics,2,5,High_Value
1535,Ryan Jones,Pittsburgh,Pennsylvania,East,2023-11-27,400,1,1659.51,261.48,1659.51,Electronics,3,5,Loyal
1536,April Taylor,Hartford,Connecticut,East,2023-10-01,457,1,535.16,111.53,535.16,Accessories,2,3,At_Risk
1537,Scott Craig,Richmond,Virginia,South,2024-04-11,264,1,412.45,180.65,412.45,Clothing & Apparel,3,3,Loyal
1538,Julie Gardner,Sioux Falls,South Dakota,Centre,2024-04-08,267,1,471.84,82.09,471.84,Electronics,3,3,Loyal
1539,Riley Rodriguez,Memphis,Tennessee,South,2024-01-22,344,1,255.37,79.23,255.37,Clothing & Apparel,3,2,At_Risk
1540,Katelyn Burns,New Haven,Connecticut,East,2023-03-04,668,1,515.67,106.76,515.67,Home & Furniture,1,3,At_Risk
1541,Jodi Hernandez,Houston,Texas,South,2024-09-27,95,1,122.81,41.08,122.81,Clothing & Apparel,4,1,At_Risk
1542,Stephanie Potts,Columbus,Ohio,Centre,2024-01-25,341,1,418.63,81.02,418.63,Home & Furniture,3,3,Loyal
1543,Marie Pierce,Indianapolis,Indiana,Centre,2023-11-10,417,1,1242.12,230.69,1242.12,Home & Furniture,2,5,High_Value
1544,Matthew Gross,Birmingham,Alabama,South,2023-08-21,498,1,517.89,97.14,517.89,Home & Furniture,2,3,At_Risk
1545,Eric Dennis,Huntington,West Virginia,South,2023-02-17,683,1,1957.9,286.28,1957.9,Electronics,1,5,High_Value
1546,Regina Davis,San Jose,California,West,2024-12-05,26,1,1086.74,118.74,1086.74,Electronics,5,5,Champions
1547,Thomas Stokes,Spokane,Washington,West,2023-10-23,435,1,761.2,201.36,761.2,Clothing & Apparel,2,4,High_Value
1548,Mitchell King,Billings,Montana,West,2023-12-12,385,1,569.37,168.09,569.37,Clothing & Apparel,3,3,Loyal
1549,Jessica Hutchinson,Philadelphia,Pennsylvania,East,2023-10-16,442,1,1356.92,193.71,1356.92,Electronics,2,5,High_Value
1550,Shannon Lawson,Charleston,West Virginia,South,2024-08-24,129,1,3677.8,360.68,3677.8,Electronics,4,5,Champions
1551,Susan Walker,Casper,Wyoming,West,2023-04-13,628,1,260.51,79.97,260.51,Home & Furniture,1,2,Lost
1552,Robert Brown,Des Moines,Iowa,Centre,2024-11-08,53,1,263.96,81.41,263.96,Clothing & Apparel,5,2,Potential
1553,Ashley Smith,Cleveland,Ohio,Centre,2024-10-06,86,2,2852.71,742.1400000000001,1426.355,Home & Furniture,4,5,Champions
1554,Christopher Brandt,Chandler,Arizona,West,2023-08-22,497,1,535.04,90.98,535.04,Electronics,2,3,At_Risk
1555,Travis Vega,Memphis,Tennessee,South,2023-07-12,538,1,369.82,78.88,369.82,Accessories,1,3,At_Risk
1556,Misty Silva,Cheyenne,Wyoming,West,2023-01-18,713,1,625.02,120.23,625.02,Accessories,1,3,At_Risk
1557,Fernando Yoder,Columbus,Ohio,Centre,2024-04-28,247,1,231.77,53.13,231.77,Accessories,4,2,Potential
1558,Debbie Bush,Memphis,Tennessee,South,2023-01-18,713,1,844.3,223.8,844.3,Home & Furniture,1,4,High_Value
1559,Robert Mendez,Wilmington,Delaware,East,2023-11-03,424,1,133.36,51.15,133.36,Accessories,2,1,Lost
1560,Mary Mclean,Madison,Wisconsin,Centre,2024-05-21,224,1,255.22,113.63,255.22,Clothing & Apparel,4,2,Potential
1561,Barbara Moore,Madison,Wisconsin,Centre,2024-02-22,313,1,481.2,127.47,481.2,Clothing & Apparel,3,3,Loyal
1562,Christine Torres,Denver,Colorado,West,2023-12-22,375,1,2756.01,437.35,2756.01,Electronics,3,5,Loyal
1563,Lauren Parker,Philadelphia,Pennsylvania,East,2024-11-06,55,2,401.34,38.7,200.67,Electronics,5,3,Potential
1564,Judy Moore,Houston,Texas,South,2024-10-28,64,1,544.02,167.49,544.02,Clothing & Apparel,5,3,Potential
1565,Adam Rich,San Diego,California,West,2023-08-18,501,1,749.61,70.66,749.61,Electronics,2,4,High_Value
1566,Miss Rebecca Terry,Nashville,Tennessee,South,2023-11-23,404,1,45.54,14.2,45.54,Clothing & Apparel,2,1,Lost
1567,John Baker,Mobile,Alabama,South,2024-09-29,93,1,341.01,90.11,341.01,Clothing & Apparel,4,2,Potential
1568,Jacob Booth,Fort Wayne,Indiana,Centre,2024-06-03,211,1,1355.28,337.97,1355.28,Clothing & Apparel,4,5,Champions
1569,Kimberly Garcia,Detroit,Michigan,Centre,2024-03-01,305,1,2845.86,556.08,2845.86,Electronics,3,5,Loyal
1570,Carolyn Santiago,Albuquerque,New Mexico,West,2023-12-12,385,1,437.14,196.52,437.14,Clothing & Apparel,3,3,Loyal
1571,Jade Bell,Fayetteville,Arkansas,South,2023-04-19,622,1,2276.36,191.37,2276.36,Electronics,1,5,High_Value
1572,Cameron Smith,Huntington,West Virginia,South,2024-05-31,214,1,582.78,65.62,582.78,Electronics,4,3,Potential
1573,Rebecca Hughes,Salem,Oregon,West,2023-07-19,531,1,106.13,41.35,106.13,Clothing & Apparel,1,1,Lost
1574,Joshua Sanchez,Atlanta,Georgia,South,2023-12-24,373,1,426.11,128.15,426.11,Clothing & Apparel,3,3,Loyal
1575,Meghan Woods,Wilmington,Delaware,East,2024-12-13,18,1,184.99,24.3,184.99,Electronics,5,1,At_Risk
1576,Julia Hernandez,Glendale,Arizona,West,2024-07-29,155,1,2069.8,387.11,2069.8,Home & Furniture,4,5,Champions
1577,Joann Cochran,Miami,Florida,South,2024-12-30,1,1,994.52,386.31,994.52,Clothing & Apparel,5,4,Champions
1578,Dennis Martin,Cleveland,Ohio,Centre,2023-10-22,436,1,465.78,215.23,465.78,Accessories,2,3,At_Risk
1579,Joshua Brown,Cheyenne,Wyoming,West,2023-01-18,713,1,755.91,119.97,755.91,Electronics,1,4,High_Value
1580,Joshua Baldwin,Hartford,Connecticut,East,2023-09-18,470,1,509.11,69.51,509.11,Electronics,2,3,At_Risk
1581,Pamela Ewing,Worcester,Massachusetts,East,2024-10-29,63,1,754.53,87.6,754.53,Electronics,5,4,Champions
1582,Rodney Robles,San Antonio,Texas,South,2024-11-25,36,1,683.46,157.57,683.46,Home & Furniture,5,4,Champions
1583,Erik Gomez,Rochester,New York,East,2024-08-09,144,1,495.66,218.61,495.66,Accessories,4,3,Potential
1584,Jessica Walker,Des Moines,Iowa,Centre,2024-12-15,16,1,1937.97,418.76,1937.97,Home & Furniture,5,5,Champions
1585,Donald Best,Salt Lake City,Utah,West,2024-01-31,335,1,1092.17,354.24,1092.17,Home & Furniture,3,5,Loyal
1586,Peter Ramirez,Omaha,Nebraska,Centre,2024-12-05,26,1,788.14,146.31,788.14,Electronics,5,4,Champions
1587,John Barber,Philadelphia,Pennsylvania,East,2023-11-26,401,1,53.99,11.58,53.99,Clothing & Apparel,3,1,At_Risk
1588,Miss Gabriela Acosta MD,Phoenix,Arizona,West,2023-07-07,543,1,522.62,217.06,522.62,Clothing & Apparel,1,3,At_Risk
1589,Frank Hernandez,Annapolis,Maryland,East,2023-05-13,598,1,37.71,9.81,37.71,Clothing & Apparel,1,1,Lost
1590,Andrew Anderson,Annapolis,Maryland,East,2024-10-12,80,1,2346.57,353.51,2346.57,Electronics,4,5,Champions
1591,Christopher Davis,Nashua,New Hampshire,East,2024-09-13,109,1,442.53,163.6,442.53,Clothing & Apparel,4,3,Potential
1592,Alan Gomez,Hartford,Connecticut,East,2024-10-30,62,1,664.1,64.71,664.1,Electronics,5,4,Champions
1593,Christopher Montgomery,Nashua,New Hampshire,East,2023-11-18,409,1,1563.56,196.28,1563.56,Home & Furniture,2,5,High_Value
1594,Jon Greene,Cleveland,Ohio,Centre,2023-11-19,408,1,1522.2,388.51,1522.2,Home & Furniture,2,5,High_Value
1595,Bryan Matthews,Reno,Nevada,West,2024-06-07,207,1,84.22,20.45,84.22,Clothing & Apparel,4,1,At_Risk
1596,William Swanson,St. Paul,Minnesota,Centre,2023-06-21,559,1,1858.32,424.68,1858.32,Home & Furniture,1,5,High_Value
1597,Susan Williams,Tallahassee,Florida,South,2023-01-08,723,1,116.74,29.3,116.74,Clothing & Apparel,1,1,Lost
1598,Mr. David White,Sioux Falls,South Dakota,Centre,2024-10-02,90,1,1654.32,373.6,1654.32,Clothing & Apparel,4,5,Champions
1599,Paul Martin,Knoxville,Tennessee,South,2024-05-04,241,1,696.69,183.59,696.69,Accessories,4,4,Champions
1600,Nathan Hernandez,Cleveland,Ohio,Centre,2023-11-14,413,1,285.18,62.49,285.18,Clothing & Apparel,2,2,Lost
1601,Trevor Mitchell,Billings,Montana,West,2023-02-12,688,1,1180.45,136.49,1180.45,Electronics,1,5,High_Value
1602,Karen Rollins,San Francisco,California,West,2024-10-28,64,1,354.66,159.21,354.66,Clothing & Apparel,5,2,Potential
1603,Hector Zimmerman,Tampa,Florida,South,2024-11-06,55,1,46.68,13.73,46.68,Clothing & Apparel,5,1,At_Risk
1604,Dr. Jamie Miller,Santa Fe,New Mexico,West,2024-12-20,11,1,141.84,42.11,141.84,Clothing & Apparel,5,1,At_Risk
1605,Robert King,Chicago,Illinois,Centre,2023-12-17,380,1,197.43,82.33,197.43,Clothing & Apparel,3,2,At_Risk
1606,Charles Edwards,Salt Lake City,Utah,West,2024-10-13,79,1,193.72,65.83,193.72,Home & Furniture,4,1,At_Risk
1607,Erica West,Dallas,Texas,South,2023-10-19,439,1,1321.48,287.2,1321.48,Home & Furniture,2,5,High_Value
1608,Katherine Mcmillan,Miami,Florida,South,2024-03-22,284,1,166.91,75.05,166.91,Clothing & Apparel,3,1,At_Risk
1609,Jordan Baker,Wichita,Kansas,Centre,2023-12-26,371,1,623.4,194.0,623.4,Home & Furniture,3,3,Loyal
1610,Megan Baker,Montpelier,Vermont,East,2024-11-25,36,1,774.22,246.78,774.22,Clothing & Apparel,5,4,Champions
1611,Christine Jenkins DDS,Montgomery,Alabama,South,2023-01-24,707,1,359.22,105.24,359.22,Clothing & Apparel,1,2,Lost
1612,Andrew Garcia,Huntsville,Alabama,South,2024-04-23,252,1,551.95,77.34,551.95,Electronics,3,3,Loyal
1613,Jeremy Ellis,Grand Rapids,Michigan,Centre,2023-03-31,641,1,119.18,52.86,119.18,Clothing & Apparel,1,1,Lost
1614,Maria Jenkins,Seattle,Washington,West,2024-10-23,69,1,275.5,71.32,275.5,Clothing & Apparel,5,2,Potential
1615,Austin Sullivan,Wilmington,Delaware,East,2024-04-22,253,1,386.46,96.54,386.46,Clothing & Apparel,3,3,Loyal
1616,Theresa Evans,Madison,Wisconsin,Centre,2024-06-20,194,1,1426.64,339.15,1426.64,Clothing & Apparel,4,5,Champions
1617,Jeremy Owen,Worcester,Massachusetts,East,2024-10-18,74,1,959.21,309.28,959.21,Home & Furniture,5,4,Champions
1618,Christian Lawrence,Cincinnati,Ohio,Centre,2024-11-04,57,1,331.33,115.56,331.33,Clothing & Apparel,5,2,Potential
1619,Jessica Wilson,St. Louis,Missouri,Centre,2023-10-06,452,1,1215.48,181.41,1215.48,Electronics,2,5,High_Value
1620,Cynthia Ball,San Francisco,California,West,2024-02-15,320,1,857.4,134.24,857.4,Home & Furniture,3,4,Loyal
1621,Philip Smith,Columbus,Ohio,Centre,2023-11-14,413,1,1057.11,85.19,1057.11,Electronics,2,5,High_Value
1622,Michael Flowers,Albuquerque,New Mexico,West,2024-01-22,344,1,274.7,82.27,274.7,Clothing & Apparel,3,2,At_Risk
1623,Maureen Martinez,Des Moines,Iowa,Centre,2024-01-23,343,1,132.24,22.04,132.24,Electronics,3,1,At_Risk
1624,Jason Hall,Boston,Massachusetts,East,2024-12-21,10,1,453.3,78.79,453.3,Home & Furniture,5,3,Potential
1625,Shannon Jones,Aurora,Illinois,Centre,2024-12-20,11,1,377.84,83.28,377.84,Home & Furniture,5,3,Potential
1626,Danielle Robertson,Casper,Wyoming,West,2024-05-31,214,1,225.08,50.77,225.08,Clothing & Apparel,4,2,Potential
1627,Robert Wright,Providence,Rhode Island,East,2024-01-23,343,1,399.18,85.19,399.18,Home & Furniture,3,3,Loyal
1628,Monica Ellison,Hartford,Connecticut,East,2024-04-16,259,1,802.11,172.74,802.11,Home & Furniture,3,4,Loyal
1629,Mrs. Jennifer Barnes,Fort Smith,Arkansas,South,2024-12-19,12,1,1410.54,118.18,1410.54,Electronics,5,5,Champions
1630,Brittany Myers,Montpelier,Vermont,East,2024-01-03,363,1,778.78,85.01,778.78,Electronics,3,4,Loyal
1631,Sarah Fernandez,Reno,Nevada,West,2024-08-14,139,1,242.27,63.41,242.27,Clothing & Apparel,4,2,Potential
1632,Jesus Adams,Baltimore,Maryland,East,2024-12-31,0,1,555.4,192.39,555.4,Home & Furniture,5,3,Potential
1633,Louis Cooley,St. Louis,Missouri,Centre,2023-01-01,730,1,454.26,160.17,454.26,Clothing & Apparel,1,3,At_Risk
1634,Michael Green,Fort Wayne,Indiana,Centre,2024-02-15,320,1,418.35,163.58,418.35,Clothing & Apparel,3,3,Loyal
1635,Tyler Hernandez,Cheyenne,Wyoming,West,2023-09-21,467,2,2677.5,903.47,1338.75,Accessories,2,5,High_Value
1636,Jeremy Mitchell,Billings,Montana,West,2023-11-13,414,1,265.1,65.3,265.1,Accessories,2,2,Lost
1637,Charles Miller,Milwaukee,Wisconsin,Centre,2023-12-11,386,1,977.88,132.55,977.88,Home & Furniture,3,4,Loyal
1638,Jeremy Owens,Las Vegas,Nevada,West,2023-11-23,404,1,343.22,153.08,343.22,Clothing & Apparel,2,2,Lost
1639,Bradley Casey,Madison,Wisconsin,Centre,2023-11-20,407,1,244.12,28.23,244.12,Electronics,2,2,Lost
1640,Dr. Christine Sampson DDS,Reno,Nevada,West,2023-10-04,454,1,1725.96,467.02,1725.96,Home & Furniture,2,5,High_Value
1641,Kimberly Baxter,Mesa,Arizona,West,2023-08-05,514,1,1125.72,380.87,1125.72,Home & Furniture,2,5,High_Value
1642,Christine Lutz,Cleveland,Ohio,Centre,2024-08-20,133,1,494.68,143.53,494.68,Clothing & Apparel,4,3,Potential
1643,Alex Walker,New Haven,Connecticut,East,2023-10-05,453,1,782.28,103.74,782.28,Home & Furniture,2,4,High_Value
1644,Tanya Lawrence,Augusta,Maine,East,2023-01-30,701,1,1085.01,434.53,1085.01,Clothing & Apparel,1,5,High_Value
1645,Heather Jennings,Omaha,Nebraska,Centre,2023-07-17,533,1,835.35,223.62,835.35,Clothing & Apparel,1,4,High_Value
1646,Katherine Morgan,Cedar Rapids,Iowa,Centre,2024-11-20,41,1,1705.56,172.84,1705.56,Electronics,5,5,Champions
1647,David Wilkinson,Missoula,Montana,West,2024-11-05,56,1,573.7,151.76,573.7,Home & Furniture,5,3,Potential
1648,Jacqueline Peters,Tampa,Florida,South,2024-03-23,283,1,639.38,272.01,639.38,Clothing & Apparel,3,4,Loyal
1649,Shane Rice,Dallas,Texas,South,2024-06-27,187,1,74.69,29.16,74.69,Accessories,4,1,At_Risk
1650,Brenda Smith,Tampa,Florida,South,2024-08-03,150,1,526.49,87.97,526.49,Home & Furniture,4,3,Potential
1651,Adam Lopez,Philadelphia,Pennsylvania,East,2024-11-02,59,1,4083.96,573.74,4083.96,Electronics,5,5,Champions
1652,Eric Davis,New Haven,Connecticut,East,2023-09-29,459,1,410.32,78.55,410.32,Electronics,2,3,At_Risk
1653,Tracy Martin,Minneapolis,Minnesota,Centre,2024-11-25,36,1,807.86,109.46,807.86,Electronics,5,4,Champions
1654,Jason Evans,Montpelier,Vermont,East,2023-01-11,720,1,470.63,144.17,470.63,Home & Furniture,1,3,At_Risk
1655,Jerry Baird,Rochester,New York,East,2023-08-28,491,1,560.5,82.97,560.5,Electronics,2,3,At_Risk
1656,Amanda Perkins,Rapid City,South Dakota,Centre,2023-02-12,688,1,418.87,127.88,418.87,Clothing & Apparel,1,3,At_Risk
1657,Charles Andrews,New York City,New York,East,2023-03-10,662,1,2933.7,368.61,2933.7,Electronics,1,5,High_Value
1658,Brittany Carter,Atlanta,Georgia,South,2023-11-17,410,2,166.95,35.400000000000006,83.475,Accessories,2,1,Lost
1659,Brent Garcia,Newark,New Jersey,East,2024-08-13,140,1,1242.7,196.37,1242.7,Electronics,4,5,Champions
1660,Shannon Haynes,Indianapolis,Indiana,Centre,2023-08-23,496,1,2309.94,796.23,2309.94,Home & Furniture,2,5,High_Value
1661,Jamie Thompson,Manchester,New Hampshire,East,2023-03-23,649,1,624.02,153.87,624.02,Home & Furniture,1,3,At_Risk
1662,Tina Moses,Aurora,Illinois,Centre,2023-09-23,465,1,277.4,93.13,277.4,Home & Furniture,2,2,Lost
1663,Joshua Miller,Savannah,Georgia,South,2024-06-06,208,1,187.0,52.7,187.0,Clothing & Apparel,4,1,At_Risk
1664,Larry Wilson,Fayetteville,Arkansas,South,2023-11-06,421,1,619.63,187.27,619.63,Home & Furniture,2,3,At_Risk
1665,Diane Meadows,Albuquerque,New Mexico,West,2024-11-25,36,1,739.41,153.15,739.41,Home & Furniture,5,4,Champions
1666,Ricky Perez,New Haven,Connecticut,East,2023-11-10,417,1,920.9,77.41,920.9,Electronics,2,4,High_Value
1667,Mr. Richard Collier,Albuquerque,New Mexico,West,2024-10-20,72,1,246.06,105.16,246.06,Clothing & Apparel,5,2,Potential
1668,Karen Newman,Pittsburgh,Pennsylvania,East,2024-12-10,21,1,1294.44,371.92,1294.44,Home & Furniture,5,5,Champions
1669,Michele Simmons,Annapolis,Maryland,East,2024-01-07,359,1,386.22,162.65,386.22,Clothing & Apparel,3,3,Loyal
1670,Jorge Rivera,Boise,Idaho,West,2023-06-16,564,1,811.62,265.26,811.62,Clothing & Apparel,1,4,High_Value
1671,Robert Glenn,Indianapolis,Indiana,Centre,2023-10-12,446,1,1274.34,368.98,1274.34,Clothing & Apparel,2,5,High_Value
1672,Elizabeth Sawyer,Fargo,North Dakota,Centre,2024-10-12,80,1,379.31,86.83,379.31,Clothing & Apparel,4,3,Potential
1673,Carrie Hernandez,Rochester,New York,East,2024-05-19,226,1,826.05,100.7,826.05,Electronics,4,4,Champions
1674,Karen Crawford,Jersey City,New Jersey,East,2023-01-12,719,1,971.61,362.72,971.61,Clothing & Apparel,1,4,High_Value
1675,Mr. Jose Montgomery,Casper,Wyoming,West,2023-09-08,480,1,145.64,59.78,145.64,Accessories,2,1,Lost
1676,Marcus Duran,St. Paul,Minnesota,Centre,2024-01-16,350,1,496.38,216.68,496.38,Accessories,3,3,Loyal
1677,David Massey,Jacksonville,Florida,South,2024-02-24,311,1,406.96,94.12,406.96,Home & Furniture,3,3,Loyal
1678,Brian Richardson,Tuscaloosa,Alabama,South,2024-09-29,93,1,349.36,134.81,349.36,Clothing & Apparel,4,2,Potential
1679,Justin Dunn,Pittsburgh,Pennsylvania,East,2024-12-06,25,1,395.82,60.98,395.82,Electronics,5,3,Potential
1680,Steven Kim,Glendale,Arizona,West,2024-04-24,251,1,358.33,145.92,358.33,Clothing & Apparel,3,2,At_Risk
1681,Luis Mercado,Charleston,West Virginia,South,2023-11-19,408,1,395.96,82.23,395.96,Clothing & Apparel,2,3,At_Risk
1682,Jeffrey Johns MD,New Haven,Connecticut,East,2023-05-12,599,1,337.06,138.32,337.06,Accessories,1,2,Lost
1683,Derrick Hart,San Francisco,California,West,2023-10-19,439,1,806.5,167.51,806.5,Clothing & Apparel,2,4,High_Value
1684,Jessica Davis,Newark,New Jersey,East,2023-11-03,424,1,174.79,18.79,174.79,Electronics,2,1,Lost
1685,Kathryn Chavez,Nashua,New Hampshire,East,2024-04-25,250,1,1039.5,410.6,1039.5,Clothing & Apparel,3,4,Loyal
1686,Michael Ruiz,Las Vegas,Nevada,West,2024-02-19,316,1,152.95,65.99,152.95,Accessories,3,1,At_Risk
1687,Ashley Barrett,Augusta,Maine,East,2023-07-25,525,1,166.96,45.89,166.96,Clothing & Apparel,1,1,Lost
1688,Danny Charles,Denver,Colorado,West,2023-10-27,431,1,273.72,116.0,273.72,Accessories,2,2,Lost
1689,Kristy Todd,Fort Wayne,Indiana,Centre,2023-10-21,437,1,175.69,73.88,175.69,Accessories,2,1,Lost
1690,Terry Bartlett,Phoenix,Arizona,West,2023-10-19,439,1,207.95,75.05,207.95,Clothing & Apparel,2,2,Lost
1691,Teresa Richmond,Bismarck,North Dakota,Centre,2023-04-09,632,1,209.42,68.71,209.42,Accessories,1,2,Lost
1692,Christina Sherman,San Jose,California,West,2024-06-04,210,1,841.7,241.46,841.7,Home & Furniture,4,4,Champions
1693,Mark Bullock,Cheyenne,Wyoming,West,2024-09-10,112,1,281.82,89.35,281.82,Accessories,4,2,Potential
1694,Ronald Bryan,Tuscaloosa,Alabama,South,2023-08-03,516,1,244.58,82.48,244.58,Clothing & Apparel,2,2,Lost
1695,Melissa Hudson,Montgomery,Alabama,South,2024-11-06,55,1,1480.1,260.72,1480.1,Home & Furniture,5,5,Champions
1696,Eric Duncan,Santa Fe,New Mexico,West,2024-08-29,124,1,199.91,64.74,199.91,Accessories,4,2,Potential
1697,Laura Johnson,Augusta,Maine,East,2024-11-02,59,1,373.4,52.33,373.4,Electronics,5,3,Potential
1698,Donna Hernandez,Casper,Wyoming,West,2023-06-15,565,1,590.86,116.27,590.86,Home & Furniture,1,3,At_Risk
1699,Jennifer Rose,Annapolis,Maryland,East,2023-07-21,529,1,967.16,338.13,967.16,Home & Furniture,1,4,High_Value
1700,Daniel Terry,New Haven,Connecticut,East,2023-04-26,615,1,845.46,281.42,845.46,Clothing & Apparel,1,4,High_Value
1701,Dawn Klein,Nashua,New Hampshire,East,2023-11-22,405,1,2043.81,222.89,2043.81,Electronics,2,5,High_Value
1702,Randy Nichols,Mesa,Arizona,West,2023-08-17,502,1,148.97,18.33,148.97,Home & Furniture,2,1,Lost
1703,Cassandra Anderson,Milwaukee,Wisconsin,Centre,2023-11-10,417,1,518.43,67.76,518.43,Home & Furniture,2,3,At_Risk
1704,Bradley Graham,Manchester,New Hampshire,East,2023-03-29,643,1,231.55,89.55,231.55,Accessories,1,2,Lost
1705,Spencer Taylor,Missoula,Montana,West,2024-06-24,190,1,763.58,136.24,763.58,Home & Furniture,4,4,Champions
1706,Jason Barnes,Las Vegas,Nevada,West,2024-09-03,119,1,162.86,64.82,162.86,Accessories,4,1,At_Risk
1707,Miss Jennifer Hobbs,Burlington,Vermont,East,2024-05-18,227,1,870.56,83.14,870.56,Electronics,4,4,Champions
1708,Jonathan Knapp,Wichita,Kansas,Centre,2024-04-05,270,1,181.37,60.5,181.37,Accessories,3,1,At_Risk
1709,Bryan Ward,Wilmington,Delaware,East,2023-04-09,632,1,2205.32,649.22,2205.32,Home & Furniture,1,5,High_Value
1710,Carl Miller,Mesa,Arizona,West,2023-11-13,414,1,1534.42,154.81,1534.42,Electronics,2,5,High_Value
1711,David Foster,Worcester,Massachusetts,East,2024-12-11,20,1,774.24,163.62,774.24,Clothing & Apparel,5,4,Champions
1712,Jessica Dixon,Salt Lake City,Utah,West,2024-11-19,42,1,237.71,99.26,237.71,Clothing & Apparel,5,2,Potential
1713,Lisa Jensen,Denver,Colorado,West,2023-08-26,493,1,63.75,29.39,63.75,Accessories,2,1,Lost
1714,Brian White,Chicago,Illinois,Centre,2023-07-20,530,1,574.52,247.36,574.52,Clothing & Apparel,1,3,At_Risk
1715,John Browning,Boise,Idaho,West,2024-03-13,293,1,3567.32,355.59,3567.32,Electronics,3,5,Loyal
1716,Hunter Mckay,Aurora,Illinois,Centre,2023-09-14,474,1,3058.65,802.25,3058.65,Home & Furniture,2,5,High_Value
1717,Emily Woods,Baltimore,Maryland,East,2024-12-21,10,1,93.77,40.31,93.77,Clothing & Apparel,5,1,At_Risk
1718,Allison Dixon,Chicago,Illinois,Centre,2024-10-21,71,1,848.46,351.07,848.46,Clothing & Apparel,5,4,Champions
1719,Katie Meyer,Baltimore,Maryland,East,2023-02-18,682,1,465.44,141.45,465.44,Home & Furniture,1,3,At_Risk
1720,Tyrone Walker,Charleston,West Virginia,South,2024-11-03,58,1,1755.82,524.16,1755.82,Home & Furniture,5,5,Champions
1721,Maria Turner,Cleveland,Ohio,Centre,2024-04-10,265,1,56.33,24.35,56.33,Accessories,3,1,At_Risk
1722,Julie Humphrey,Glendale,Arizona,West,2023-12-23,374,1,707.95,330.53,707.95,Accessories,3,4,Loyal
1723,Rebecca Green,Philadelphia,Pennsylvania,East,2023-12-30,367,1,391.51,52.26,391.51,Electronics,3,3,Loyal
1724,Joan Wright,Wichita,Kansas,Centre,2023-11-16,411,1,697.95,195.71,697.95,Clothing & Apparel,2,4,High_Value
1725,Courtney Beck,Chandler,Arizona,West,2023-08-10,509,1,660.94,83.78,660.94,Electronics,2,4,High_Value
1726,Charles Leon,Worcester,Massachusetts,East,2024-09-25,97,1,350.73,126.68,350.73,Accessories,4,2,Potential
1727,Eric Figueroa,Worcester,Massachusetts,East,2024-12-04,27,1,302.04,150.3,302.04,Accessories,5,2,Potential
1728,Mary Potter,Charleston,West Virginia,South,2024-03-08,298,1,2076.06,321.66,2076.06,Electronics,3,5,Loyal
1729,Andrew Nunez,Madison,Wisconsin,Centre,2024-06-06,208,1,193.53,59.79,193.53,Clothing & Apparel,4,1,At_Risk
1730,Cody Peters,Des Moines,Iowa,Centre,2023-07-23,527,1,1037.6,195.79,1037.6,Electronics,1,4,High_Value
1731,Samantha Robinson,Burlington,Vermont,East,2024-11-01,60,1,1784.2,329.34,1784.2,Electronics,5,5,Champions
1732,Timothy Washington,Bismarck,North Dakota,Centre,2024-08-14,139,1,930.5,135.69,930.5,Electronics,4,4,Champions
1733,Sandra Pena,Dover,Delaware,East,2024-10-15,77,1,1926.66,371.73,1926.66,Electronics,4,5,Champions
1734,Randy Jones,Glendale,Arizona,West,2024-03-30,276,1,645.01,80.81,645.01,Electronics,3,4,Loyal
1735,James Smith,Casper,Wyoming,West,2024-06-21,193,1,1639.65,264.17,1639.65,Electronics,4,5,Champions
1736,Jonathan Owen,New York City,New York,East,2024-12-07,24,1,1248.28,206.42,1248.28,Home & Furniture,5,5,Champions
1737,Ronnie Williamson,San Francisco,California,West,2023-05-20,591,1,945.22,161.0,945.22,Home & Furniture,1,4,High_Value
1738,Patricia Garcia,Denver,Colorado,West,2024-08-01,152,1,1030.44,143.67,1030.44,Home & Furniture,4,4,Champions
1739,Robert Collins,Seattle,Washington,West,2024-06-04,210,1,289.27,92.79,289.27,Home & Furniture,4,2,Potential
1740,Lisa Clark,Springfield,Illinois,Centre,2023-09-14,474,1,883.65,179.93,883.65,Home & Furniture,2,4,High_Value
1741,David Gray,Rapid City,South Dakota,Centre,2023-10-12,446,1,223.49,52.66,223.49,Clothing & Apparel,2,2,Lost
1742,Jesus Stout,Dallas,Texas,South,2023-11-20,407,1,420.24,97.68,420.24,Clothing & Apparel,2,3,At_Risk
1743,Charles Ross,Boston,Massachusetts,East,2024-10-12,80,1,1140.26,105.28,1140.26,Electronics,4,5,Champions
1744,Kyle Cohen,Casper,Wyoming,West,2024-11-07,54,1,803.66,317.15,803.66,Clothing & Apparel,5,4,Champions
1745,Mr. Kelly Vargas,Philadelphia,Pennsylvania,East,2024-05-04,241,1,3670.68,391.02,3670.68,Electronics,4,5,Champions
1746,Tyrone Marshall,Philadelphia,Pennsylvania,East,2024-11-29,32,1,890.28,152.13,890.28,Electronics,5,4,Champions
1747,Jerry Hamilton,Annapolis,Maryland,East,2024-06-19,195,1,1035.45,322.56,1035.45,Home & Furniture,4,4,Champions
1748,Brian Robinson,Santa Fe,New Mexico,West,2023-05-31,580,1,335.81,146.75,335.81,Clothing & Apparel,1,2,Lost
1749,David Reynolds,Augusta,Maine,East,2023-11-24,403,1,1299.86,379.76,1299.86,Home & Furniture,3,5,Loyal
1750,Holly Martinez,Wichita,Kansas,Centre,2024-12-15,16,1,394.01,88.1,394.01,Clothing & Apparel,5,3,Potential
1751,Tyler Griffin,Columbus,Ohio,Centre,2023-11-03,424,1,487.38,132.74,487.38,Clothing & Apparel,2,3,At_Risk
1752,Michael Villarreal,Kansas City,Missouri,Centre,2023-03-26,646,1,164.87,44.47,164.87,Accessories,1,1,Lost
1753,Patricia Gonzalez,Cleveland,Ohio,Centre,2023-12-19,378,1,258.71,50.75,258.71,Electronics,3,2,At_Risk
1754,Donna Kidd,Burlington,Vermont,East,2024-08-13,140,1,374.73,106.23,374.73,Clothing & Apparel,4,3,Potential
1755,Natalie Russell,Providence,Rhode Island,East,2024-09-08,114,1,4854.6,916.63,4854.6,Electronics,4,5,Champions
1756,Kelly Berry,Casper,Wyoming,West,2023-09-24,464,1,562.28,179.8,562.28,Clothing & Apparel,2,3,At_Risk
1757,Victoria Johnson,Lincoln,Nebraska,Centre,2024-11-25,36,1,115.39,41.43,115.39,Clothing & Apparel,5,1,At_Risk
1758,Kerri Rivera,Jackson,Mississippi,South,2024-10-28,64,1,2820.09,587.43,2820.09,Home & Furniture,5,5,Champions
1759,Kathleen Hall,Salem,Oregon,West,2024-01-12,354,1,442.12,96.83,442.12,Accessories,3,3,Loyal
1760,Pamela Schmitt,San Antonio,Texas,South,2023-06-09,571,1,1527.3,152.59,1527.3,Electronics,1,5,High_Value
1761,Scott Wright,Huntington,West Virginia,South,2024-12-12,19,1,61.34,18.95,61.34,Home & Furniture,5,1,At_Risk
1762,David Lopez,Minneapolis,Minnesota,Centre,2023-08-21,498,1,180.03,38.94,180.03,Accessories,2,1,Lost
1763,Tammy Larson,Salem,Oregon,West,2023-01-14,717,1,162.87,75.4,162.87,Accessories,1,1,Lost
1764,Jonathan Miranda DVM,Denver,Colorado,West,2023-10-29,429,1,1279.17,265.27,1279.17,Home & Furniture,2,5,High_Value
1765,Margaret Miller,Colorado Springs,Colorado,West,2024-12-26,5,1,481.65,164.95,481.65,Clothing & Apparel,5,3,Potential
1766,Joe Clark,Montpelier,Vermont,East,2024-01-09,357,1,975.92,333.33,975.92,Home & Furniture,3,4,Loyal
1767,Kristen Valdez,Tucson,Arizona,West,2023-12-06,391,1,89.11,28.58,89.11,Accessories,3,1,At_Risk
1768,Katie Wilcox MD,Portland,Oregon,West,2023-02-19,681,1,613.8,122.81,613.8,Clothing & Apparel,1,3,At_Risk
1769,Debra West,Jacksonville,Florida,South,2024-11-11,50,1,202.3,54.69,202.3,Clothing & Apparel,5,2,Potential
1770,John Miller,Kansas City,Missouri,Centre,2024-04-05,270,1,314.8,44.18,314.8,Electronics,3,2,At_Risk
1771,Holly Le MD,Wilmington,Delaware,East,2023-11-21,406,1,584.07,252.65,584.07,Accessories,2,3,At_Risk
1772,Michael Fuller,Cleveland,Ohio,Centre,2023-11-04,423,1,2286.05,232.52,2286.05,Electronics,2,5,High_Value
1773,Jacqueline Lane,Cleveland,Ohio,Centre,2024-06-10,204,1,70.1,17.37,70.1,Clothing & Apparel,4,1,At_Risk
1774,Carlos Salas MD,Columbus,Ohio,Centre,2023-09-24,464,1,96.61,43.89,96.61,Accessories,2,1,Lost
1775,Frank Harper,Indianapolis,Indiana,Centre,2024-10-21,71,1,110.71,47.39,110.71,Accessories,5,1,At_Risk
1776,Haley Waters,Seattle,Washington,West,2023-04-06,635,1,229.36,62.57,229.36,Accessories,1,2,Lost
1777,Richard Obrien,Milwaukee,Wisconsin,Centre,2023-11-17,410,1,206.96,33.06,206.96,Home & Furniture,2,2,Lost
1778,Bryan White,Worcester,Massachusetts,East,2024-03-28,278,1,103.3,24.32,103.3,Accessories,3,1,At_Risk
1779,Dennis Alvarez,Memphis,Tennessee,South,2024-03-16,290,1,1505.66,434.59,1505.66,Home & Furniture,3,5,Loyal
1780,Nicole Murphy,Grand Rapids,Michigan,Centre,2023-11-25,402,1,387.05,134.76,387.05,Clothing & Apparel,3,3,Loyal
1781,Steven Golden,Sioux Falls,South Dakota,Centre,2024-04-08,267,1,721.24,60.92,721.24,Electronics,3,4,Loyal
1782,Trevor Hayes,Nashua,New Hampshire,East,2023-10-09,449,1,493.28,68.44,493.28,Electronics,2,3,At_Risk
1783,Brendan Logan,Madison,Wisconsin,Centre,2023-11-21,406,1,304.31,41.17,304.31,Electronics,2,2,Lost
1784,Gina Hardy,Reno,Nevada,West,2024-12-07,24,1,463.94,110.12,463.94,Clothing & Apparel,5,3,Potential
1785,Justin Anthony,Jersey City,New Jersey,East,2023-01-13,718,1,1550.58,269.35,1550.58,Electronics,1,5,High_Value
1786,Gregory Taylor,Huntsville,Alabama,South,2024-11-01,60,1,242.11,114.88,242.11,Accessories,5,2,Potential
1787,Caleb Davis,Minneapolis,Minnesota,Centre,2023-12-12,385,1,51.19,18.34,51.19,Accessories,3,1,At_Risk
1788,Tyler Zimmerman,Fayetteville,Arkansas,South,2024-04-07,268,1,2531.36,836.43,2531.36,Home & Furniture,3,5,Loyal
1789,Tracy Klein,Minneapolis,Minnesota,Centre,2023-10-07,451,1,95.32,12.45,95.32,Home & Furniture,2,1,Lost
1790,Alec Bryant,Wilmington,Delaware,East,2023-11-17,410,1,665.84,282.64,665.84,Clothing & Apparel,2,4,High_Value
1791,Kathryn Finley,Burlington,Vermont,East,2024-08-13,140,1,300.88,46.64,300.88,Electronics,4,2,Potential
1792,Pamela Nelson,Madison,Wisconsin,Centre,2024-10-22,70,1,149.86,43.36,149.86,Home & Furniture,5,1,At_Risk
1793,Christopher Hunt,Gulfport,Mississippi,South,2023-08-21,498,1,762.06,102.5,762.06,Electronics,2,4,High_Value
1794,Stephen Mcknight,Cedar Rapids,Iowa,Centre,2024-12-24,7,1,1270.54,175.42,1270.54,Electronics,5,5,Champions
1795,Michael Huang,Tuscaloosa,Alabama,South,2023-02-18,682,1,1329.99,234.86,1329.99,Home & Furniture,1,5,High_Value
1796,Michelle Davenport,Milwaukee,Wisconsin,Centre,2024-05-24,221,1,1277.55,506.39,1277.55,Accessories,4,5,Champions
1797,Antonio Duncan,Rochester,New York,East,2023-07-23,527,1,2466.54,452.22,2466.54,Electronics,1,5,High_Value
1798,Caitlin Guzman,Boise,Idaho,West,2023-12-17,380,1,1326.81,348.21,1326.81,Home & Furniture,3,5,Loyal
1799,Rachel Harris,Chicago,Illinois,Centre,2024-10-10,82,1,712.98,205.31,712.98,Clothing & Apparel,4,4,Champions
1800,Gwendolyn Kaiser,Wichita,Kansas,Centre,2024-12-13,18,1,330.0,112.77,330.0,Clothing & Apparel,5,2,Potential
1801,Michael Humphrey,Cincinnati,Ohio,Centre,2024-06-01,213,1,749.12,320.56,749.12,Clothing & Apparel,4,4,Champions
1802,Krista Jordan,St. Louis,Missouri,Centre,2024-07-14,170,1,641.12,95.76,641.12,Electronics,4,4,Champions
1803,Robert Thomas,Tucson,Arizona,West,2023-06-24,556,1,280.61,84.74,280.61,Clothing & Apparel,1,2,Lost
1804,Jocelyn Woods,Columbia,South Carolina,South,2023-12-03,394,1,266.88,101.3,266.88,Accessories,3,2,At_Risk
1805,Caitlin Allen,Albuquerque,New Mexico,West,2024-04-25,250,1,1009.03,183.92,1009.03,Electronics,3,4,Loyal
1806,Kyle Smith,Kansas City,Missouri,Centre,2024-05-23,222,1,437.12,39.79,437.12,Electronics,4,3,Potential
1807,Kelly Harper,Montgomery,Alabama,South,2024-03-27,279,1,914.0,225.34,914.0,Clothing & Apparel,3,4,Loyal
1808,Frank Pope,Dallas,Texas,South,2023-03-19,653,1,1857.99,326.97,1857.99,Electronics,1,5,High_Value
1809,Katrina Mora,Manchester,New Hampshire,East,2023-11-03,424,1,806.14,177.98,806.14,Home & Furniture,2,4,High_Value
1810,Denise Sullivan,Rochester,New York,East,2024-01-28,338,1,316.01,135.18,316.01,Clothing & Apparel,3,2,At_Risk
1811,Elizabeth Callahan,Tallahassee,Florida,South,2024-03-10,296,1,286.61,86.69,286.61,Clothing & Apparel,3,2,At_Risk
1812,Larry Jones,Lincoln,Nebraska,Centre,2023-10-16,442,1,648.11,60.25,648.11,Electronics,2,4,High_Value
1813,Jeffrey Vaughn,Cincinnati,Ohio,Centre,2023-01-04,727,1,1747.26,722.15,1747.26,Clothing & Apparel,1,5,High_Value
1814,Anthony Steele,Portland,Oregon,West,2024-02-01,334,1,229.98,70.33,229.98,Accessories,3,2,At_Risk
1815,Mrs. Danielle Thomas,Jersey City,New Jersey,East,2023-08-03,516,1,3977.76,845.42,3977.76,Home & Furniture,2,5,High_Value
1816,Scott Turner,Newark,New Jersey,East,2023-06-07,573,1,462.52,188.08,462.52,Clothing & Apparel,1,3,At_Risk
1817,Nathan Bruce,Seattle,Washington,West,2023-10-04,454,1,148.78,25.1,148.78,Home & Furniture,2,1,Lost
1818,Bryan Johnson,Rapid City,South Dakota,Centre,2023-10-21,437,1,423.79,121.78,423.79,Clothing & Apparel,2,3,At_Risk
1819,Tara Rodriguez,Boise,Idaho,West,2023-05-18,593,1,705.87,247.08,705.87,Accessories,1,4,High_Value
1820,Jason Harris,Madison,Wisconsin,Centre,2024-01-31,335,1,112.2,16.5,112.2,Home & Furniture,3,1,At_Risk
1821,Victoria Carpenter,Albuquerque,New Mexico,West,2023-05-28,583,1,308.43,117.34,308.43,Clothing & Apparel,1,2,Lost
1822,Thomas Patton,Chicago,Illinois,Centre,2023-11-03,424,1,437.54,105.8,437.54,Clothing & Apparel,2,3,At_Risk
1823,Nicole Moran,Oklahoma City,Oklahoma,South,2024-04-05,270,1,620.66,156.43,620.66,Home & Furniture,3,3,Loyal
1824,Tiffany Moore,Burlington,Vermont,East,2023-05-07,604,1,1081.36,343.07,1081.36,Home & Furniture,1,5,High_Value
1825,Karen Mercado,San Antonio,Texas,South,2024-01-09,357,1,137.78,18.45,137.78,Home & Furniture,3,1,At_Risk
1826,Daniel Mack,Worcester,Massachusetts,East,2024-11-22,39,1,925.45,118.13,925.45,Electronics,5,4,Champions
1827,Andrew Brown,St. Paul,Minnesota,Centre,2024-02-02,333,1,786.32,318.8,786.32,Clothing & Apparel,3,4,Loyal
1828,Jacqueline Watson,Cleveland,Ohio,Centre,2024-12-20,11,1,2071.98,200.53,2071.98,Electronics,5,5,Champions
1829,Ashley Moreno,Grand Rapids,Michigan,Centre,2023-11-27,400,1,1646.18,531.47,1646.18,Home & Furniture,3,5,Loyal
1830,Andrew Howard,Wichita,Kansas,Centre,2024-10-13,79,1,445.3,36.67,445.3,Electronics,4,3,Potential
1831,Richard Lawson,Las Vegas,Nevada,West,2024-06-21,193,1,199.02,55.27,199.02,Clothing & Apparel,4,2,Potential
1832,Allison Jones,San Jose,California,West,2024-01-05,361,1,787.44,135.23,787.44,Home & Furniture,3,4,Loyal
1833,Sheila Mccoy MD,Dallas,Texas,South,2023-08-26,493,1,436.38,112.03,436.38,Accessories,2,3,At_Risk
1834,Maxwell Schmidt,San Antonio,Texas,South,2024-08-09,144,1,1363.12,541.07,1363.12,Clothing & Apparel,4,5,Champions
1835,Dennis Moore,Gulfport,Mississippi,South,2023-11-12,415,1,305.94,39.62,305.94,Home & Furniture,2,2,Lost
1836,Mary Cameron,Fargo,North Dakota,Centre,2023-12-26,371,1,239.2,60.09,239.2,Home & Furniture,3,2,At_Risk
1837,Rebecca Gibson,Phoenix,Arizona,West,2024-11-13,48,1,1009.96,344.14,1009.96,Home & Furniture,5,4,Champions
1838,Robert Davies,Sioux Falls,South Dakota,Centre,2024-12-17,14,1,135.9,52.79,135.9,Clothing & Apparel,5,1,At_Risk
1839,Sharon Ray,Jersey City,New Jersey,East,2023-11-09,418,1,1172.01,269.68,1172.01,Home & Furniture,2,5,High_Value
1840,Michael Logan,Orlando,Florida,South,2024-01-02,364,1,624.0,121.8,624.0,Home & Furniture,3,3,Loyal
1841,William Fernandez,Huntington,West Virginia,South,2024-01-08,358,1,135.23,48.39,135.23,Clothing & Apparel,3,1,At_Risk
1842,Darin Jensen,Phoenix,Arizona,West,2024-08-17,136,1,386.32,74.94,386.32,Electronics,4,3,Potential
1843,Heather Aguilar,Boise,Idaho,West,2024-11-19,42,1,788.85,121.06,788.85,Electronics,5,4,Champions
1844,Melissa Gaines,Louisville,Kentucky,South,2023-11-28,399,1,635.28,108.66,635.28,Electronics,3,4,Loyal
1845,Patrick Hardy,Santa Fe,New Mexico,West,2024-08-24,129,1,1500.78,211.95,1500.78,Home & Furniture,4,5,Champions
1846,Cory Bennett,Annapolis,Maryland,East,2023-12-19,378,1,123.06,27.29,123.06,Home & Furniture,3,1,At_Risk
1847,John Odom,Rochester,New York,East,2024-09-05,117,1,823.85,126.53,823.85,Electronics,4,4,Champions
1848,Kimberly Cole,New Haven,Connecticut,East,2024-11-29,32,1,2095.02,251.55,2095.02,Home & Furniture,5,5,Champions
1849,Helen Waters,Rochester,New York,East,2024-06-02,212,1,1609.41,294.54,1609.41,Electronics,4,5,Champions
1850,Tracy Deleon,Rapid City,South Dakota,Centre,2023-11-04,423,1,809.23,268.3,809.23,Home & Furniture,2,4,High_Value
1851,Melissa Williams,Lincoln,Nebraska,Centre,2024-01-10,356,1,155.1,39.73,155.1,Clothing & Apparel,3,1,At_Risk
1852,Carolyn Fisher,Casper,Wyoming,West,2023-02-06,694,1,493.21,83.17,493.21,Electronics,1,3,At_Risk
1853,Steven Hamilton,Springfield,Illinois,Centre,2024-12-23,8,2,2610.48,396.53,1305.24,Clothing & Apparel,5,5,Champions
1854,Michelle Rodriguez,Casper,Wyoming,West,2023-11-26,401,1,145.08,27.59,145.08,Electronics,3,1,At_Risk
1855,Jason Dawson,San Jose,California,West,2023-03-22,650,1,528.0,133.19,528.0,Home & Furniture,1,3,At_Risk
1856,Randy Martinez,Tallahassee,Florida,South,2023-09-09,479,1,318.58,54.7,318.58,Home & Furniture,2,2,Lost
1857,Maria Lynch,Sacramento,California,West,2023-12-17,380,1,3239.08,496.37,3239.08,Home & Furniture,3,5,Loyal
1858,Shannon Humphrey,Dover,Delaware,East,2024-10-15,77,1,1076.61,416.19,1076.61,Clothing & Apparel,4,5,Champions
1859,Michelle Ramirez,Chicago,Illinois,Centre,2023-11-12,415,1,102.82,42.84,102.82,Clothing & Apparel,2,1,Lost
1860,Tracey Jones,Reno,Nevada,West,2023-12-19,378,1,721.9,64.77,721.9,Electronics,3,4,Loyal
1861,Mason Watson,Boston,Massachusetts,East,2024-09-02,120,1,755.82,106.66,755.82,Electronics,4,4,Champions
1862,Jordan Bennett,Annapolis,Maryland,East,2023-01-12,719,1,190.44,45.92,190.44,Home & Furniture,1,1,Lost
1863,Debbie Cunningham,Birmingham,Alabama,South,2023-12-07,390,1,268.86,88.55,268.86,Clothing & Apparel,3,2,At_Risk
1864,Laurie Garcia,Boston,Massachusetts,East,2024-12-31,0,1,1459.95,223.39,1459.95,Electronics,5,5,Champions
1865,Angela Villarreal,Columbus,Ohio,Centre,2023-09-03,485,1,547.69,105.05,547.69,Home & Furniture,2,3,At_Risk
1866,Amber Long,New York City,New York,East,2024-11-21,40,1,542.91,70.31,542.91,Home & Furniture,5,3,Potential
1867,William Wagner,Salem,Oregon,West,2023-08-20,499,1,1542.08,165.57,1542.08,Electronics,2,5,High_Value
1868,Gary Bell,Pittsburgh,Pennsylvania,East,2023-08-02,517,1,792.04,119.3,792.04,Electronics,2,4,High_Value
1869,Joanne Barrera,Annapolis,Maryland,East,2023-07-08,542,1,501.87,159.07,501.87,Accessories,1,3,At_Risk
1870,Ms. Heather Bonilla MD,Mesa,Arizona,West,2023-12-10,387,1,2053.88,274.92,2053.88,Electronics,3,5,Loyal
1871,Leslie Hayes,Rapid City,South Dakota,Centre,2024-01-20,346,1,716.26,157.61,716.26,Home & Furniture,3,4,Loyal
1872,Dustin Reed,Des Moines,Iowa,Centre,2024-11-29,32,1,2657.16,409.66,2657.16,Electronics,5,5,Champions
1873,Paula Hicks,Grand Rapids,Michigan,Centre,2023-12-08,389,1,1368.8,214.11,1368.8,Electronics,3,5,Loyal
1874,Anita Murphy,Manchester,New Hampshire,East,2023-10-04,454,1,180.01,41.54,180.01,Home & Furniture,2,1,Lost
1875,Mary Gonzales,Dallas,Texas,South,2024-01-28,338,1,239.8,83.08,239.8,Accessories,3,2,At_Risk
1876,Courtney Adams,Chicago,Illinois,Centre,2024-12-17,14,1,685.59,130.97,685.59,Electronics,5,4,Champions
1877,Eric Dunn,Tallahassee,Florida,South,2024-11-04,57,1,733.81,85.71,733.81,Electronics,5,4,Champions
1878,Christopher Murray,Reno,Nevada,West,2024-07-25,159,1,106.62,25.17,106.62,Clothing & Apparel,4,1,At_Risk
1879,Amanda Smith,Glendale,Arizona,West,2024-09-22,100,1,156.85,77.71,156.85,Accessories,4,1,At_Risk
1880,Robert Harris,Hartford,Connecticut,East,2023-02-26,674,1,123.45,59.96,123.45,Accessories,1,1,Lost
1881,Melissa Evans,Little Rock,Arkansas,South,2024-11-14,47,1,253.78,110.11,253.78,Clothing & Apparel,5,2,Potential
1882,Tara Chase,Newark,New Jersey,East,2024-12-09,22,1,277.41,76.34,277.41,Home & Furniture,5,2,Potential
1883,Mackenzie Hall,Manchester,New Hampshire,East,2023-12-17,380,1,320.06,90.84,320.06,Clothing & Apparel,3,2,At_Risk
1884,James Webb,Baltimore,Maryland,East,2024-12-24,7,1,491.76,174.8,491.76,Clothing & Apparel,5,3,Potential
1885,Katherine Miller,Rapid City,South Dakota,Centre,2023-11-22,405,1,114.96,14.33,114.96,Home & Furniture,2,1,Lost
1886,Erica Smith,Mesa,Arizona,West,2023-12-19,378,1,161.4,70.67,161.4,Clothing & Apparel,3,1,At_Risk
1887,Linda Hanson,Mesa,Arizona,West,2023-12-21,376,1,1257.21,302.72,1257.21,Home & Furniture,3,5,Loyal
1888,Tommy Hall,Manchester,New Hampshire,East,2024-10-27,65,1,589.58,83.53,589.58,Electronics,5,3,Potential
1889,Erika Anthony,Milwaukee,Wisconsin,Centre,2023-04-20,621,1,436.44,123.48,436.44,Home & Furniture,1,3,At_Risk
1890,Elizabeth West,Spokane,Washington,West,2024-02-18,317,1,3390.0,463.18,3390.0,Home & Furniture,3,5,Loyal
1891,Crystal Sims,Annapolis,Maryland,East,2023-12-10,387,1,823.3,160.68,823.3,Electronics,3,4,Loyal
1892,Daniel Murphy,Salt Lake City,Utah,West,2023-10-24,434,1,413.54,100.28,413.54,Clothing & Apparel,2,3,At_Risk
1893,Jamie Stanley,Albuquerque,New Mexico,West,2023-11-17,410,1,504.31,149.19,504.31,Home & Furniture,2,3,At_Risk
1894,Courtney Duncan,Cedar Rapids,Iowa,Centre,2023-06-11,569,1,60.8,14.35,60.8,Clothing & Apparel,1,1,Lost
1895,Aaron Harding,Madison,Wisconsin,Centre,2024-01-03,363,1,339.73,105.9,339.73,Clothing & Apparel,3,2,At_Risk
1896,Jennifer Peterson,Rochester,New York,East,2023-05-27,584,1,318.78,59.28,318.78,Electronics,1,2,Lost
1897,Daniel Roth,St. Louis,Missouri,Centre,2024-11-10,51,1,415.59,75.48,415.59,Electronics,5,3,Potential
1898,Robert Dickerson,Columbia,South Carolina,South,2024-09-04,118,1,30.95,11.66,30.95,Clothing & Apparel,4,1,At_Risk
1899,William Hudson,Topeka,Kansas,Centre,2023-12-11,386,1,277.54,96.84,277.54,Accessories,3,2,At_Risk
1900,Andrew Baker,Newark,New Jersey,East,2023-03-18,654,1,600.09,135.72,600.09,Home & Furniture,1,3,At_Risk
1901,Phyllis Ruiz,Little Rock,Arkansas,South,2024-10-18,74,1,470.78,51.8,470.78,Electronics,5,3,Potential
1902,Richard Morrow,Rochester,New York,East,2023-05-17,594,1,586.69,180.48,586.69,Home & Furniture,1,3,At_Risk
1903,Brandon Guerra,Manchester,New Hampshire,East,2023-11-13,414,1,1111.44,226.89,1111.44,Home & Furniture,2,5,High_Value
1904,Jeremy Vega,San Jose,California,West,2023-09-11,477,1,29.62,9.9,29.62,Clothing & Apparel,2,1,Lost
1905,Ricardo Ortega,Louisville,Kentucky,South,2024-04-02,273,1,413.35,69.94,413.35,Electronics,3,3,Loyal
1906,Diana Ramirez,Boston,Massachusetts,East,2024-12-15,16,1,64.8,14.7,64.8,Clothing & Apparel,5,1,At_Risk
1907,Jacqueline Mayer,Wilmington,Delaware,East,2024-10-13,79,1,2042.95,379.99,2042.95,Electronics,4,5,Champions
1908,Mary Johnson,New York City,New York,East,2023-04-21,620,1,771.78,312.57,771.78,Clothing & Apparel,1,4,High_Value
1909,Linda Good,Atlanta,Georgia,South,2023-08-22,497,1,513.38,63.62,513.38,Electronics,2,3,At_Risk
1910,Ryan Lamb,Albuquerque,New Mexico,West,2023-07-10,540,1,282.99,108.27,282.99,Clothing & Apparel,1,2,Lost
1911,Charles Marshall,Rapid City,South Dakota,Centre,2023-01-05,726,1,603.75,74.05,603.75,Home & Furniture,1,3,At_Risk
1912,John Patterson,Madison,Wisconsin,Centre,2024-03-05,301,1,242.55,74.05,242.55,Clothing & Apparel,3,2,At_Risk
1913,David Reynolds,Seattle,Washington,West,2023-10-15,443,1,339.55,59.96,339.55,Electronics,2,2,Lost
1914,Brian Wagner,New York City,New York,East,2024-09-09,113,1,927.69,226.89,927.69,Clothing & Apparel,4,4,Champions
1915,Andrew Gordon,Lincoln,Nebraska,Centre,2024-10-21,71,1,70.29,27.66,70.29,Accessories,5,1,At_Risk
1916,Michael Rogers,Boston,Massachusetts,East,2023-12-20,377,1,223.0,73.47,223.0,Accessories,3,2,At_Risk
1917,Anita Sullivan,Billings,Montana,West,2024-08-10,143,1,412.83,77.91,412.83,Electronics,4,3,Potential
1918,Gregory Carter,Dover,Delaware,East,2024-10-17,75,1,833.04,213.03,833.04,Clothing & Apparel,5,4,Champions
1919,Samantha Marquez,Nashua,New Hampshire,East,2024-03-29,277,1,190.34,64.61,190.34,Home & Furniture,3,1,At_Risk
1920,Christine Jenkins,Missoula,Montana,West,2023-06-13,567,1,803.99,114.08,803.99,Electronics,1,4,High_Value
1921,Kristen Salinas,Sioux Falls,South Dakota,Centre,2024-06-29,185,1,158.37,64.3,158.37,Accessories,4,1,At_Risk
1922,Lori Moore,Worcester,Massachusetts,East,2024-11-08,53,1,424.47,63.2,424.47,Home & Furniture,5,3,Potential
1923,Kristin Hendrix,Salt Lake City,Utah,West,2023-10-29,429,1,83.71,30.7,83.71,Accessories,2,1,Lost
1924,Theodore Jacobson,Manchester,New Hampshire,East,2023-09-15,473,1,344.34,64.21,344.34,Electronics,2,2,Lost
1925,Mr. Charles Owens,Pittsburgh,Pennsylvania,East,2023-11-17,410,1,175.68,26.04,175.68,Electronics,2,1,Lost
1926,Noah Bridges,Memphis,Tennessee,South,2024-10-17,75,1,318.66,92.32,318.66,Accessories,5,2,Potential
1927,Sean Bryant,Missoula,Montana,West,2024-06-10,204,1,119.98,22.24,119.98,Accessories,4,1,At_Risk
1928,Paul Mendez,Reno,Nevada,West,2023-06-15,565,1,317.26,92.01,317.26,Clothing & Apparel,1,2,Lost
1929,Jasmin Wright,Salem,Oregon,West,2023-08-01,518,1,640.96,219.84,640.96,Home & Furniture,2,4,High_Value
1930,Nancy Oconnor,Manchester,New Hampshire,East,2024-08-10,143,1,180.37,33.33,180.37,Electronics,4,1,At_Risk
1931,Janet Lewis,Fargo,North Dakota,Centre,2023-10-20,438,1,202.92,80.93,202.92,Accessories,2,2,Lost
1932,Peter Carroll,Minneapolis,Minnesota,Centre,2023-06-17,563,1,1044.85,109.35,1044.85,Electronics,1,4,High_Value
1933,James Crane,San Jose,California,West,2023-10-24,434,1,2055.12,297.82,2055.12,Electronics,2,5,High_Value
1934,Sean Hebert,St. Louis,Missouri,Centre,2023-11-08,419,1,772.87,193.14,772.87,Home & Furniture,2,4,High_Value
1935,Sean Hernandez,Santa Fe,New Mexico,West,2024-12-03,28,1,144.26,58.89,144.26,Clothing & Apparel,5,1,At_Risk
1936,Nicole Warren,Portland,Oregon,West,2024-12-25,6,1,240.72,99.01,240.72,Accessories,5,2,Potential
1937,Steven Young,Boise,Idaho,West,2023-07-16,534,1,743.45,124.58,743.45,Home & Furniture,1,4,High_Value
1938,Becky Simmons,Huntington,West Virginia,South,2023-04-22,619,1,104.18,45.6,104.18,Accessories,1,1,Lost
1939,Mark Bennett,Atlanta,Georgia,South,2023-10-12,446,1,344.72,100.18,344.72,Clothing & Apparel,2,2,Lost
1940,Jessica Hernandez,Portland,Oregon,West,2024-08-29,124,2,470.05,213.2,235.025,Accessories,4,3,Potential
1941,Tracy Johnson,Montpelier,Vermont,East,2023-09-20,468,1,1634.3,323.03,1634.3,Electronics,2,5,High_Value
1942,Danny Schmidt,Louisville,Kentucky,South,2023-11-03,424,1,365.32,63.97,365.32,Home & Furniture,2,2,Lost
1943,Travis English,Colorado Springs,Colorado,West,2024-04-22,253,1,126.01,39.73,126.01,Accessories,3,1,At_Risk
1944,Matthew Erickson,Colorado Springs,Colorado,West,2023-10-03,455,1,262.51,106.09,262.51,Clothing & Apparel,2,2,Lost
1945,Samantha Pineda,New Orleans,Louisiana,South,2024-02-09,326,1,1537.52,130.56,1537.52,Electronics,3,5,Loyal
1946,Joel Juarez,Jackson,Mississippi,South,2023-11-04,423,1,75.79,32.34,75.79,Clothing & Apparel,2,1,Lost
1947,Jasmine Taylor,Columbia,South Carolina,South,2023-11-27,400,1,309.28,62.57,309.28,Clothing & Apparel,3,2,At_Risk
1948,Dustin Brock,Jersey City,New Jersey,East,2024-12-05,26,1,105.6,19.59,105.6,Accessories,5,1,At_Risk
1949,Joan Smith,Dover,Delaware,East,2024-02-03,332,1,183.72,42.01,183.72,Home & Furniture,3,1,At_Risk
1950,Brittney Gutierrez,Santa Fe,New Mexico,West,2023-09-05,483,1,205.06,84.59,205.06,Accessories,2,2,Lost
1951,Mr. Clinton Ramirez,New Haven,Connecticut,East,2023-11-03,424,1,979.27,129.94,979.27,Electronics,2,4,High_Value
1952,Molly Hughes,Lincoln,Nebraska,Centre,2024-01-20,346,1,729.56,131.33,729.56,Home & Furniture,3,4,Loyal
1953,Scott Dunn,Kansas City,Missouri,Centre,2023-04-06,635,1,145.03,24.78,145.03,Electronics,1,1,Lost
1954,Ashley Sanchez,Glendale,Arizona,West,2024-10-06,86,1,808.0,260.31,808.0,Accessories,4,4,Champions
1955,Jacob Parker,Mesa,Arizona,West,2024-07-23,161,1,213.11,84.49,213.11,Accessories,4,2,Potential
1956,Yolanda Barnes,Burlington,Vermont,East,2023-11-17,410,1,88.22,36.58,88.22,Clothing & Apparel,2,1,Lost
1957,Brandon Perkins,Grand Rapids,Michigan,Centre,2024-04-10,265,1,213.68,98.9,213.68,Accessories,3,2,At_Risk
1958,Christopher Murray,Boston,Massachusetts,East,2023-02-02,698,1,139.57,51.81,139.57,Accessories,1,1,Lost
1959,Kelly Cox,Fargo,North Dakota,Centre,2023-12-10,387,1,768.82,126.9,768.82,Home & Furniture,3,4,Loyal
1960,Mariah Frederick,Grand Rapids,Michigan,Centre,2023-12-27,370,1,608.02,101.84,608.02,Home & Furniture,3,3,Loyal
1961,Richard Bolton,Worcester,Massachusetts,East,2024-01-20,346,1,366.07,42.25,366.07,Electronics,3,2,At_Risk
1962,Jeremy Smith,San Francisco,California,West,2023-06-04,576,1,890.64,73.93,890.64,Electronics,1,4,High_Value
1963,Charles May,Cleveland,Ohio,Centre,2024-09-22,100,1,228.6,76.62,228.6,Clothing & Apparel,4,2,Potential
1964,Jose Campbell,Philadelphia,Pennsylvania,East,2024-11-24,37,1,2579.46,389.98,2579.46,Electronics,5,5,Champions
1965,Michael Roberson,Albuquerque,New Mexico,West,2024-04-24,251,1,762.5,120.59,762.5,Home & Furniture,3,4,Loyal
1966,Tracy Patton,Manchester,New Hampshire,East,2024-06-23,191,1,300.27,49.22,300.27,Home & Furniture,4,2,Potential
1967,Katie Sandoval,Topeka,Kansas,Centre,2024-01-15,351,1,849.63,180.93,849.63,Home & Furniture,3,4,Loyal
1968,Abigail Mcclure,Cedar Rapids,Iowa,Centre,2023-11-20,407,1,652.62,167.42,652.62,Home & Furniture,2,4,High_Value
1969,Elizabeth Garza,Spokane,Washington,West,2023-06-29,551,1,836.48,272.74,836.48,Clothing & Apparel,1,4,High_Value
1970,Paul Beltran,Columbus,Ohio,Centre,2023-11-28,399,1,654.44,164.57,654.44,Accessories,3,4,Loyal
1971,Timothy Decker,Wichita,Kansas,Centre,2024-08-17,136,1,281.0,80.97,281.0,Home & Furniture,4,2,Potential
1972,Carlos Murray,Augusta,Maine,East,2023-04-18,623,1,1119.08,118.37,1119.08,Electronics,1,5,High_Value
1973,Theresa Silva,Fargo,North Dakota,Centre,2024-06-06,208,1,69.53,21.23,69.53,Home & Furniture,4,1,At_Risk
1974,Joseph Powell,Denver,Colorado,West,2024-01-15,351,1,528.02,86.73,528.02,Electronics,3,3,Loyal
1975,Samantha Mitchell,Manchester,New Hampshire,East,2023-03-01,671,1,851.9,211.89,851.9,Accessories,1,4,High_Value
1976,Gerald Flores,Santa Fe,New Mexico,West,2023-02-14,686,1,1104.92,169.6,1104.92,Home & Furniture,1,5,High_Value
1977,Jessica Torres,Nashua,New Hampshire,East,2024-09-11,111,2,263.03,60.150000000000006,131.515,Clothing & Apparel,4,2,Potential
1978,Jason Boyd,Huntington,West Virginia,South,2024-08-21,132,1,359.0,81.73,359.0,Clothing & Apparel,4,2,Potential
1979,Krystal Rodriguez,Fayetteville,Arkansas,South,2024-10-11,81,1,280.56,51.89,280.56,Accessories,4,2,Potential
1980,John Johnson,Sacramento,California,West,2024-10-26,66,1,120.87,31.3,120.87,Accessories,5,1,At_Risk
1981,Jason Nguyen,Pittsburgh,Pennsylvania,East,2024-08-05,148,1,169.89,66.08,169.89,Clothing & Apparel,4,1,At_Risk
1982,Joyce Evans,Philadelphia,Pennsylvania,East,2023-11-16,411,1,407.78,110.9,407.78,Clothing & Apparel,2,3,At_Risk
1983,Stephanie Graham,Worcester,Massachusetts,East,2023-10-18,440,1,137.12,36.35,137.12,Accessories,2,1,Lost
1984,Vincent Leonard,San Francisco,California,West,2023-11-28,399,1,343.42,87.12,343.42,Clothing & Apparel,3,2,At_Risk
1985,Edgar Stevens,San Antonio,Texas,South,2023-10-09,449,1,92.16,19.02,92.16,Clothing & Apparel,2,1,Lost
1986,Lori Murray,Grand Rapids,Michigan,Centre,2023-02-22,678,1,1479.96,395.29,1479.96,Home & Furniture,1,5,High_Value
1987,Kevin White,Reno,Nevada,West,2024-11-30,31,1,1769.31,391.43,1769.31,Home & Furniture,5,5,Champions
1988,Kevin Keller,Fargo,North Dakota,Centre,2024-08-10,143,1,1541.96,191.11,1541.96,Electronics,4,5,Champions
1989,James Santos,Philadelphia,Pennsylvania,East,2023-11-25,402,1,591.28,113.65,591.28,Home & Furniture,3,3,Loyal
1990,Richard Jensen,Billings,Montana,West,2023-03-29,643,1,210.18,41.09,210.18,Accessories,1,2,Lost
1991,Nicole Lee,Manchester,New Hampshire,East,2023-12-20,377,1,749.39,146.14,749.39,Electronics,3,4,Loyal
1992,Spencer Guerrero,Montpelier,Vermont,East,2023-07-30,520,1,219.4,89.5,219.4,Clothing & Apparel,2,2,Lost
1993,Stephanie Dawson,Providence,Rhode Island,East,2024-12-27,4,1,53.36,13.71,53.36,Home & Furniture,5,1,At_Risk
1994,Jennifer Stone,Seattle,Washington,West,2024-08-07,146,1,321.89,130.53,321.89,Clothing & Apparel,4,2,Potential
1995,Jonathan Fitzgerald Jr.,St. Paul,Minnesota,Centre,2024-05-14,231,1,945.93,123.2,945.93,Electronics,4,4,Champions
1996,Misty Christensen,Manchester,New Hampshire,East,2024-12-14,17,1,1312.26,281.43,1312.26,Clothing & Apparel,5,5,Champions
1997,Lisa Baker,Boise,Idaho,West,2024-01-02,364,1,1417.42,448.44,1417.42,Home & Furniture,3,5,Loyal
1998,Dominique Holland,Providence,Rhode Island,East,2023-02-12,688,1,2553.58,434.55,2553.58,Home & Furniture,1,5,High_Value
1999,Nancy Blake,Minneapolis,Minnesota,Centre,2023-07-20,530,1,135.11,40.73,135.11,Home & Furniture,1,1,Lost
