Order_ID,Order_Date,Customer_Name,City,State,Region,Country,Category,Sub_Category,Product_Name,Quantity,Unit_Price,Revenue,Profit,Customer_ID,Customer_ID_Numeric
1,08-23-23,Bianca Brown,Jackson,Mississippi,South,United States,Accessories,Small Electronics,Phone Case,3,201.01,603.03,221.49,"Bianca Brown | Jackson, Mississippi",0
2,12-20-24,Jared Edwards,Grand Rapids,Michigan,Centre,United States,Accessories,Small Electronics,Charging Cable,4,74.3,297.2,97.09,"Jared Edwards | Grand Rapids, Michigan",1
3,01-29-24,Susan Valdez,Minneapolis,Minnesota,Centre,United States,Clothing & Apparel,Sportswear,Nike Air Force 1,1,68.19,68.19,25.47,"Susan Valdez | Minneapolis, Minnesota",2
4,11-29-24,Tina Williams,Tallahassee,Florida,South,United States,Clothing & Apparel,Sportswear,Adidas Tracksuit,3,209.64,628.92,231.38,"Tina Williams | Tallahassee, Florida",3
5,09-21-23,Catherine Gordon,Baltimore,Maryland,East,United States,Accessories,Bags,Backpack,1,216.63,216.63,42.46,"Catherine Gordon | Baltimore, Maryland",4
6,10-18-24,Brittany Johnson,Boston,Massachusetts,East,United States,Electronics,Home Appliances,Instant Pot,1,701.15,701.15,90.63,"Brittany Johnson | Boston, Massachusetts",5
7,12-11-24,Katie Rodriguez MD,Seattle,Washington,West,United States,Electronics,Wearables,Apple Watch,2,875.34,1750.68,320.37,"Katie Rodriguez MD | Seattle, Washington",6
8,05-05-23,John Davis,Tulsa,Oklahoma,South,United States,Clothing & Apparel,Men's Wear,Levi's Jeans,1,329.29,329.29,65.91,"John Davis | Tulsa, Oklahoma",7
9,10-25-23,Edward Hicks,Salt Lake City,Utah,West,United States,Clothing & Apparel,Footwear,Timberland Boots,2,115.35,230.7,87.44,"Edward Hicks | Salt Lake City, Utah",8
10,10-15-23,Carrie Cunningham,Fort Smith,Arkansas,South,United States,Electronics,Smartphones,Apple iPhone 14,5,509.51,2547.55,472.9,"Carrie Cunningham | Fort Smith, Arkansas",9
11,06-28-23,Benjamin Smith,Rochester,New York,East,United States,Clothing & Apparel,Women's Wear,Old Navy Dress,2,365.12,730.24,220.43,"Benjamin Smith | Rochester, New York",10
12,09-09-23,Angela Manning,Augusta,Maine,East,United States,Accessories,Wearable Accessories,Watch Strap,1,124.92,124.92,24.65,"Angela Manning | Augusta, Maine",11
13,07-13-23,Brent Kirby,Boston,Massachusetts,East,United States,Electronics,Tablets,Samsung Galaxy Tab,2,717.06,1434.12,246.97,"Brent Kirby | Boston, Massachusetts",12
14,10-14-23,Tiffany Spencer,Little Rock,Arkansas,South,United States,Clothing & Apparel,Kids Wear,Carter's Onesie,2,32.77,65.54,15.19,"Tiffany Spencer | Little Rock, Arkansas",13
15,06-21-24,Laura Baldwin,Aurora,Illinois,Centre,United States,Electronics,Tablets,Samsung Galaxy Tab,1,790.39,790.39,107.36,"Laura Baldwin | Aurora, Illinois",14
16,10-09-23,April Arnold,Atlanta,Georgia,South,United States,Home & Furniture,Storage,Storage Rack,1,70.27,70.27,16.25,"April Arnold | Atlanta, Georgia",15
17,08-25-23,Jennifer Burton,Montgomery,Alabama,South,United States,Clothing & Apparel,Men's Wear,Levi's Jeans,1,96.81,96.81,22.57,"Jennifer Burton | Montgomery, Alabama",16
18,02-25-24,Kristin Evans,Santa Fe,New Mexico,West,United States,Clothing & Apparel,Men's Wear,GAP Hoodie,2,184.64,369.28,135.86,"Kristin Evans | Santa Fe, New Mexico",17
19,01-14-23,Zachary Walker,Baton Rouge,Louisiana,South,United States,Clothing & Apparel,Footwear,Timberland Boots,1,104.5,104.5,21.17,"Zachary Walker | Baton Rouge, Louisiana",18
20,03-05-23,Amanda Woodard,San Francisco,California,West,United States,Clothing & Apparel,Men's Wear,Levi's Jeans,1,59.75,59.75,13.47,"Amanda Woodard | San Francisco, California",19
21,04-29-23,Melissa Sanchez,Milwaukee,Wisconsin,Centre,United States,Clothing & Apparel,Sportswear,Nike Air Force 1,5,269.05,1345.25,541.55,"Melissa Sanchez | Milwaukee, Wisconsin",20
22,01-08-24,Brittany Colon,Los Angeles,California,West,United States,Electronics,Home Appliances,KitchenAid Mixer,1,844.67,844.67,106.63,"Brittany Colon | Los Angeles, California",21
23,06-18-23,Matthew Thomas,San Francisco,California,West,United States,Accessories,Bags,Wallet,2,79.2,158.4,61.29,"Matthew Thomas | San Francisco, California",22
24,12-27-23,James Flores,Los Angeles,California,West,United States,Accessories,Small Electronics,Power Bank,3,141.53,424.59,93.32,"James Flores | Los Angeles, California",23
25,02-18-24,Tricia Price,Annapolis,Maryland,East,United States,Home & Furniture,Storage,Storage Rack,2,618.88,1237.76,158.76,"Tricia Price | Annapolis, Maryland",24
26,06-14-23,Gabriel Gibson,Casper,Wyoming,West,United States,Accessories,Small Electronics,Power Bank,1,229.22,229.22,91.28,"Gabriel Gibson | Casper, Wyoming",25
27,10-30-23,Ryan Porter,Baltimore,Maryland,East,United States,Clothing & Apparel,Men's Wear,Levi's Jeans,1,390.32,390.32,92.92,"Ryan Porter | Baltimore, Maryland",26
28,06-01-24,James Cook,Columbia,South Carolina,South,United States,Electronics,Smartphones,Samsung Galaxy S23,4,705.81,2823.24,310.43,"James Cook | Columbia, South Carolina",27
29,03-31-24,Danny Johnson,Fayetteville,Arkansas,South,United States,Accessories,Bags,Tote Bag,2,142.69,285.38,125.15,"Danny Johnson | Fayetteville, Arkansas",28
30,10-29-23,Shelia Mcpherson,Springfield,Illinois,Centre,United States,Home & Furniture,Bedding,Tempur-Pedic Mattress,1,888.42,888.42,247.36,"Shelia Mcpherson | Springfield, Illinois",29
31,12-08-23,Tiffany Collins,Wichita,Kansas,Centre,United States,Electronics,TVs & Audio,LG OLED TV,1,447.73,447.73,46.93,"Tiffany Collins | Wichita, Kansas",30
32,10-03-24,Carla Brown,Worcester,Massachusetts,East,United States,Electronics,Smartphones,Google Pixel 7,2,584.44,1168.88,132.27,"Carla Brown | Worcester, Massachusetts",31
33,08-24-24,Karen Ryan,Virginia Beach,Virginia,South,United States,Home & Furniture,Home Decor,Throw Pillows,1,251.97,251.97,74.71,"Karen Ryan | Virginia Beach, Virginia",32
34,07-04-23,Raven Young,Baltimore,Maryland,East,United States,Accessories,Small Electronics,Power Bank,1,204.11,204.11,55.32,"Raven Young | Baltimore, Maryland",33
35,01-13-24,Sheila Evans,Manchester,New Hampshire,East,United States,Electronics,Laptops,MacBook Air,1,652.49,652.49,71.62,"Sheila Evans | Manchester, New Hampshire",34
36,11-20-23,Shannon Blanchard,Dallas,Texas,South,United States,Clothing & Apparel,Kids Wear,Carter's Onesie,1,272.86,272.86,97.83,"Shannon Blanchard | Dallas, Texas",35
37,10-30-23,Matthew Boone,Cedar Rapids,Iowa,Centre,United States,Home & Furniture,Kitchenware,KitchenAid Mixer,1,358.34,358.34,93.12,"Matthew Boone | Cedar Rapids, Iowa",36
38,03-29-23,Brandon Rivera,Kansas City,Missouri,Centre,United States,Clothing & Apparel,Footwear,Nike Running Shoes,1,213.71,213.71,42.76,"Brandon Rivera | Kansas City, Missouri",37
39,01-07-23,Lori Cox,Tucson,Arizona,West,United States,Clothing & Apparel,Footwear,Nike Running Shoes,3,167.72,503.16,159.48,"Lori Cox | Tucson, Arizona",38
40,02-21-24,Stacey Thomas,St. Paul,Minnesota,Centre,United States,Home & Furniture,Bedding,Brooklinen Sheets,2,721.82,1443.64,386.41,"Stacey Thomas | St. Paul, Minnesota",39
41,08-26-23,Dominic Arnold,Dover,Delaware,East,United States,Clothing & Apparel,Kids Wear,Children's Hoodie,1,327.11,327.11,137.77,"Dominic Arnold | Dover, Delaware",40
42,11-11-24,Angela Higgins,Philadelphia,Pennsylvania,East,United States,Electronics,Wearables,Apple Watch,1,205.0,205.0,35.63,"Angela Higgins | Philadelphia, Pennsylvania",41
43,11-23-23,Jennifer Cruz,Billings,Montana,West,United States,Accessories,Wearable Accessories,Belt,5,73.97,369.85,86.49,"Jennifer Cruz | Billings, Montana",42
44,01-18-23,Lauren Ryan,Salt Lake City,Utah,West,United States,Clothing & Apparel,Kids Wear,Carter's Onesie,3,116.63,349.89,148.08,"Lauren Ryan | Salt Lake City, Utah",43
45,12-01-24,Stephen Robinson,Mesa,Arizona,West,United States,Accessories,Small Electronics,Charging Cable,2,91.28,182.56,37.02,"Stephen Robinson | Mesa, Arizona",44
46,04-20-24,Patrick Johnson,Mobile,Alabama,South,United States,Home & Furniture,Kitchenware,Instant Pot,2,150.95,301.9,36.53,"Patrick Johnson | Mobile, Alabama",45
47,04-19-24,Mr. Jeremy Shaw,Nashua,New Hampshire,East,United States,Electronics,Laptops,MacBook Air,3,1282.3,3846.9,761.16,"Mr. Jeremy Shaw | Nashua, New Hampshire",46
48,12-22-23,Elizabeth Guerra,Rapid City,South Dakota,Centre,United States,Clothing & Apparel,Kids Wear,Children's Hoodie,3,183.61,550.83,116.51,"Elizabeth Guerra | Rapid City, South Dakota",47
49,04-03-24,Krista Marshall,Billings,Montana,West,United States,Clothing & Apparel,Men's Wear,GAP Hoodie,5,24.55,122.75,47.1,"Krista Marshall | Billings, Montana",48
50,10-13-23,Jack Gonzalez,Detroit,Michigan,Centre,United States,Clothing & Apparel,Men's Wear,Under Armour T-Shirt,1,411.48,411.48,114.45,"Jack Gonzalez | Detroit, Michigan",49
51,01-27-24,Dustin Campbell,Annapolis,Maryland,East,United States,Electronics,Tablets,iPad Pro,2,576.92,1153.84,105.99,"Dustin Campbell | Annapolis, Maryland",50
52,12-10-24,Cameron Norton,Los Angeles,California,West,United States,Clothing & Apparel,Kids Wear,Carter's Onesie,2,164.05,328.1,132.93,"Cameron Norton | Los Angeles, California",51
53,07-19-24,Mark Davis,Providence,Rhode Island,East,United States,Home & Furniture,Furniture,Ashley Recliner,1,439.7,439.7,117.04,"Mark Davis | Providence, Rhode Island",52
54,10-15-23,Hector Lee,Chicago,Illinois,Centre,United States,Clothing & Apparel,Sportswear,Adidas Tracksuit,1,68.77,68.77,29.64,"Hector Lee | Chicago, Illinois",53
55,12-01-24,Lisa Castaneda,Boise,Idaho,West,United States,Clothing & Apparel,Women's Wear,Zara Blouse,2,21.72,43.44,11.6,"Lisa Castaneda | Boise, Idaho",54
56,06-23-24,Mr. Daniel Johnson,Charleston,West Virginia,South,United States,Home & Furniture,Kitchenware,Instant Pot,1,612.6,612.6,120.12,"Mr. Daniel Johnson | Charleston, West Virginia",55
57,10-31-23,Justin Erickson,San Diego,California,West,United States,Home & Furniture,Furniture,IKEA Sofa,3,715.88,2147.64,275.89,"Justin Erickson | San Diego, California",56
58,01-26-24,Manuel Hanson,Reno,Nevada,West,United States,Clothing & Apparel,Men's Wear,Levi's Jeans,1,348.33,348.33,121.62,"Manuel Hanson | Reno, Nevada",57
59,12-21-24,William Smith,New Orleans,Louisiana,South,United States,Electronics,Home Appliances,Instant Pot,1,407.44,407.44,46.45,"William Smith | New Orleans, Louisiana",58
60,01-19-23,Lindsay Clay,Montpelier,Vermont,East,United States,Electronics,Laptops,MacBook Air,2,1042.05,2084.1,272.17,"Lindsay Clay | Montpelier, Vermont",59
61,01-29-23,Jordan Harvey,Pittsburgh,Pennsylvania,East,United States,Clothing & Apparel,Sportswear,Nike Air Force 1,1,102.96,102.96,32.49,"Jordan Harvey | Pittsburgh, Pennsylvania",60
62,11-03-23,Pamela Elliott,Charleston,West Virginia,South,United States,Home & Furniture,Home Decor,Vase,1,248.45,248.45,61.95,"Pamela Elliott | Charleston, West Virginia",61
63,01-13-24,Brianna Hamilton,Jacksonville,Florida,South,United States,Accessories,Wearable Accessories,Watch Strap,2,121.49,242.98,65.79,"Brianna Hamilton | Jacksonville, Florida",62
64,03-17-23,Kimberly Watson,Lincoln,Nebraska,Centre,United States,Clothing & Apparel,Sportswear,Adidas Tracksuit,2,122.9,245.8,72.93,"Kimberly Watson | Lincoln, Nebraska",63
65,09-26-23,Joe Campbell,Houston,Texas,South,United States,Home & Furniture,Home Decor,Wall Art,2,346.09,692.18,193.09,"Joe Campbell | Houston, Texas",64
66,12-12-24,Noah Reilly,Chicago,Illinois,Centre,United States,Home & Furniture,Storage,Closet Organizer,2,311.24,622.48,196.01,"Noah Reilly | Chicago, Illinois",65
67,05-06-24,Daniel Wells,Burlington,Vermont,East,United States,Clothing & Apparel,Sportswear,Nike Air Force 1,1,470.58,470.58,193.7,"Daniel Wells | Burlington, Vermont",66
68,12-21-23,Michael Lyons,Denver,Colorado,West,United States,Clothing & Apparel,Footwear,Nike Running Shoes,3,327.19,981.57,397.53,"Michael Lyons | Denver, Colorado",67
69,10-02-23,Juan Johnston,Des Moines,Iowa,Centre,United States,Home & Furniture,Kitchenware,KitchenAid Mixer,4,875.17,3500.68,993.02,"Juan Johnston | Des Moines, Iowa",68
70,12-23-24,Anna White,Newark,New Jersey,East,United States,Clothing & Apparel,Women's Wear,Zara Blouse,1,139.8,139.8,43.82,"Anna White | Newark, New Jersey",69
71,10-01-23,Tiffany Williams,Bismarck,North Dakota,Centre,United States,Electronics,Laptops,MacBook Air,4,453.17,1812.68,155.73,"Tiffany Williams | Bismarck, North Dakota",70
72,10-28-23,Cameron Pope,Mobile,Alabama,South,United States,Home & Furniture,Bedding,Tempur-Pedic Mattress,2,906.27,1812.54,606.34,"Cameron Pope | Mobile, Alabama",71
73,10-20-24,Jack House,Baltimore,Maryland,East,United States,Accessories,Small Electronics,Charging Cable,2,133.05,266.1,98.1,"Jack House | Baltimore, Maryland",72
74,11-25-23,Charles Black,Oklahoma City,Oklahoma,South,United States,Home & Furniture,Bedding,Brooklinen Sheets,3,257.56,772.68,97.75,"Charles Black | Oklahoma City, Oklahoma",73
75,11-16-23,Paul Jenkins,Colorado Springs,Colorado,West,United States,Clothing & Apparel,Women's Wear,Old Navy Dress,3,205.49,616.47,215.53,"Paul Jenkins | Colorado Springs, Colorado",74
76,06-22-24,Jacob Davis,Springfield,Illinois,Centre,United States,Home & Furniture,Bedding,Brooklinen Sheets,2,449.0,898.0,246.34,"Jacob Davis | Springfield, Illinois",75
77,06-23-23,Matthew Vincent,Casper,Wyoming,West,United States,Electronics,Laptops,MacBook Air,1,779.15,779.15,133.9,"Matthew Vincent | Casper, Wyoming",76
78,12-18-23,Calvin Young,Bismarck,North Dakota,Centre,United States,Electronics,Laptops,Lenovo ThinkPad,1,641.24,641.24,123.18,"Calvin Young | Bismarck, North Dakota",77
79,11-15-24,Stephanie Flores,Spokane,Washington,West,United States,Clothing & Apparel,Kids Wear,Carter's Onesie,4,182.81,731.24,196.62,"Stephanie Flores | Spokane, Washington",78
80,12-13-23,Anna Wang,Houston,Texas,South,United States,Accessories,Bags,Wallet,2,91.01,182.02,87.29,"Anna Wang | Houston, Texas",79
81,03-03-23,Paul Ryan,Rochester,New York,East,United States,Electronics,Wearables,Fitbit Charge,1,385.05,385.05,42.21,"Paul Ryan | Rochester, New York",80
82,05-17-24,James White,Sacramento,California,West,United States,Home & Furniture,Home Decor,Vase,1,705.42,705.42,105.96,"James White | Sacramento, California",81
83,12-03-24,Michelle Hurley,Manchester,New Hampshire,East,United States,Home & Furniture,Furniture,IKEA Sofa,3,307.55,922.65,125.32,"Michelle Hurley | Manchester, New Hampshire",82
84,04-09-23,George James,New York City,New York,East,United States,Clothing & Apparel,Sportswear,Nike Air Force 1,2,113.58,227.16,85.46,"George James | New York City, New York",83
85,04-20-24,Taylor Hart,Fargo,North Dakota,Centre,United States,Clothing & Apparel,Women's Wear,Old Navy Dress,1,394.47,394.47,110.19,"Taylor Hart | Fargo, North Dakota",84
86,12-10-24,Robert Rowland,Cincinnati,Ohio,Centre,United States,Home & Furniture,Home Decor,Vase,1,342.55,342.55,85.98,"Robert Rowland | Cincinnati, Ohio",85
87,03-18-23,Sierra Thompson,Bismarck,North Dakota,Centre,United States,Electronics,TVs & Audio,Bose Soundbar,2,327.99,655.98,98.8,"Sierra Thompson | Bismarck, North Dakota",86
88,11-25-24,Anthony Copeland,Annapolis,Maryland,East,United States,Electronics,Wearables,Apple Watch,2,698.21,1396.42,245.62,"Anthony Copeland | Annapolis, Maryland",87
89,11-01-24,Keith Barnes,Tucson,Arizona,West,United States,Accessories,Bags,Wallet,2,114.16,228.32,42.63,"Keith Barnes | Tucson, Arizona",88
90,04-28-23,Elizabeth Turner,Colorado Springs,Colorado,West,United States,Clothing & Apparel,Footwear,Crocs,1,160.63,160.63,44.53,"Elizabeth Turner | Colorado Springs, Colorado",89
91,11-10-23,Heather Smith,Annapolis,Maryland,East,United States,Electronics,Tablets,Samsung Galaxy Tab,1,424.08,424.08,35.63,"Heather Smith | Annapolis, Maryland",90
92,10-27-24,Alexis Patel,Boise,Idaho,West,United States,Clothing & Apparel,Footwear,Nike Running Shoes,1,94.65,94.65,38.75,"Alexis Patel | Boise, Idaho",91
93,12-04-24,Robert Gordon,Lexington,Kentucky,South,United States,Accessories,Small Electronics,Phone Case,1,56.39,56.39,19.93,"Robert Gordon | Lexington, Kentucky",92
94,12-18-23,Jonathan Hardy,Sioux Falls,South Dakota,Centre,United States,Home & Furniture,Home Decor,Wall Art,1,245.64,245.64,51.63,"Jonathan Hardy | Sioux Falls, South Dakota",93
95,01-22-23,Mark Torres,Chandler,Arizona,West,United States,Home & Furniture,Kitchenware,KitchenAid Mixer,2,345.38,690.76,99.86,"Mark Torres | Chandler, Arizona",94
96,12-21-23,Pamela Robinson,Wichita,Kansas,Centre,United States,Accessories,Wearable Accessories,Watch Strap,1,61.12,61.12,24.41,"Pamela Robinson | Wichita, Kansas",95
97,01-08-24,Michael Moore,San Diego,California,West,United States,Clothing & Apparel,Women's Wear,Old Navy Dress,1,232.4,232.4,70.98,"Michael Moore | San Diego, California",96
98,07-02-24,Oscar Mendez,San Francisco,California,West,United States,Electronics,Laptops,Dell XPS 13,1,246.99,246.99,32.53,"Oscar Mendez | San Francisco, California",97
99,12-14-24,Daniel Delgado,Charleston,West Virginia,South,United States,Clothing & Apparel,Women's Wear,Old Navy Dress,3,119.17,357.51,101.92,"Daniel Delgado | Charleston, West Virginia",98
100,10-20-23,Jennifer Chang,Springfield,Illinois,Centre,United States,Accessories,Wearable Accessories,Belt,2,233.71,467.42,138.75,"Jennifer Chang | Springfield, Illinois",99
101,06-04-24,David Manning,Las Vegas,Nevada,West,United States,Home & Furniture,Kitchenware,Instant Pot,6,772.57,4635.42,1536.8,"David Manning | Las Vegas, Nevada",100
102,09-03-23,Kayla Melendez,Savannah,Georgia,South,United States,Clothing & Apparel,Kids Wear,Children's Hoodie,2,364.43,728.86,325.52,"Kayla Melendez | Savannah, Georgia",101
103,07-18-24,Brenda Adkins,Jersey City,New Jersey,East,United States,Electronics,Laptops,Dell XPS 13,3,812.71,2438.13,462.72,"Brenda Adkins | Jersey City, New Jersey",102
104,11-11-24,Stephanie Keller,New Orleans,Louisiana,South,United States,Clothing & Apparel,Women's Wear,Old Navy Dress,3,235.05,705.15,298.92,"Stephanie Keller | New Orleans, Louisiana",103
105,01-11-23,Ellen Barnes,Topeka,Kansas,Centre,United States,Clothing & Apparel,Men's Wear,Levi's Jeans,2,316.23,632.46,237.0,"Ellen Barnes | Topeka, Kansas",104
106,11-19-24,Melissa Reed,Boise,Idaho,West,United States,Home & Furniture,Bedding,Tempur-Pedic Mattress,3,665.51,1996.53,397.07,"Melissa Reed | Boise, Idaho",105
107,11-30-23,Jennifer Farrell,Los Angeles,California,West,United States,Accessories,Small Electronics,Charging Cable,4,172.6,690.4,300.3,"Jennifer Farrell | Los Angeles, California",106
108,02-09-24,Thomas Montgomery,Manchester,New Hampshire,East,United States,Clothing & Apparel,Kids Wear,Carter's Onesie,2,327.31,654.62,141.69,"Thomas Montgomery | Manchester, New Hampshire",107
109,06-08-23,Nicole Castillo,Milwaukee,Wisconsin,Centre,United States,Home & Furniture,Kitchenware,Instant Pot,1,611.41,611.41,117.41,"Nicole Castillo | Milwaukee, Wisconsin",108
110,11-03-24,Jeffrey Clarke,Chicago,Illinois,Centre,United States,Clothing & Apparel,Kids Wear,Children's Hoodie,1,356.39,356.39,140.73,"Jeffrey Clarke | Chicago, Illinois",109
111,05-24-24,Katherine Miller,New York City,New York,East,United States,Electronics,Smartphones,Apple iPhone 14,3,699.43,2098.29,179.84,"Katherine Miller | New York City, New York",110
112,11-13-23,Debbie Roberts MD,Des Moines,Iowa,Centre,United States,Electronics,Wearables,Fitbit Charge,2,291.95,583.9,90.6,"Debbie Roberts MD | Des Moines, Iowa",111
113,03-01-24,Anthony Gill,Santa Fe,New Mexico,West,United States,Accessories,Wearable Accessories,Sunglasses,1,71.56,71.56,31.17,"Anthony Gill | Santa Fe, New Mexico",112
114,11-06-23,Richard Holland,Hartford,Connecticut,East,United States,Clothing & Apparel,Men's Wear,Under Armour T-Shirt,1,93.44,93.44,19.47,"Richard Holland | Hartford, Connecticut",113
115,01-03-24,Daniel Bennett,Worcester,Massachusetts,East,United States,Electronics,Home Appliances,Instant Pot,4,772.1,3088.4,337.0,"Daniel Bennett | Worcester, Massachusetts",114
116,05-19-24,John Hunter,Billings,Montana,West,United States,Accessories,Wearable Accessories,Sunglasses,2,99.15,198.3,91.63,"John Hunter | Billings, Montana",115
117,04-22-24,Patrick Jensen,Colorado Springs,Colorado,West,United States,Accessories,Small Electronics,Phone Case,1,182.62,182.62,83.04,"Patrick Jensen | Colorado Springs, Colorado",116
118,04-07-24,Joseph Velazquez,Detroit,Michigan,Centre,United States,Home & Furniture,Kitchenware,Instant Pot,1,291.09,291.09,42.46,"Joseph Velazquez | Detroit, Michigan",117
119,08-31-24,Jennifer Santos,New Haven,Connecticut,East,United States,Electronics,Home Appliances,Instant Pot,1,633.2,633.2,117.59,"Jennifer Santos | New Haven, Connecticut",118
120,11-19-24,Robert Blankenship,Tallahassee,Florida,South,United States,Clothing & Apparel,Footwear,Nike Running Shoes,1,177.32,177.32,37.76,"Robert Blankenship | Tallahassee, Florida",119
121,04-29-23,Michael Baldwin,Columbia,South Carolina,South,United States,Clothing & Apparel,Sportswear,Nike Air Force 1,3,445.84,1337.52,479.64,"Michael Baldwin | Columbia, South Carolina",120
122,06-25-24,Kevin Cortez,Cedar Rapids,Iowa,Centre,United States,Clothing & Apparel,Sportswear,Adidas Tracksuit,1,425.83,425.83,98.74,"Kevin Cortez | Cedar Rapids, Iowa",121
123,05-27-23,Laura Wilson,Indianapolis,Indiana,Centre,United States,Accessories,Wearable Accessories,Watch Strap,1,90.9,90.9,32.88,"Laura Wilson | Indianapolis, Indiana",122
124,12-27-23,Andre Colon,Boston,Massachusetts,East,United States,Home & Furniture,Bedding,Tempur-Pedic Mattress,2,472.85,945.7,131.55,"Andre Colon | Boston, Massachusetts",123
125,12-31-23,Maria Smith,Little Rock,Arkansas,South,United States,Accessories,Wearable Accessories,Watch Strap,2,224.59,449.18,197.96,"Maria Smith | Little Rock, Arkansas",124
126,12-18-24,Rebecca Kelly,Lexington,Kentucky,South,United States,Clothing & Apparel,Footwear,Nike Running Shoes,1,197.2,197.2,73.3,"Rebecca Kelly | Lexington, Kentucky",125
127,04-20-23,Jennifer Curry,Portland,Oregon,West,United States,Electronics,Smartphones,Samsung Galaxy S23,3,175.04,525.12,51.81,"Jennifer Curry | Portland, Oregon",126
128,11-05-24,Dawn Barnes,Providence,Rhode Island,East,United States,Clothing & Apparel,Kids Wear,Carter's Onesie,1,137.54,137.54,32.91,"Dawn Barnes | Providence, Rhode Island",127
129,04-07-24,Matthew Curtis,Denver,Colorado,West,United States,Clothing & Apparel,Kids Wear,Carter's Onesie,3,49.47,148.41,52.87,"Matthew Curtis | Denver, Colorado",128
130,07-31-24,Willie Crawford,Philadelphia,Pennsylvania,East,United States,Clothing & Apparel,Footwear,Crocs,4,339.52,1358.08,337.35,"Willie Crawford | Philadelphia, Pennsylvania",129
131,06-01-23,Emily Davis,Augusta,Maine,East,United States,Electronics,Tablets,iPad Pro,3,143.12,429.36,82.06,"Emily Davis | Augusta, Maine",130
132,06-17-24,John Bryan,Pittsburgh,Pennsylvania,East,United States,Clothing & Apparel,Footwear,Crocs,3,414.85,1244.55,252.3,"John Bryan | Pittsburgh, Pennsylvania",131
133,04-05-23,William Sutton,Huntington,West Virginia,South,United States,Clothing & Apparel,Women's Wear,Old Navy Dress,1,103.84,103.84,29.73,"William Sutton | Huntington, West Virginia",132
134,11-29-24,Jackie Fowler,St. Louis,Missouri,Centre,United States,Clothing & Apparel,Women's Wear,Old Navy Dress,2,30.71,61.42,17.6,"Jackie Fowler | St. Louis, Missouri",133
135,11-19-23,Danielle Stewart,Dover,Delaware,East,United States,Clothing & Apparel,Women's Wear,Zara Blouse,1,49.97,49.97,21.83,"Danielle Stewart | Dover, Delaware",134
136,08-28-24,Deborah Jarvis,New Haven,Connecticut,East,United States,Home & Furniture,Storage,Closet Organizer,3,414.37,1243.11,422.5,"Deborah Jarvis | New Haven, Connecticut",135
137,06-15-23,Mr. Michael Larson,Cleveland,Ohio,Centre,United States,Accessories,Bags,Backpack,3,113.78,341.34,121.82,"Mr. Michael Larson | Cleveland, Ohio",136
138,05-12-24,Barbara Davis,Aurora,Illinois,Centre,United States,Clothing & Apparel,Women's Wear,Old Navy Dress,2,21.77,43.54,10.18,"Barbara Davis | Aurora, Illinois",137
139,11-04-24,Allen Graham,Worcester,Massachusetts,East,United States,Clothing & Apparel,Kids Wear,Children's Hoodie,3,239.86,719.58,226.12,"Allen Graham | Worcester, Massachusetts",138
140,07-17-24,Dr. Renee Smith,Dover,Delaware,East,United States,Home & Furniture,Storage,Closet Organizer,4,533.95,2135.8,728.76,"Dr. Renee Smith | Dover, Delaware",139
141,03-23-24,Kayla Holmes,Fargo,North Dakota,Centre,United States,Home & Furniture,Kitchenware,Instant Pot,2,559.41,1118.82,201.88,"Kayla Holmes | Fargo, North Dakota",140
142,12-18-23,Michael Bruce,New Orleans,Louisiana,South,United States,Clothing & Apparel,Sportswear,Adidas Tracksuit,2,269.32,538.64,166.28,"Michael Bruce | New Orleans, Louisiana",141
143,08-26-23,Kimberly Brooks,Missoula,Montana,West,United States,Clothing & Apparel,Women's Wear,Old Navy Dress,1,184.39,184.39,71.48,"Kimberly Brooks | Missoula, Montana",142
144,01-08-24,Corey Booth,Little Rock,Arkansas,South,United States,Home & Furniture,Home Decor,Wall Art,1,897.23,897.23,308.5,"Corey Booth | Little Rock, Arkansas",143
145,04-28-23,Brandon Chen,Columbia,South Carolina,South,United States,Accessories,Small Electronics,Charging Cable,2,214.05,428.1,141.17,"Brandon Chen | Columbia, South Carolina",144
146,09-22-23,Dr. Alexandra Owen,Baltimore,Maryland,East,United States,Electronics,TVs & Audio,Sony Bravia TV,1,846.17,846.17,129.24,"Dr. Alexandra Owen | Baltimore, Maryland",145
147,03-20-23,Beth Perez,Sacramento,California,West,United States,Home & Furniture,Home Decor,Wall Art,4,309.73,1238.92,349.09,"Beth Perez | Sacramento, California",146
148,02-09-24,Anthony English,Houston,Texas,South,United States,Clothing & Apparel,Kids Wear,Children's Hoodie,2,44.5,89.0,34.38,"Anthony English | Houston, Texas",147
149,02-18-24,Mark Perez,Savannah,Georgia,South,United States,Accessories,Wearable Accessories,Belt,4,122.46,489.84,110.58,"Mark Perez | Savannah, Georgia",148
150,11-09-23,Curtis Wright,Fargo,North Dakota,Centre,United States,Electronics,Smartphones,Google Pixel 7,1,568.07,568.07,80.84,"Curtis Wright | Fargo, North Dakota",149
151,10-13-23,John Ward,Spokane,Washington,West,United States,Clothing & Apparel,Kids Wear,Carter's Onesie,2,84.44,168.88,60.29,"John Ward | Spokane, Washington",150
152,04-24-24,Christian Sosa,Boston,Massachusetts,East,United States,Home & Furniture,Furniture,Office Chair,3,336.63,1009.89,129.3,"Christian Sosa | Boston, Massachusetts",151
153,09-26-24,Donald Flores,Augusta,Maine,East,United States,Electronics,Smartphones,Apple iPhone 14,2,455.82,911.64,114.18,"Donald Flores | Augusta, Maine",152
154,01-14-24,Christopher Dunn,Tallahassee,Florida,South,United States,Home & Furniture,Furniture,Ashley Recliner,1,205.16,205.16,48.8,"Christopher Dunn | Tallahassee, Florida",153
155,10-24-24,Anna Garcia,Gulfport,Mississippi,South,United States,Home & Furniture,Storage,Storage Rack,1,475.05,475.05,159.26,"Anna Garcia | Gulfport, Mississippi",154
156,11-15-24,Michelle Roth,Salt Lake City,Utah,West,United States,Clothing & Apparel,Women's Wear,Zara Blouse,4,114.79,459.16,194.72,"Michelle Roth | Salt Lake City, Utah",155
157,10-09-24,Lisa Rush,Tulsa,Oklahoma,South,United States,Home & Furniture,Kitchenware,Instant Pot,1,539.57,539.57,185.75,"Lisa Rush | Tulsa, Oklahoma",156
158,11-03-24,Emily Foley,Milwaukee,Wisconsin,Centre,United States,Home & Furniture,Kitchenware,Instant Pot,2,559.84,1119.68,160.65,"Emily Foley | Milwaukee, Wisconsin",157
159,02-23-24,Teresa Figueroa,Newark,New Jersey,East,United States,Clothing & Apparel,Women's Wear,Old Navy Dress,1,345.66,345.66,98.5,"Teresa Figueroa | Newark, New Jersey",158
160,12-21-24,Lisa Barrett,Provo,Utah,West,United States,Clothing & Apparel,Men's Wear,Levi's Jeans,1,209.28,209.28,89.4,"Lisa Barrett | Provo, Utah",159
161,10-23-24,Tiffany Cox,Wichita,Kansas,Centre,United States,Electronics,Tablets,Samsung Galaxy Tab,1,273.95,273.95,32.07,"Tiffany Cox | Wichita, Kansas",160
162,08-01-24,Jonathan Robertson,Glendale,Arizona,West,United States,Accessories,Bags,Backpack,2,91.81,183.62,82.37,"Jonathan Robertson | Glendale, Arizona",161
163,05-04-23,Michael Myers,Lincoln,Nebraska,Centre,United States,Home & Furniture,Storage,Storage Rack,2,412.02,824.04,168.8,"Michael Myers | Lincoln, Nebraska",162
164,11-04-24,Dave Castillo,Nashua,New Hampshire,East,United States,Clothing & Apparel,Men's Wear,Under Armour T-Shirt,1,299.99,299.99,86.72,"Dave Castillo | Nashua, New Hampshire",163
165,07-12-23,James Miller,Fayetteville,Arkansas,South,United States,Clothing & Apparel,Men's Wear,Under Armour T-Shirt,4,225.99,903.96,206.93,"James Miller | Fayetteville, Arkansas",164
166,01-29-24,Thomas Zuniga,Annapolis,Maryland,East,United States,Electronics,Smartphones,Apple iPhone 14,1,375.35,375.35,59.87,"Thomas Zuniga | Annapolis, Maryland",165
167,07-25-23,Craig Contreras,Nashua,New Hampshire,East,United States,Home & Furniture,Furniture,IKEA Sofa,2,444.75,889.5,129.82,"Craig Contreras | Nashua, New Hampshire",166
168,11-18-24,Cynthia Moore,Virginia Beach,Virginia,South,United States,Clothing & Apparel,Kids Wear,Carter's Onesie,1,246.9,246.9,105.8,"Cynthia Moore | Virginia Beach, Virginia",167
169,08-26-23,Theresa Carter,Missoula,Montana,West,United States,Accessories,Bags,Backpack,1,248.14,248.14,72.99,"Theresa Carter | Missoula, Montana",168
170,11-04-23,Richard Brown,Augusta,Maine,East,United States,Clothing & Apparel,Women's Wear,Zara Blouse,1,157.62,157.62,53.47,"Richard Brown | Augusta, Maine",169
171,08-05-23,Kristina Hanson,Wilmington,Delaware,East,United States,Electronics,Tablets,iPad Pro,3,557.83,1673.49,200.55,"Kristina Hanson | Wilmington, Delaware",170
172,09-17-24,Alexis Orr,Nashua,New Hampshire,East,United States,Home & Furniture,Kitchenware,Cookware Set,2,102.24,204.48,53.58,"Alexis Orr | Nashua, New Hampshire",171
173,02-12-23,Alexis May,Manchester,New Hampshire,East,United States,Electronics,TVs & Audio,Bose Soundbar,1,458.31,458.31,59.48,"Alexis May | Manchester, New Hampshire",172
174,03-16-23,Carol Gray,St. Louis,Missouri,Centre,United States,Accessories,Bags,Tote Bag,2,106.51,213.02,56.16,"Carol Gray | St. Louis, Missouri",173
175,11-15-24,Dale Woods,Los Angeles,California,West,United States,Electronics,Home Appliances,Instant Pot,1,893.09,893.09,89.23,"Dale Woods | Los Angeles, California",174
176,12-01-24,Christopher Stewart,Fayetteville,Arkansas,South,United States,Clothing & Apparel,Kids Wear,Children's Hoodie,2,202.06,404.12,85.03,"Christopher Stewart | Fayetteville, Arkansas",175
177,07-11-24,Dennis Short,Tallahassee,Florida,South,United States,Clothing & Apparel,Footwear,Nike Running Shoes,1,114.01,114.01,48.32,"Dennis Short | Tallahassee, Florida",176
178,11-23-24,Victoria Smith,Indianapolis,Indiana,Centre,United States,Clothing & Apparel,Kids Wear,Children's Hoodie,1,350.89,350.89,126.27,"Victoria Smith | Indianapolis, Indiana",177
179,05-12-23,Mary Jackson,St. Paul,Minnesota,Centre,United States,Home & Furniture,Storage,Closet Organizer,1,888.77,888.77,132.95,"Mary Jackson | St. Paul, Minnesota",178
180,11-07-23,Cathy Mills,Colorado Springs,Colorado,West,United States,Clothing & Apparel,Footwear,Crocs,1,165.25,165.25,50.86,"Cathy Mills | Colorado Springs, Colorado",179
181,12-14-23,Terri Ponce,Tucson,Arizona,West,United States,Electronics,Home Appliances,Instant Pot,1,281.96,281.96,46.6,"Terri Ponce | Tucson, Arizona",180
182,07-26-24,Brandon West,Seattle,Washington,West,United States,Home & Furniture,Bedding,Brooklinen Sheets,2,615.28,1230.56,257.32,"Brandon West | Seattle, Washington",181
183,01-21-24,Brittany King MD,Hartford,Connecticut,East,United States,Home & Furniture,Kitchenware,Cookware Set,2,838.2,1676.4,408.84,"Brittany King MD | Hartford, Connecticut",182
184,12-06-23,Mr. Arthur Livingston,Burlington,Vermont,East,United States,Clothing & Apparel,Sportswear,Adidas Tracksuit,3,102.12,306.36,102.58,"Mr. Arthur Livingston | Burlington, Vermont",183
185,11-06-23,Michael Anderson,New York City,New York,East,United States,Home & Furniture,Home Decor,Throw Pillows,1,433.52,433.52,128.58,"Michael Anderson | New York City, New York",184
186,11-20-24,Matthew Montgomery,Spokane,Washington,West,United States,Clothing & Apparel,Kids Wear,Carter's Onesie,3,71.9,215.7,83.62,"Matthew Montgomery | Spokane, Washington",185
187,08-04-23,Barry Russell,Provo,Utah,West,United States,Clothing & Apparel,Women's Wear,Zara Blouse,1,299.5,299.5,109.74,"Barry Russell | Provo, Utah",186
188,10-10-24,Lisa Nguyen,Seattle,Washington,West,United States,Accessories,Wearable Accessories,Belt,2,216.41,432.82,176.86,"Lisa Nguyen | Seattle, Washington",187
189,12-29-23,Luis Duncan,Huntington,West Virginia,South,United States,Electronics,TVs & Audio,Sony Bravia TV,1,393.39,393.39,50.03,"Luis Duncan | Huntington, West Virginia",188
190,03-05-24,Amber Woodard,Madison,Wisconsin,Centre,United States,Accessories,Bags,Wallet,2,185.8,371.6,103.9,"Amber Woodard | Madison, Wisconsin",189
191,11-13-23,Stacey Hayes,Providence,Rhode Island,East,United States,Clothing & Apparel,Footwear,Nike Running Shoes,3,423.85,1271.55,317.23,"Stacey Hayes | Providence, Rhode Island",190
192,06-16-23,Michael Medina,Wichita,Kansas,Centre,United States,Accessories,Wearable Accessories,Sunglasses,1,95.57,95.57,34.24,"Michael Medina | Wichita, Kansas",191
193,07-01-24,Jeremy Williams,Pittsburgh,Pennsylvania,East,United States,Home & Furniture,Home Decor,Wall Art,2,410.24,820.48,215.0,"Jeremy Williams | Pittsburgh, Pennsylvania",192
194,09-07-24,Diane Pena,Columbia,South Carolina,South,United States,Clothing & Apparel,Footwear,Timberland Boots,3,215.2,645.6,256.89,"Diane Pena | Columbia, South Carolina",193
195,11-25-24,Stephanie Roth,Missoula,Montana,West,United States,Accessories,Small Electronics,Phone Case,5,173.04,865.2,364.53,"Stephanie Roth | Missoula, Montana",194
196,02-20-23,Tammy Harrison,Burlington,Vermont,East,United States,Electronics,Smartphones,Samsung Galaxy S23,2,113.84,227.68,42.63,"Tammy Harrison | Burlington, Vermont",195
197,06-18-23,Richard Armstrong,Rapid City,South Dakota,Centre,United States,Electronics,Laptops,Dell XPS 13,1,533.26,533.26,84.81,"Richard Armstrong | Rapid City, South Dakota",196
198,11-06-23,Stephanie Johnston,Denver,Colorado,West,United States,Electronics,Laptops,Dell XPS 13,2,838.81,1677.62,235.53,"Stephanie Johnston | Denver, Colorado",197
199,04-16-23,Wanda Nelson,Lexington,Kentucky,South,United States,Clothing & Apparel,Kids Wear,Carter's Onesie,1,126.53,126.53,35.37,"Wanda Nelson | Lexington, Kentucky",198
200,06-24-24,Mary Johnson,Boise,Idaho,West,United States,Accessories,Bags,Backpack,2,93.98,187.96,57.37,"Mary Johnson | Boise, Idaho",199
201,04-15-24,Daniel Porter,Fayetteville,Arkansas,South,United States,Home & Furniture,Storage,Closet Organizer,1,709.35,709.35,164.07,"Daniel Porter | Fayetteville, Arkansas",200
202,11-14-23,Richard Shields,New York City,New York,East,United States,Clothing & Apparel,Men's Wear,Under Armour T-Shirt,1,38.21,38.21,16.76,"Richard Shields | New York City, New York",201
203,03-07-23,Erik Jensen,Hartford,Connecticut,East,United States,Electronics,TVs & Audio,Bose Soundbar,1,701.19,701.19,91.25,"Erik Jensen | Hartford, Connecticut",202
204,04-27-24,Gabrielle Brock,Nashua,New Hampshire,East,United States,Clothing & Apparel,Women's Wear,Old Navy Dress,1,27.0,27.0,5.54,"Gabrielle Brock | Nashua, New Hampshire",203
205,05-04-23,Amanda Myers,Missoula,Montana,West,United States,Clothing & Apparel,Women's Wear,Zara Blouse,2,387.79,775.58,241.39,"Amanda Myers | Missoula, Montana",204
206,05-25-24,Amy Adams,Los Angeles,California,West,United States,Home & Furniture,Kitchenware,Instant Pot,1,722.62,722.62,145.36,"Amy Adams | Los Angeles, California",205
207,06-28-24,Austin Odom,Provo,Utah,West,United States,Clothing & Apparel,Sportswear,Nike Air Force 1,6,302.55,1815.3,644.51,"Austin Odom | Provo, Utah",206
208,12-13-24,Christina Pope,Reno,Nevada,West,United States,Home & Furniture,Bedding,Brooklinen Sheets,2,595.1,1190.2,258.48,"Christina Pope | Reno, Nevada",207
209,11-02-24,Vanessa Hudson,Colorado Springs,Colorado,West,United States,Home & Furniture,Kitchenware,KitchenAid Mixer,4,270.14,1080.56,242.31,"Vanessa Hudson | Colorado Springs, Colorado",208
210,10-08-24,Tyler Thompson,Jacksonville,Florida,South,United States,Home & Furniture,Bedding,Tempur-Pedic Mattress,2,579.63,1159.26,189.81,"Tyler Thompson | Jacksonville, Florida",209
211,10-28-24,Larry Vargas,Worcester,Massachusetts,East,United States,Home & Furniture,Home Decor,Throw Pillows,1,635.23,635.23,143.08,"Larry Vargas | Worcester, Massachusetts",210
212,07-28-24,Jonathan Stewart,Fayetteville,Arkansas,South,United States,Home & Furniture,Kitchenware,Instant Pot,3,752.43,2257.29,771.81,"Jonathan Stewart | Fayetteville, Arkansas",211
213,12-10-24,Leah Smith,Richmond,Virginia,South,United States,Electronics,TVs & Audio,LG OLED TV,2,516.09,1032.18,205.81,"Leah Smith | Richmond, Virginia",212
214,10-31-24,Dawn Mccormick,Sacramento,California,West,United States,Accessories,Wearable Accessories,Sunglasses,1,253.79,253.79,102.36,"Dawn Mccormick | Sacramento, California",213
215,10-05-24,Donald Rodriguez,Seattle,Washington,West,United States,Accessories,Small Electronics,Phone Case,2,165.18,330.36,129.95,"Donald Rodriguez | Seattle, Washington",214
216,12-13-23,Michelle Brown,Bismarck,North Dakota,Centre,United States,Clothing & Apparel,Women's Wear,Old Navy Dress,4,292.67,1170.68,325.96,"Michelle Brown | Bismarck, North Dakota",215
217,06-11-23,Jenny Myers,Wilmington,Delaware,East,United States,Accessories,Wearable Accessories,Watch Strap,1,192.11,192.11,80.43,"Jenny Myers | Wilmington, Delaware",216
218,11-03-23,Brandon Kirk,Glendale,Arizona,West,United States,Accessories,Small Electronics,Phone Case,1,112.72,112.72,39.1,"Brandon Kirk | Glendale, Arizona",217
219,11-09-24,Adam Jacobs,Worcester,Massachusetts,East,United States,Clothing & Apparel,Sportswear,Adidas Tracksuit,4,85.81,343.24,137.08,"Adam Jacobs | Worcester, Massachusetts",218
220,11-03-24,Bryan Valdez,Virginia Beach,Virginia,South,United States,Clothing & Apparel,Footwear,Nike Running Shoes,3,401.07,1203.21,432.75,"Bryan Valdez | Virginia Beach, Virginia",219
221,03-03-24,Travis Bright,Glendale,Arizona,West,United States,Electronics,Wearables,Apple Watch,2,590.56,1181.12,132.09,"Travis Bright | Glendale, Arizona",220
222,10-21-24,Kayla Christensen,New Orleans,Louisiana,South,United States,Electronics,Wearables,Apple Watch,6,151.68,910.08,143.96,"Kayla Christensen | New Orleans, Louisiana",221
223,10-30-23,Robert Jackson,Sacramento,California,West,United States,Clothing & Apparel,Men's Wear,Levi's Jeans,2,164.71,329.42,68.16,"Robert Jackson | Sacramento, California",222
224,10-14-23,Jacqueline Adams,Jacksonville,Florida,South,United States,Home & Furniture,Kitchenware,Instant Pot,3,531.89,1595.67,210.23,"Jacqueline Adams | Jacksonville, Florida",223
225,11-01-24,Dana Moore,Augusta,Maine,East,United States,Home & Furniture,Home Decor,Vase,1,753.89,753.89,177.22,"Dana Moore | Augusta, Maine",224
226,09-22-24,Patty Gallegos,New York City,New York,East,United States,Home & Furniture,Storage,Storage Rack,1,549.61,549.61,93.23,"Patty Gallegos | New York City, New York",225
227,09-16-23,Jennifer Nelson,Jersey City,New Jersey,East,United States,Home & Furniture,Storage,Storage Rack,2,539.01,1078.02,332.77,"Jennifer Nelson | Jersey City, New Jersey",226
228,12-30-23,Michael Aguilar,Springfield,Illinois,Centre,United States,Home & Furniture,Bedding,Brooklinen Sheets,4,161.04,644.16,192.91,"Michael Aguilar | Springfield, Illinois",227
229,07-04-23,Katherine Holland,Pittsburgh,Pennsylvania,East,United States,Accessories,Small Electronics,Phone Case,1,59.01,59.01,27.6,"Katherine Holland | Pittsburgh, Pennsylvania",228
230,06-19-24,Darryl Church,Chandler,Arizona,West,United States,Clothing & Apparel,Footwear,Nike Running Shoes,1,268.84,268.84,116.89,"Darryl Church | Chandler, Arizona",229
231,11-02-23,Lori Smith,Charleston,West Virginia,South,United States,Home & Furniture,Furniture,Dining Table Set,4,530.69,2122.76,657.04,"Lori Smith | Charleston, West Virginia",230
232,11-02-24,Eric Bruce,Nashua,New Hampshire,East,United States,Accessories,Bags,Tote Bag,1,99.29,99.29,23.99,"Eric Bruce | Nashua, New Hampshire",231
233,05-15-23,Nancy Jackson,Milwaukee,Wisconsin,Centre,United States,Electronics,Smartphones,Apple iPhone 14,3,1141.65,3424.95,399.82,"Nancy Jackson | Milwaukee, Wisconsin",232
234,11-10-23,Ashley Bennett,Gulfport,Mississippi,South,United States,Electronics,Smartphones,Samsung Galaxy S23,2,545.4,1090.8,168.53,"Ashley Bennett | Gulfport, Mississippi",233
235,12-04-23,Shelly Conrad,Indianapolis,Indiana,Centre,United States,Home & Furniture,Storage,Storage Rack,1,56.57,56.57,9.76,"Shelly Conrad | Indianapolis, Indiana",234
236,08-08-24,Mr. Chad Ruiz,Tucson,Arizona,West,United States,Electronics,Tablets,Samsung Galaxy Tab,1,308.8,308.8,57.86,"Mr. Chad Ruiz | Tucson, Arizona",235
237,12-19-24,Virginia Peck,Albuquerque,New Mexico,West,United States,Clothing & Apparel,Footwear,Nike Running Shoes,1,164.85,164.85,47.87,"Virginia Peck | Albuquerque, New Mexico",236
238,10-01-24,Andrew Stone,Billings,Montana,West,United States,Accessories,Small Electronics,Charging Cable,2,80.76,161.52,43.16,"Andrew Stone | Billings, Montana",237
239,12-14-24,Chad Powell,Cedar Rapids,Iowa,Centre,United States,Accessories,Small Electronics,Power Bank,1,52.68,52.68,15.08,"Chad Powell | Cedar Rapids, Iowa",238
240,04-21-24,Heidi Norris,Springfield,Illinois,Centre,United States,Electronics,Wearables,Apple Watch,3,613.85,1841.55,349.34,"Heidi Norris | Springfield, Illinois",239
241,01-19-24,Matthew Woods,Huntsville,Alabama,South,United States,Accessories,Small Electronics,Phone Case,1,132.76,132.76,42.96,"Matthew Woods | Huntsville, Alabama",240
242,12-05-24,Robert Walter,Providence,Rhode Island,East,United States,Electronics,Home Appliances,KitchenAid Mixer,4,864.25,3457.0,644.83,"Robert Walter | Providence, Rhode Island",241
243,11-23-23,Timothy Irwin,Miami,Florida,South,United States,Home & Furniture,Kitchenware,Instant Pot,2,198.65,397.3,99.01,"Timothy Irwin | Miami, Florida",242
244,10-31-24,Steve Cruz,Dallas,Texas,South,United States,Accessories,Small Electronics,Charging Cable,2,174.78,349.56,76.01,"Steve Cruz | Dallas, Texas",243
245,04-22-23,Jennifer Wilson,Rochester,New York,East,United States,Clothing & Apparel,Kids Wear,Children's Hoodie,2,33.83,67.66,22.18,"Jennifer Wilson | Rochester, New York",244
246,12-05-24,Scott Allen,Minneapolis,Minnesota,Centre,United States,Clothing & Apparel,Women's Wear,Old Navy Dress,2,308.13,616.26,130.97,"Scott Allen | Minneapolis, Minnesota",245
247,07-08-23,Peter Valencia,Hartford,Connecticut,East,United States,Electronics,Wearables,Apple Watch,4,177.67,710.68,135.66,"Peter Valencia | Hartford, Connecticut",246
248,07-17-24,Ralph Hickman,Salem,Oregon,West,United States,Clothing & Apparel,Kids Wear,Carter's Onesie,2,64.9,129.8,27.97,"Ralph Hickman | Salem, Oregon",247
249,07-30-24,Brianna Bailey,Sacramento,California,West,United States,Electronics,Tablets,iPad Pro,1,422.67,422.67,83.46,"Brianna Bailey | Sacramento, California",248
250,05-08-24,Douglas Weber,Wichita,Kansas,Centre,United States,Clothing & Apparel,Women's Wear,Zara Blouse,1,333.77,333.77,87.42,"Douglas Weber | Wichita, Kansas",249
251,10-08-23,Aaron Reed,Fort Wayne,Indiana,Centre,United States,Home & Furniture,Storage,Closet Organizer,3,647.51,1942.53,628.47,"Aaron Reed | Fort Wayne, Indiana",250
252,07-04-23,Benjamin Wright,Virginia Beach,Virginia,South,United States,Electronics,Smartphones,Apple iPhone 14,3,835.99,2507.97,235.95,"Benjamin Wright | Virginia Beach, Virginia",251
253,09-10-23,Roberto Valentine,Philadelphia,Pennsylvania,East,United States,Clothing & Apparel,Footwear,Nike Running Shoes,1,242.97,242.97,64.38,"Roberto Valentine | Philadelphia, Pennsylvania",252
254,05-15-24,Jeffrey Wood,Detroit,Michigan,Centre,United States,Home & Furniture,Kitchenware,Instant Pot,2,692.13,1384.26,313.27,"Jeffrey Wood | Detroit, Michigan",253
255,12-30-23,Michael King,Louisville,Kentucky,South,United States,Clothing & Apparel,Men's Wear,Levi's Jeans,2,317.86,635.72,191.38,"Michael King | Louisville, Kentucky",254
256,09-11-24,Sarah Crawford,Montgomery,Alabama,South,United States,Clothing & Apparel,Sportswear,Adidas Tracksuit,2,212.73,425.46,143.74,"Sarah Crawford | Montgomery, Alabama",255
257,11-04-24,Michael Ramirez,Little Rock,Arkansas,South,United States,Clothing & Apparel,Women's Wear,Zara Blouse,1,429.33,429.33,174.49,"Michael Ramirez | Little Rock, Arkansas",256
258,10-21-23,Jean Murphy,New Haven,Connecticut,East,United States,Electronics,Tablets,iPad Pro,1,590.81,590.81,103.03,"Jean Murphy | New Haven, Connecticut",257
259,10-18-24,Laura Wong,Little Rock,Arkansas,South,United States,Home & Furniture,Bedding,Tempur-Pedic Mattress,3,789.97,2369.91,632.02,"Laura Wong | Little Rock, Arkansas",258
260,05-30-24,James Oliver,Cheyenne,Wyoming,West,United States,Clothing & Apparel,Kids Wear,Carter's Onesie,1,331.99,331.99,72.51,"James Oliver | Cheyenne, Wyoming",259
261,02-16-24,Jeffrey Fritz,Worcester,Massachusetts,East,United States,Electronics,Wearables,Fitbit Charge,1,688.87,688.87,128.19,"Jeffrey Fritz | Worcester, Massachusetts",260
262,09-02-23,Ryan Willis,Newark,New Jersey,East,United States,Clothing & Apparel,Kids Wear,Carter's Onesie,2,41.48,82.96,17.79,"Ryan Willis | Newark, New Jersey",261
263,11-04-23,Benjamin Martin,San Diego,California,West,United States,Clothing & Apparel,Kids Wear,Carter's Onesie,2,301.58,603.16,209.75,"Benjamin Martin | San Diego, California",262
264,08-23-24,Joseph Lee,Salem,Oregon,West,United States,Clothing & Apparel,Footwear,Timberland Boots,2,315.31,630.62,190.43,"Joseph Lee | Salem, Oregon",263
265,09-17-23,Stacy Lewis,Cheyenne,Wyoming,West,United States,Accessories,Small Electronics,Charging Cable,2,69.71,139.42,50.25,"Stacy Lewis | Cheyenne, Wyoming",264
266,06-03-23,Tammy Leonard,Wilmington,Delaware,East,United States,Home & Furniture,Bedding,Brooklinen Sheets,2,890.06,1780.12,464.44,"Tammy Leonard | Wilmington, Delaware",265
267,07-25-24,Michael Jones,Portland,Oregon,West,United States,Clothing & Apparel,Kids Wear,Children's Hoodie,3,335.64,1006.92,260.43,"Michael Jones | Portland, Oregon",266
268,10-10-23,Kimberly Alvarado,Savannah,Georgia,South,United States,Electronics,Smartphones,Apple iPhone 14,2,358.74,717.48,107.1,"Kimberly Alvarado | Savannah, Georgia",267
269,11-30-24,Edward Lee,Pittsburgh,Pennsylvania,East,United States,Electronics,TVs & Audio,Sony Bravia TV,1,499.78,499.78,63.74,"Edward Lee | Pittsburgh, Pennsylvania",268
270,12-01-24,Amanda Lee,Boise,Idaho,West,United States,Home & Furniture,Storage,Storage Rack,1,324.31,324.31,64.38,"Amanda Lee | Boise, Idaho",269
271,12-26-23,Kelly Lynn,New York City,New York,East,United States,Electronics,Tablets,iPad Pro,1,631.97,631.97,76.32,"Kelly Lynn | New York City, New York",270
272,11-16-24,Jennifer Le,Lexington,Kentucky,South,United States,Clothing & Apparel,Sportswear,Adidas Tracksuit,2,263.04,526.08,151.57,"Jennifer Le | Lexington, Kentucky",271
273,10-13-23,Courtney Barker,Hartford,Connecticut,East,United States,Electronics,Home Appliances,KitchenAid Mixer,2,344.73,689.46,60.73,"Courtney Barker | Hartford, Connecticut",272
274,09-07-23,Brenda Roach DVM,Topeka,Kansas,Centre,United States,Accessories,Wearable Accessories,Watch Strap,1,62.02,62.02,26.38,"Brenda Roach DVM | Topeka, Kansas",273
275,02-04-23,Jared Jenkins,Mobile,Alabama,South,United States,Electronics,Home Appliances,Dyson Vacuum,1,369.08,369.08,32.55,"Jared Jenkins | Mobile, Alabama",274
276,11-22-24,Mark Stewart,Providence,Rhode Island,East,United States,Electronics,Laptops,Lenovo ThinkPad,2,972.39,1944.78,261.56,"Mark Stewart | Providence, Rhode Island",275
277,04-01-24,Jon Evans,Casper,Wyoming,West,United States,Clothing & Apparel,Men's Wear,Under Armour T-Shirt,2,82.96,165.92,60.91,"Jon Evans | Casper, Wyoming",276
278,07-23-23,Thomas Moore,Philadelphia,Pennsylvania,East,United States,Accessories,Bags,Tote Bag,2,243.33,486.66,121.98,"Thomas Moore | Philadelphia, Pennsylvania",277
279,04-22-23,Elizabeth Adams,Nashua,New Hampshire,East,United States,Electronics,TVs & Audio,LG OLED TV,1,644.29,644.29,60.66,"Elizabeth Adams | Nashua, New Hampshire",278
280,11-24-24,Timothy Grant,Birmingham,Alabama,South,United States,Home & Furniture,Kitchenware,Instant Pot,1,624.32,624.32,179.05,"Timothy Grant | Birmingham, Alabama",279
281,11-04-24,Matthew Reeves,Glendale,Arizona,West,United States,Accessories,Bags,Backpack,1,166.5,166.5,45.95,"Matthew Reeves | Glendale, Arizona",280
282,12-31-24,Logan Ramirez,Salem,Oregon,West,United States,Electronics,Tablets,iPad Pro,2,336.7,673.4,75.61,"Logan Ramirez | Salem, Oregon",281
283,09-07-24,Stephanie Lang,Kansas City,Missouri,Centre,United States,Home & Furniture,Storage,Storage Rack,1,880.61,880.61,283.53,"Stephanie Lang | Kansas City, Missouri",282
284,08-10-24,Matthew Baker,Lincoln,Nebraska,Centre,United States,Clothing & Apparel,Women's Wear,Old Navy Dress,2,171.98,343.96,82.84,"Matthew Baker | Lincoln, Nebraska",283
285,06-24-23,Jeffrey George,Hartford,Connecticut,East,United States,Clothing & Apparel,Kids Wear,Children's Hoodie,2,339.87,679.74,158.36,"Jeffrey George | Hartford, Connecticut",284
286,11-24-23,Mrs. Karen Drake MD,San Antonio,Texas,South,United States,Electronics,Wearables,Apple Watch,1,824.62,824.62,116.52,"Mrs. Karen Drake MD | San Antonio, Texas",285
287,11-14-24,David Luna,Spokane,Washington,West,United States,Electronics,TVs & Audio,Bose Soundbar,1,409.37,409.37,60.77,"David Luna | Spokane, Washington",286
288,12-31-23,Julie Keller,Mobile,Alabama,South,United States,Accessories,Bags,Backpack,1,124.63,124.63,59.59,"Julie Keller | Mobile, Alabama",287
289,07-19-24,Logan Jennings,Tallahassee,Florida,South,United States,Home & Furniture,Kitchenware,Instant Pot,1,790.08,790.08,202.11,"Logan Jennings | Tallahassee, Florida",288
290,12-27-24,Chelsey Lewis,Austin,Texas,South,United States,Clothing & Apparel,Sportswear,Adidas Tracksuit,1,448.71,448.71,116.77,"Chelsey Lewis | Austin, Texas",289
291,05-16-24,Luis Harris,Jacksonville,Florida,South,United States,Clothing & Apparel,Men's Wear,Levi's Jeans,1,213.45,213.45,80.97,"Luis Harris | Jacksonville, Florida",290
292,06-01-23,Andrew Kim,Pittsburgh,Pennsylvania,East,United States,Home & Furniture,Bedding,Brooklinen Sheets,2,831.49,1662.98,321.96,"Andrew Kim | Pittsburgh, Pennsylvania",291
293,12-16-23,Daniel Sanford,Los Angeles,California,West,United States,Accessories,Bags,Wallet,2,199.55,399.1,136.23,"Daniel Sanford | Los Angeles, California",292
294,12-04-23,Gary Raymond,Jersey City,New Jersey,East,United States,Home & Furniture,Storage,Closet Organizer,1,450.89,450.89,93.23,"Gary Raymond | Jersey City, New Jersey",293
295,02-15-23,Nicole Parker,Spokane,Washington,West,United States,Clothing & Apparel,Women's Wear,Old Navy Dress,1,233.37,233.37,46.97,"Nicole Parker | Spokane, Washington",294
296,11-08-24,Robert Nichols,Boise,Idaho,West,United States,Accessories,Bags,Tote Bag,1,106.06,106.06,42.57,"Robert Nichols | Boise, Idaho",295
297,12-14-23,Paul Torres,Wichita,Kansas,Centre,United States,Clothing & Apparel,Sportswear,Nike Air Force 1,4,75.23,300.92,98.13,"Paul Torres | Wichita, Kansas",296
298,09-26-23,Michael Perry,Boston,Massachusetts,East,United States,Accessories,Bags,Backpack,2,152.22,304.44,90.92,"Michael Perry | Boston, Massachusetts",297
299,04-13-24,Sherry Burgess,Wichita,Kansas,Centre,United States,Electronics,Laptops,MacBook Air,1,1032.48,1032.48,202.97,"Sherry Burgess | Wichita, Kansas",298
300,01-31-23,Erik Waller,Milwaukee,Wisconsin,Centre,United States,Clothing & Apparel,Kids Wear,Carter's Onesie,2,40.32,80.64,31.78,"Erik Waller | Milwaukee, Wisconsin",299
301,11-10-24,Audrey Burke,Indianapolis,Indiana,Centre,United States,Home & Furniture,Bedding,Tempur-Pedic Mattress,1,907.01,907.01,148.79,"Audrey Burke | Indianapolis, Indiana",300
302,06-24-24,Cheryl Watson,Memphis,Tennessee,South,United States,Clothing & Apparel,Sportswear,Nike Air Force 1,1,396.39,396.39,163.01,"Cheryl Watson | Memphis, Tennessee",301
303,06-23-24,Brittany Ortiz,Augusta,Maine,East,United States,Electronics,Laptops,Dell XPS 13,3,706.4,2119.2,222.14,"Brittany Ortiz | Augusta, Maine",302
304,08-23-23,Scott Mendoza,Reno,Nevada,West,United States,Clothing & Apparel,Sportswear,Nike Air Force 1,1,157.02,157.02,46.76,"Scott Mendoza | Reno, Nevada",303
305,05-07-23,Jasmine Buchanan,Grand Rapids,Michigan,Centre,United States,Electronics,Smartphones,Apple iPhone 14,1,843.51,843.51,110.89,"Jasmine Buchanan | Grand Rapids, Michigan",304
306,06-16-24,Abigail Hines,Boise,Idaho,West,United States,Clothing & Apparel,Sportswear,Adidas Tracksuit,5,93.78,468.9,140.95,"Abigail Hines | Boise, Idaho",305
307,04-19-24,Melissa Little,Cheyenne,Wyoming,West,United States,Clothing & Apparel,Women's Wear,Zara Blouse,3,303.96,911.88,292.22,"Melissa Little | Cheyenne, Wyoming",306
308,04-26-24,Robert Zuniga,Provo,Utah,West,United States,Electronics,Laptops,Dell XPS 13,1,276.91,276.91,45.9,"Robert Zuniga | Provo, Utah",307
309,06-11-24,Thomas Thomas,Portland,Oregon,West,United States,Clothing & Apparel,Men's Wear,Under Armour T-Shirt,2,175.14,350.28,145.58,"Thomas Thomas | Portland, Oregon",308
310,10-22-24,Kristen Castillo,Memphis,Tennessee,South,United States,Electronics,Tablets,Samsung Galaxy Tab,1,384.21,384.21,57.5,"Kristen Castillo | Memphis, Tennessee",309
311,04-29-24,Alexandra Anthony,Little Rock,Arkansas,South,United States,Clothing & Apparel,Sportswear,Adidas Tracksuit,1,335.32,335.32,117.58,"Alexandra Anthony | Little Rock, Arkansas",310
312,09-26-23,Joseph Navarro,Tucson,Arizona,West,United States,Electronics,Laptops,Lenovo ThinkPad,1,957.44,957.44,132.73,"Joseph Navarro | Tucson, Arizona",311
313,10-06-24,Michele Burns,Provo,Utah,West,United States,Home & Furniture,Home Decor,Wall Art,1,654.84,654.84,139.01,"Michele Burns | Provo, Utah",312
314,10-18-23,Rebecca Santos,Cedar Rapids,Iowa,Centre,United States,Home & Furniture,Bedding,Tempur-Pedic Mattress,1,681.47,681.47,174.23,"Rebecca Santos | Cedar Rapids, Iowa",313
315,09-29-23,Taylor Gray,Manchester,New Hampshire,East,United States,Electronics,Tablets,iPad Pro,4,522.66,2090.64,269.95,"Taylor Gray | Manchester, New Hampshire",314
316,09-08-23,Joel Brown,Fayetteville,Arkansas,South,United States,Home & Furniture,Bedding,Tempur-Pedic Mattress,1,1134.39,1134.39,348.73,"Joel Brown | Fayetteville, Arkansas",315
317,01-15-23,Lee Hinton,Billings,Montana,West,United States,Accessories,Bags,Wallet,1,63.17,63.17,27.29,"Lee Hinton | Billings, Montana",316
318,06-20-23,Haley Craig,Des Moines,Iowa,Centre,United States,Electronics,Smartphones,Samsung Galaxy S23,1,555.24,555.24,56.34,"Haley Craig | Des Moines, Iowa",317
319,10-13-24,Kevin Garcia,Lincoln,Nebraska,Centre,United States,Electronics,Tablets,iPad Pro,2,773.46,1546.92,308.8,"Kevin Garcia | Lincoln, Nebraska",318
320,10-31-23,Stacy Richards,Boston,Massachusetts,East,United States,Clothing & Apparel,Kids Wear,Children's Hoodie,1,63.85,63.85,26.95,"Stacy Richards | Boston, Massachusetts",319
321,07-21-24,Cynthia Anderson,Wilmington,Delaware,East,United States,Accessories,Bags,Wallet,1,72.11,72.11,33.39,"Cynthia Anderson | Wilmington, Delaware",320
322,11-15-24,Nicolas Holland MD,Pittsburgh,Pennsylvania,East,United States,Electronics,TVs & Audio,Sony Bravia TV,1,281.1,281.1,26.75,"Nicolas Holland MD | Pittsburgh, Pennsylvania",321
323,06-01-24,Cory Thomas,Augusta,Maine,East,United States,Accessories,Wearable Accessories,Sunglasses,2,182.86,365.72,132.18,"Cory Thomas | Augusta, Maine",322
324,10-21-24,Joel Allen,Pittsburgh,Pennsylvania,East,United States,Accessories,Bags,Backpack,3,81.62,244.86,87.38,"Joel Allen | Pittsburgh, Pennsylvania",323
325,02-19-23,Kevin Anthony DVM,San Francisco,California,West,United States,Clothing & Apparel,Sportswear,Nike Air Force 1,2,265.82,531.64,221.75,"Kevin Anthony DVM | San Francisco, California",324
326,09-01-24,James Werner,Worcester,Massachusetts,East,United States,Accessories,Small Electronics,Phone Case,2,58.81,117.62,21.65,"James Werner | Worcester, Massachusetts",325
327,10-16-23,Morgan Green,Miami,Florida,South,United States,Home & Furniture,Bedding,Tempur-Pedic Mattress,2,542.47,1084.94,144.77,"Morgan Green | Miami, Florida",326
328,10-04-23,Aaron Ramirez,Cincinnati,Ohio,Centre,United States,Clothing & Apparel,Sportswear,Adidas Tracksuit,1,30.93,30.93,13.56,"Aaron Ramirez | Cincinnati, Ohio",327
329,06-29-23,Sabrina Velasquez,Montpelier,Vermont,East,United States,Electronics,Smartphones,Apple iPhone 14,1,1132.54,1132.54,186.91,"Sabrina Velasquez | Montpelier, Vermont",328
330,05-08-23,Christopher Crawford,Baltimore,Maryland,East,United States,Clothing & Apparel,Sportswear,Nike Air Force 1,2,141.92,283.84,110.68,"Christopher Crawford | Baltimore, Maryland",329
331,08-06-24,Maria Mathews,Wilmington,Delaware,East,United States,Electronics,Wearables,Fitbit Charge,2,525.03,1050.06,145.85,"Maria Mathews | Wilmington, Delaware",330
332,12-08-23,Chris Wilkinson,Baltimore,Maryland,East,United States,Electronics,Smartphones,Samsung Galaxy S23,2,846.61,1693.22,235.46,"Chris Wilkinson | Baltimore, Maryland",331
333,05-10-23,Lindsay Hudson,Des Moines,Iowa,Centre,United States,Home & Furniture,Kitchenware,KitchenAid Mixer,1,621.4,621.4,153.98,"Lindsay Hudson | Des Moines, Iowa",332
334,03-01-24,Theresa Welch,Des Moines,Iowa,Centre,United States,Accessories,Small Electronics,Phone Case,1,122.05,122.05,35.71,"Theresa Welch | Des Moines, Iowa",333
335,02-21-23,Rebecca Wells,Wilmington,Delaware,East,United States,Home & Furniture,Furniture,Office Chair,1,560.19,560.19,73.93,"Rebecca Wells | Wilmington, Delaware",334
336,12-26-23,Ashley Torres,Los Angeles,California,West,United States,Home & Furniture,Storage,Storage Rack,1,522.04,522.04,135.84,"Ashley Torres | Los Angeles, California",335
337,04-04-24,Robert Patton,Jersey City,New Jersey,East,United States,Electronics,Laptops,MacBook Air,4,434.35,1737.4,258.42,"Robert Patton | Jersey City, New Jersey",336
338,07-17-23,David Bennett,Boise,Idaho,West,United States,Clothing & Apparel,Men's Wear,Levi's Jeans,2,60.42,120.84,28.9,"David Bennett | Boise, Idaho",337
339,10-20-23,Calvin Smith,Billings,Montana,West,United States,Clothing & Apparel,Men's Wear,Levi's Jeans,1,91.24,91.24,39.99,"Calvin Smith | Billings, Montana",338
340,02-14-24,Sarah Beasley,Cleveland,Ohio,Centre,United States,Accessories,Bags,Backpack,4,233.91,935.64,361.94,"Sarah Beasley | Cleveland, Ohio",339
341,11-15-24,Daniel Juarez,Salt Lake City,Utah,West,United States,Electronics,Home Appliances,Instant Pot,2,359.89,719.78,90.72,"Daniel Juarez | Salt Lake City, Utah",340
342,07-11-23,Shannon Terrell,Missoula,Montana,West,United States,Clothing & Apparel,Kids Wear,Carter's Onesie,3,50.92,152.76,44.92,"Shannon Terrell | Missoula, Montana",341
343,02-10-24,Sandra Ramirez,Topeka,Kansas,Centre,United States,Clothing & Apparel,Sportswear,Adidas Tracksuit,6,445.58,2673.48,1171.48,"Sandra Ramirez | Topeka, Kansas",342
344,09-28-23,Bradley Reynolds,Providence,Rhode Island,East,United States,Clothing & Apparel,Footwear,Nike Running Shoes,1,71.38,71.38,26.6,"Bradley Reynolds | Providence, Rhode Island",343
345,08-18-24,Robert Martin,Topeka,Kansas,Centre,United States,Accessories,Wearable Accessories,Sunglasses,1,223.6,223.6,44.91,"Robert Martin | Topeka, Kansas",344
346,08-16-23,James Walker,Worcester,Massachusetts,East,United States,Home & Furniture,Kitchenware,Instant Pot,1,654.45,654.45,129.51,"James Walker | Worcester, Massachusetts",345
347,10-29-24,John Webb,Cheyenne,Wyoming,West,United States,Home & Furniture,Furniture,IKEA Sofa,1,430.77,430.77,116.16,"John Webb | Cheyenne, Wyoming",346
348,09-21-24,Joseph Williams,Little Rock,Arkansas,South,United States,Clothing & Apparel,Kids Wear,Carter's Onesie,2,375.09,750.18,248.68,"Joseph Williams | Little Rock, Arkansas",347
349,09-17-24,Desiree Garcia,St. Paul,Minnesota,Centre,United States,Electronics,Wearables,Apple Watch,2,143.75,287.5,50.35,"Desiree Garcia | St. Paul, Minnesota",348
350,09-05-23,Ann Miller,Sacramento,California,West,United States,Clothing & Apparel,Kids Wear,Children's Hoodie,1,291.61,291.61,91.17,"Ann Miller | Sacramento, California",349
351,08-20-23,Michelle Clay,Cheyenne,Wyoming,West,United States,Clothing & Apparel,Women's Wear,Zara Blouse,2,307.09,614.18,162.21,"Michelle Clay | Cheyenne, Wyoming",350
352,04-12-24,Kayla Warner,Burlington,Vermont,East,United States,Accessories,Bags,Backpack,2,214.04,428.08,150.19,"Kayla Warner | Burlington, Vermont",351
353,06-07-23,Abigail Morton,Las Vegas,Nevada,West,United States,Clothing & Apparel,Sportswear,Adidas Tracksuit,2,227.8,455.6,92.61,"Abigail Morton | Las Vegas, Nevada",352
354,09-20-24,Shawn Wilson,Detroit,Michigan,Centre,United States,Clothing & Apparel,Women's Wear,Old Navy Dress,1,326.05,326.05,136.37,"Shawn Wilson | Detroit, Michigan",353
355,11-04-24,Steven Ward,Memphis,Tennessee,South,United States,Electronics,Smartphones,Samsung Galaxy S23,1,755.0,755.0,84.66,"Steven Ward | Memphis, Tennessee",354
356,11-28-24,Larry Winters,Salem,Oregon,West,United States,Clothing & Apparel,Kids Wear,Carter's Onesie,1,352.44,352.44,107.94,"Larry Winters | Salem, Oregon",355
357,03-27-24,Kim Morgan,Reno,Nevada,West,United States,Electronics,TVs & Audio,Bose Soundbar,3,958.75,2876.25,392.03,"Kim Morgan | Reno, Nevada",356
358,09-28-24,Teresa Gonzalez,Lexington,Kentucky,South,United States,Electronics,Laptops,Dell XPS 13,1,667.75,667.75,93.33,"Teresa Gonzalez | Lexington, Kentucky",357
359,11-18-23,Danielle Gordon,Hartford,Connecticut,East,United States,Clothing & Apparel,Footwear,Timberland Boots,2,77.71,155.42,35.96,"Danielle Gordon | Hartford, Connecticut",358
360,07-05-24,Mason Booth,Augusta,Maine,East,United States,Home & Furniture,Storage,Storage Rack,4,826.71,3306.84,1148.93,"Mason Booth | Augusta, Maine",359
361,03-06-23,Bridget Ritter,Nashua,New Hampshire,East,United States,Clothing & Apparel,Kids Wear,Children's Hoodie,2,50.74,101.48,29.24,"Bridget Ritter | Nashua, New Hampshire",360
362,11-08-24,Kim Holt,Nashua,New Hampshire,East,United States,Clothing & Apparel,Kids Wear,Children's Hoodie,2,304.84,609.68,205.6,"Kim Holt | Nashua, New Hampshire",361
363,12-13-24,Benjamin Wong,Colorado Springs,Colorado,West,United States,Electronics,Laptops,Lenovo ThinkPad,1,618.68,618.68,102.57,"Benjamin Wong | Colorado Springs, Colorado",362
364,10-11-23,Kenneth Spencer,Provo,Utah,West,United States,Accessories,Small Electronics,Phone Case,1,55.26,55.26,12.43,"Kenneth Spencer | Provo, Utah",363
365,04-10-24,Erin Wallace,Cincinnati,Ohio,Centre,United States,Home & Furniture,Bedding,Tempur-Pedic Mattress,2,715.6,1431.2,389.73,"Erin Wallace | Cincinnati, Ohio",364
366,11-02-24,Yolanda Williams,Newark,New Jersey,East,United States,Home & Furniture,Furniture,IKEA Sofa,4,979.52,3918.08,714.95,"Yolanda Williams | Newark, New Jersey",365
367,11-15-23,Jeremy Watson,Indianapolis,Indiana,Centre,United States,Home & Furniture,Home Decor,Wall Art,1,153.73,153.73,41.35,"Jeremy Watson | Indianapolis, Indiana",366
368,04-17-24,Sarah Gill,Pittsburgh,Pennsylvania,East,United States,Home & Furniture,Furniture,Dining Table Set,3,855.66,2566.98,515.73,"Sarah Gill | Pittsburgh, Pennsylvania",367
369,12-21-24,Kyle Spencer,Chandler,Arizona,West,United States,Electronics,Smartphones,Apple iPhone 14,1,833.02,833.02,112.88,"Kyle Spencer | Chandler, Arizona",368
370,11-03-23,Tammy Morgan,Huntsville,Alabama,South,United States,Home & Furniture,Kitchenware,Instant Pot,1,441.62,441.62,124.76,"Tammy Morgan | Huntsville, Alabama",369
371,11-25-23,Alexis Krueger,Newark,New Jersey,East,United States,Electronics,Smartphones,Samsung Galaxy S23,2,312.75,625.5,105.79,"Alexis Krueger | Newark, New Jersey",370
372,11-02-24,Terri Perez MD,Mesa,Arizona,West,United States,Accessories,Wearable Accessories,Sunglasses,1,116.76,116.76,55.31,"Terri Perez MD | Mesa, Arizona",371
373,11-16-24,Kimberly Weaver,Grand Rapids,Michigan,Centre,United States,Home & Furniture,Bedding,Tempur-Pedic Mattress,1,1021.69,1021.69,314.23,"Kimberly Weaver | Grand Rapids, Michigan",372
374,10-02-23,Janet Thomas,Jersey City,New Jersey,East,United States,Electronics,Smartphones,Samsung Galaxy S23,2,856.49,1712.98,274.82,"Janet Thomas | Jersey City, New Jersey",373
375,12-23-23,Crystal Sandoval,Reno,Nevada,West,United States,Accessories,Wearable Accessories,Belt,2,111.57,223.14,53.54,"Crystal Sandoval | Reno, Nevada",374
376,11-04-23,Latasha Conner,Glendale,Arizona,West,United States,Electronics,Smartphones,Apple iPhone 14,2,919.84,1839.68,180.92,"Latasha Conner | Glendale, Arizona",375
377,09-28-23,Tyler Barker,Hartford,Connecticut,East,United States,Electronics,Tablets,iPad Pro,1,204.66,204.66,22.67,"Tyler Barker | Hartford, Connecticut",376
378,12-14-24,Lisa Bradley,Provo,Utah,West,United States,Clothing & Apparel,Footwear,Timberland Boots,5,335.18,1675.9,655.64,"Lisa Bradley | Provo, Utah",377
379,09-23-24,Christopher Haley,Sioux Falls,South Dakota,Centre,United States,Accessories,Bags,Backpack,1,171.54,171.54,41.15,"Christopher Haley | Sioux Falls, South Dakota",378
380,12-26-23,Daniel Smith,St. Paul,Minnesota,Centre,United States,Clothing & Apparel,Kids Wear,Children's Hoodie,1,327.46,327.46,130.43,"Daniel Smith | St. Paul, Minnesota",379
381,11-24-23,Brittany Green,Albuquerque,New Mexico,West,United States,Clothing & Apparel,Sportswear,Nike Air Force 1,2,416.62,833.24,223.04,"Brittany Green | Albuquerque, New Mexico",380
382,11-13-23,Crystal Gregory,Jersey City,New Jersey,East,United States,Clothing & Apparel,Men's Wear,Under Armour T-Shirt,1,42.36,42.36,12.78,"Crystal Gregory | Jersey City, New Jersey",381
383,11-17-24,Beverly Wolf,Billings,Montana,West,United States,Home & Furniture,Bedding,Brooklinen Sheets,2,466.34,932.68,256.02,"Beverly Wolf | Billings, Montana",382
384,09-16-23,Joanne Mcknight,Provo,Utah,West,United States,Accessories,Small Electronics,Charging Cable,3,176.54,529.62,167.68,"Joanne Mcknight | Provo, Utah",383
385,12-09-24,Denise Taylor,Fayetteville,Arkansas,South,United States,Clothing & Apparel,Men's Wear,Levi's Jeans,1,152.08,152.08,47.27,"Denise Taylor | Fayetteville, Arkansas",384
386,11-22-24,Joseph Johnson,Providence,Rhode Island,East,United States,Electronics,Home Appliances,Instant Pot,2,393.86,787.72,100.49,"Joseph Johnson | Providence, Rhode Island",385
387,11-21-23,Mary Lopez,Austin,Texas,South,United States,Clothing & Apparel,Women's Wear,Zara Blouse,1,311.21,311.21,85.2,"Mary Lopez | Austin, Texas",386
388,01-12-23,Shawn Anderson,Annapolis,Maryland,East,United States,Home & Furniture,Bedding,Tempur-Pedic Mattress,2,452.33,904.66,188.15,"Shawn Anderson | Annapolis, Maryland",387
389,03-19-24,Michael King,Cheyenne,Wyoming,West,United States,Home & Furniture,Storage,Closet Organizer,1,613.54,613.54,212.45,"Michael King | Cheyenne, Wyoming",388
390,12-20-24,Mark Scott,Oklahoma City,Oklahoma,South,United States,Home & Furniture,Home Decor,Vase,1,461.82,461.82,125.38,"Mark Scott | Oklahoma City, Oklahoma",389
391,05-14-23,James Torres,Dover,Delaware,East,United States,Clothing & Apparel,Men's Wear,GAP Hoodie,2,239.29,478.58,169.09,"James Torres | Dover, Delaware",390
392,04-18-23,Diane Bradley,Tucson,Arizona,West,United States,Home & Furniture,Furniture,IKEA Sofa,4,615.87,2463.48,320.05,"Diane Bradley | Tucson, Arizona",391
393,11-24-23,Mark Jackson,Tucson,Arizona,West,United States,Clothing & Apparel,Kids Wear,Carter's Onesie,2,159.68,319.36,97.29,"Mark Jackson | Tucson, Arizona",392
394,11-11-24,William Gross,Manchester,New Hampshire,East,United States,Home & Furniture,Furniture,Ashley Recliner,2,589.99,1179.98,407.07,"William Gross | Manchester, New Hampshire",393
395,06-01-23,Andre Long,Montpelier,Vermont,East,United States,Electronics,Smartphones,Samsung Galaxy S23,1,917.64,917.64,89.48,"Andre Long | Montpelier, Vermont",394
396,11-18-24,Richard Stephens,Baton Rouge,Louisiana,South,United States,Home & Furniture,Home Decor,Wall Art,4,849.37,3397.48,712.07,"Richard Stephens | Baton Rouge, Louisiana",395
397,11-11-24,Tracy Lewis,Oklahoma City,Oklahoma,South,United States,Electronics,Wearables,Apple Watch,2,703.71,1407.42,243.97,"Tracy Lewis | Oklahoma City, Oklahoma",396
398,11-28-23,Dana Fleming,Chandler,Arizona,West,United States,Accessories,Small Electronics,Phone Case,2,195.56,391.12,101.88,"Dana Fleming | Chandler, Arizona",397
399,01-28-24,Megan Long,Salem,Oregon,West,United States,Clothing & Apparel,Sportswear,Nike Air Force 1,3,24.18,72.54,21.14,"Megan Long | Salem, Oregon",398
400,08-01-24,Joseph Bentley,Madison,Wisconsin,Centre,United States,Accessories,Small Electronics,Charging Cable,2,127.32,254.64,85.71,"Joseph Bentley | Madison, Wisconsin",399
401,03-18-23,Robert Pennington,Missoula,Montana,West,United States,Clothing & Apparel,Sportswear,Adidas Tracksuit,1,192.25,192.25,70.37,"Robert Pennington | Missoula, Montana",400
402,12-24-24,Wendy Decker,Salt Lake City,Utah,West,United States,Accessories,Wearable Accessories,Belt,1,203.25,203.25,96.36,"Wendy Decker | Salt Lake City, Utah",401
403,05-21-24,Evelyn Hernandez MD,Philadelphia,Pennsylvania,East,United States,Electronics,Smartphones,Apple iPhone 14,2,558.1,1116.2,123.58,"Evelyn Hernandez MD | Philadelphia, Pennsylvania",402
404,10-02-23,Miss Ashley Patterson MD,Jersey City,New Jersey,East,United States,Electronics,Smartphones,Samsung Galaxy S23,3,512.49,1537.47,289.25,"Miss Ashley Patterson MD | Jersey City, New Jersey",403
405,02-12-24,Chad Carter,Miami,Florida,South,United States,Home & Furniture,Furniture,Dining Table Set,2,814.76,1629.52,323.25,"Chad Carter | Miami, Florida",404
406,09-17-23,Beverly Gray,Memphis,Tennessee,South,United States,Electronics,Wearables,Fitbit Charge,2,219.2,438.4,54.53,"Beverly Gray | Memphis, Tennessee",405
407,09-25-23,Daniel Bowers,Nashua,New Hampshire,East,United States,Home & Furniture,Kitchenware,Instant Pot,1,483.16,483.16,139.41,"Daniel Bowers | Nashua, New Hampshire",406
408,06-11-24,Kiara Brady,Denver,Colorado,West,United States,Accessories,Wearable Accessories,Sunglasses,3,203.1,609.3,303.53,"Kiara Brady | Denver, Colorado",407
409,05-06-23,Stephen Grant,Orlando,Florida,South,United States,Electronics,Smartphones,Samsung Galaxy S23,4,960.53,3842.12,377.44,"Stephen Grant | Orlando, Florida",408
410,08-16-24,Andrea Rodriguez,Dover,Delaware,East,United States,Home & Furniture,Storage,Storage Rack,2,659.62,1319.24,412.3,"Andrea Rodriguez | Dover, Delaware",409
411,06-01-23,Jacqueline Huerta,Dallas,Texas,South,United States,Clothing & Apparel,Women's Wear,Zara Blouse,2,447.72,895.44,402.7,"Jacqueline Huerta | Dallas, Texas",410
412,11-20-23,Kimberly Mullen,Pittsburgh,Pennsylvania,East,United States,Home & Furniture,Home Decor,Vase,1,273.75,273.75,88.91,"Kimberly Mullen | Pittsburgh, Pennsylvania",411
413,10-26-24,Matthew Howard,Montpelier,Vermont,East,United States,Home & Furniture,Storage,Storage Rack,3,542.08,1626.24,354.33,"Matthew Howard | Montpelier, Vermont",412
414,11-25-24,Suzanne Cisneros,Montpelier,Vermont,East,United States,Clothing & Apparel,Footwear,Nike Running Shoes,3,413.36,1240.08,372.91,"Suzanne Cisneros | Montpelier, Vermont",413
415,12-30-23,Anthony Alexander,Augusta,Maine,East,United States,Clothing & Apparel,Women's Wear,Zara Blouse,3,463.2,1389.6,560.19,"Anthony Alexander | Augusta, Maine",414
416,02-01-23,Virginia Frederick,Sacramento,California,West,United States,Electronics,Tablets,iPad Pro,3,833.22,2499.66,205.27,"Virginia Frederick | Sacramento, California",415
417,04-09-24,Miss Shannon Harrison,Las Vegas,Nevada,West,United States,Clothing & Apparel,Men's Wear,Under Armour T-Shirt,2,323.79,647.58,173.41,"Miss Shannon Harrison | Las Vegas, Nevada",416
418,11-01-23,Jordan Goodman,Denver,Colorado,West,United States,Clothing & Apparel,Footwear,Nike Running Shoes,3,264.09,792.27,324.12,"Jordan Goodman | Denver, Colorado",417
419,10-13-24,Trevor Conley,Pittsburgh,Pennsylvania,East,United States,Accessories,Small Electronics,Phone Case,1,213.82,213.82,82.14,"Trevor Conley | Pittsburgh, Pennsylvania",418
420,05-17-23,Nancy Long,Huntsville,Alabama,South,United States,Home & Furniture,Storage,Closet Organizer,2,470.21,940.42,220.59,"Nancy Long | Huntsville, Alabama",419
421,04-21-24,Kristy Martin,Albuquerque,New Mexico,West,United States,Clothing & Apparel,Kids Wear,Carter's Onesie,3,469.91,1409.73,442.3,"Kristy Martin | Albuquerque, New Mexico",420
422,09-27-24,David Lopez,Montpelier,Vermont,East,United States,Clothing & Apparel,Men's Wear,Levi's Jeans,2,410.08,820.16,181.78,"David Lopez | Montpelier, Vermont",421
423,09-24-23,Amy Burke,Hartford,Connecticut,East,United States,Clothing & Apparel,Men's Wear,Levi's Jeans,3,264.99,794.97,325.14,"Amy Burke | Hartford, Connecticut",422
424,08-16-23,Christopher Hammond,Lexington,Kentucky,South,United States,Clothing & Apparel,Kids Wear,Children's Hoodie,2,319.03,638.06,196.7,"Christopher Hammond | Lexington, Kentucky",423
425,12-17-24,Christina Fuller,Wilmington,Delaware,East,United States,Electronics,Home Appliances,Instant Pot,2,445.59,891.18,175.06,"Christina Fuller | Wilmington, Delaware",424
426,11-01-24,Jack Shaw,Montpelier,Vermont,East,United States,Electronics,Tablets,iPad Pro,1,321.55,321.55,50.73,"Jack Shaw | Montpelier, Vermont",425
427,05-13-23,Nicholas Lawrence,Fargo,North Dakota,Centre,United States,Home & Furniture,Home Decor,Wall Art,5,818.99,4094.95,940.67,"Nicholas Lawrence | Fargo, North Dakota",426
428,06-01-23,Ms. Carmen Townsend,Albuquerque,New Mexico,West,United States,Accessories,Wearable Accessories,Watch Strap,2,68.78,137.56,39.52,"Ms. Carmen Townsend | Albuquerque, New Mexico",427
429,07-28-23,Tyler Gibson,Topeka,Kansas,Centre,United States,Clothing & Apparel,Sportswear,Adidas Tracksuit,1,237.45,237.45,100.87,"Tyler Gibson | Topeka, Kansas",428
430,02-21-24,Tara Armstrong,Bismarck,North Dakota,Centre,United States,Clothing & Apparel,Kids Wear,Carter's Onesie,1,316.59,316.59,80.62,"Tara Armstrong | Bismarck, North Dakota",429
431,11-22-24,Megan Frederick,Dover,Delaware,East,United States,Home & Furniture,Bedding,Tempur-Pedic Mattress,1,987.59,987.59,238.09,"Megan Frederick | Dover, Delaware",430
432,12-29-23,Matthew Coffey,Cheyenne,Wyoming,West,United States,Clothing & Apparel,Sportswear,Adidas Tracksuit,2,365.18,730.36,177.65,"Matthew Coffey | Cheyenne, Wyoming",431
433,04-27-23,Christopher Carlson,Atlanta,Georgia,South,United States,Home & Furniture,Bedding,Tempur-Pedic Mattress,1,823.76,823.76,105.13,"Christopher Carlson | Atlanta, Georgia",432
434,01-06-24,Crystal Johnson,Lincoln,Nebraska,Centre,United States,Electronics,Laptops,Dell XPS 13,1,699.39,699.39,84.24,"Crystal Johnson | Lincoln, Nebraska",433
435,05-13-23,Anna Crawford,Sioux Falls,South Dakota,Centre,United States,Electronics,TVs & Audio,Sony Bravia TV,1,613.58,613.58,121.92,"Anna Crawford | Sioux Falls, South Dakota",434
436,10-17-24,Paul Stevenson,Minneapolis,Minnesota,Centre,United States,Home & Furniture,Home Decor,Throw Pillows,2,336.71,673.42,120.96,"Paul Stevenson | Minneapolis, Minnesota",435
437,03-31-24,Joanna Taylor,Miami,Florida,South,United States,Clothing & Apparel,Women's Wear,Old Navy Dress,2,383.58,767.16,217.41,"Joanna Taylor | Miami, Florida",436
438,02-01-24,Calvin Colon,Memphis,Tennessee,South,United States,Home & Furniture,Kitchenware,Instant Pot,7,669.37,4685.59,658.69,"Calvin Colon | Memphis, Tennessee",437
439,04-17-24,Lindsay Martinez,Miami,Florida,South,United States,Electronics,Tablets,iPad Pro,1,189.11,189.11,33.22,"Lindsay Martinez | Miami, Florida",438
440,11-07-23,Kristy Cook,Milwaukee,Wisconsin,Centre,United States,Accessories,Small Electronics,Phone Case,2,206.27,412.54,151.38,"Kristy Cook | Milwaukee, Wisconsin",439
441,06-14-23,Pam Harrington,Sioux Falls,South Dakota,Centre,United States,Electronics,Smartphones,Google Pixel 7,5,830.19,4150.95,577.74,"Pam Harrington | Sioux Falls, South Dakota",440
442,07-07-24,Eric Doyle,Philadelphia,Pennsylvania,East,United States,Electronics,TVs & Audio,Sony Bravia TV,1,1002.56,1002.56,127.28,"Eric Doyle | Philadelphia, Pennsylvania",441
443,11-02-23,Robert Perry,Jersey City,New Jersey,East,United States,Electronics,TVs & Audio,Bose Soundbar,3,854.68,2564.04,492.29,"Robert Perry | Jersey City, New Jersey",442
444,11-18-24,Yvette Ochoa,Boise,Idaho,West,United States,Clothing & Apparel,Kids Wear,Carter's Onesie,2,336.57,673.14,173.58,"Yvette Ochoa | Boise, Idaho",443
445,11-17-23,Jerry White,Fort Wayne,Indiana,Centre,United States,Home & Furniture,Kitchenware,KitchenAid Mixer,1,255.1,255.1,62.82,"Jerry White | Fort Wayne, Indiana",444
446,11-07-23,Patrick Rodriguez,Des Moines,Iowa,Centre,United States,Accessories,Bags,Wallet,2,148.91,297.82,144.56,"Patrick Rodriguez | Des Moines, Iowa",445
447,05-11-24,Vickie Smith,Boise,Idaho,West,United States,Accessories,Bags,Wallet,1,145.75,145.75,59.13,"Vickie Smith | Boise, Idaho",446
448,05-29-24,Ralph Holland,Casper,Wyoming,West,United States,Clothing & Apparel,Footwear,Crocs,2,249.59,499.18,204.29,"Ralph Holland | Casper, Wyoming",447
449,05-22-24,Darlene Myers,Aurora,Illinois,Centre,United States,Clothing & Apparel,Kids Wear,Children's Hoodie,1,92.04,92.04,31.68,"Darlene Myers | Aurora, Illinois",448
450,10-31-23,Trevor Lindsey,Rapid City,South Dakota,Centre,United States,Accessories,Small Electronics,Phone Case,3,75.74,227.22,85.27,"Trevor Lindsey | Rapid City, South Dakota",449
451,04-09-24,Craig Garcia,Montpelier,Vermont,East,United States,Electronics,Tablets,iPad Pro,3,343.21,1029.63,135.71,"Craig Garcia | Montpelier, Vermont",450
452,10-14-23,Donald Martin,Omaha,Nebraska,Centre,United States,Home & Furniture,Kitchenware,KitchenAid Mixer,5,375.45,1877.25,380.55,"Donald Martin | Omaha, Nebraska",451
453,10-24-23,David Williams,Columbus,Ohio,Centre,United States,Accessories,Small Electronics,Phone Case,2,144.78,289.56,105.86,"David Williams | Columbus, Ohio",452
454,11-24-23,Christopher Simmons,Mobile,Alabama,South,United States,Clothing & Apparel,Footwear,Timberland Boots,2,292.83,585.66,191.35,"Christopher Simmons | Mobile, Alabama",453
455,11-30-23,Stephen Peterson,Jersey City,New Jersey,East,United States,Home & Furniture,Storage,Storage Rack,1,239.92,239.92,56.91,"Stephen Peterson | Jersey City, New Jersey",454
456,05-18-24,Sara Marshall,Missoula,Montana,West,United States,Electronics,TVs & Audio,LG OLED TV,1,246.9,246.9,39.01,"Sara Marshall | Missoula, Montana",455
457,11-13-24,Michael Wright,Dover,Delaware,East,United States,Home & Furniture,Bedding,Brooklinen Sheets,1,519.43,519.43,83.61,"Michael Wright | Dover, Delaware",456
458,11-02-24,Patricia Waters,Grand Rapids,Michigan,Centre,United States,Clothing & Apparel,Men's Wear,GAP Hoodie,4,86.18,344.72,149.52,"Patricia Waters | Grand Rapids, Michigan",457
459,02-18-23,Joshua Mcintyre,New Haven,Connecticut,East,United States,Home & Furniture,Kitchenware,Cookware Set,2,476.72,953.44,200.51,"Joshua Mcintyre | New Haven, Connecticut",458
460,11-07-24,Mckenzie Juarez,Jersey City,New Jersey,East,United States,Electronics,Home Appliances,KitchenAid Mixer,1,673.14,673.14,58.78,"Mckenzie Juarez | Jersey City, New Jersey",459
461,11-03-23,Ian Williams,Boise,Idaho,West,United States,Accessories,Bags,Tote Bag,2,121.33,242.66,99.52,"Ian Williams | Boise, Idaho",460
462,10-20-23,Peter Ortiz,Phoenix,Arizona,West,United States,Electronics,TVs & Audio,LG OLED TV,1,841.6,841.6,104.96,"Peter Ortiz | Phoenix, Arizona",461
463,07-12-24,Mary Macdonald,Orlando,Florida,South,United States,Home & Furniture,Kitchenware,KitchenAid Mixer,1,766.67,766.67,99.43,"Mary Macdonald | Orlando, Florida",462
464,06-26-24,David Mitchell,Little Rock,Arkansas,South,United States,Electronics,Laptops,MacBook Air,2,1077.56,2155.12,389.27,"David Mitchell | Little Rock, Arkansas",463
465,09-15-24,Cheryl Jones,Nashua,New Hampshire,East,United States,Electronics,Laptops,MacBook Air,3,987.33,2961.99,336.92,"Cheryl Jones | Nashua, New Hampshire",464
466,02-14-24,Julia Kemp,San Francisco,California,West,United States,Clothing & Apparel,Women's Wear,Zara Blouse,1,168.35,168.35,55.33,"Julia Kemp | San Francisco, California",465
467,06-07-23,Danielle Malone,Santa Fe,New Mexico,West,United States,Accessories,Wearable Accessories,Watch Strap,1,246.07,246.07,108.97,"Danielle Malone | Santa Fe, New Mexico",466
468,01-08-24,Robert Davis,Nashua,New Hampshire,East,United States,Home & Furniture,Storage,Storage Rack,3,600.81,1802.43,340.08,"Robert Davis | Nashua, New Hampshire",467
469,10-21-23,Tiffany Marshall,Baltimore,Maryland,East,United States,Home & Furniture,Kitchenware,Instant Pot,2,580.07,1160.14,376.38,"Tiffany Marshall | Baltimore, Maryland",468
470,04-04-24,Theresa Whitney,Santa Fe,New Mexico,West,United States,Home & Furniture,Furniture,IKEA Sofa,1,263.58,263.58,71.57,"Theresa Whitney | Santa Fe, New Mexico",469
471,11-17-24,Patrick Werner,Oklahoma City,Oklahoma,South,United States,Accessories,Bags,Tote Bag,1,141.02,141.02,48.27,"Patrick Werner | Oklahoma City, Oklahoma",470
472,07-19-24,Tara Anderson,Billings,Montana,West,United States,Clothing & Apparel,Women's Wear,Zara Blouse,1,94.04,94.04,38.94,"Tara Anderson | Billings, Montana",471
473,09-14-24,Amanda Guzman,Burlington,Vermont,East,United States,Electronics,Home Appliances,Instant Pot,2,575.81,1151.62,137.42,"Amanda Guzman | Burlington, Vermont",472
474,05-20-24,Paul Watson,Springfield,Illinois,Centre,United States,Home & Furniture,Furniture,Ashley Recliner,2,673.83,1347.66,349.93,"Paul Watson | Springfield, Illinois",473
475,07-18-24,Max Hopkins,Newark,New Jersey,East,United States,Electronics,Laptops,Dell XPS 13,1,903.09,903.09,172.72,"Max Hopkins | Newark, New Jersey",474
476,12-19-24,Tara Vincent,Tampa,Florida,South,United States,Clothing & Apparel,Women's Wear,Zara Blouse,1,321.91,321.91,77.19,"Tara Vincent | Tampa, Florida",475
477,11-25-24,Sarah Smith,Jersey City,New Jersey,East,United States,Clothing & Apparel,Women's Wear,Old Navy Dress,1,204.37,204.37,74.04,"Sarah Smith | Jersey City, New Jersey",476
478,09-22-23,Chase Davidson,Providence,Rhode Island,East,United States,Accessories,Small Electronics,Phone Case,5,139.27,696.35,212.18,"Chase Davidson | Providence, Rhode Island",477
479,10-24-24,Joshua Walker,Rapid City,South Dakota,Centre,United States,Clothing & Apparel,Kids Wear,Children's Hoodie,1,165.73,165.73,48.67,"Joshua Walker | Rapid City, South Dakota",478
480,06-17-23,Crystal Williams,Salem,Oregon,West,United States,Clothing & Apparel,Sportswear,Nike Air Force 1,1,152.7,152.7,66.44,"Crystal Williams | Salem, Oregon",479
481,08-23-23,Cathy Hayes,Knoxville,Tennessee,South,United States,Clothing & Apparel,Sportswear,Nike Air Force 1,4,254.1,1016.4,282.42,"Cathy Hayes | Knoxville, Tennessee",480
482,11-03-23,Amanda Mckinney,Fargo,North Dakota,Centre,United States,Electronics,TVs & Audio,LG OLED TV,2,606.32,1212.64,200.65,"Amanda Mckinney | Fargo, North Dakota",481
483,03-16-23,Raymond Bolton,San Antonio,Texas,South,United States,Home & Furniture,Storage,Closet Organizer,1,774.78,774.78,136.56,"Raymond Bolton | San Antonio, Texas",482
484,09-04-24,Nicole Levy,San Diego,California,West,United States,Accessories,Wearable Accessories,Belt,2,98.98,197.96,79.75,"Nicole Levy | San Diego, California",483
485,10-09-24,Jonathan Hall,Tucson,Arizona,West,United States,Clothing & Apparel,Footwear,Nike Running Shoes,1,105.52,105.52,30.9,"Jonathan Hall | Tucson, Arizona",484
486,12-30-24,Amanda Porter,Seattle,Washington,West,United States,Accessories,Small Electronics,Power Bank,2,237.38,474.76,115.54,"Amanda Porter | Seattle, Washington",485
487,03-09-24,Alvin Herrera,Reno,Nevada,West,United States,Accessories,Bags,Tote Bag,1,113.51,113.51,25.92,"Alvin Herrera | Reno, Nevada",486
488,06-27-24,Harry Johnson,Montpelier,Vermont,East,United States,Electronics,TVs & Audio,LG OLED TV,1,127.64,127.64,16.97,"Harry Johnson | Montpelier, Vermont",487
489,11-17-23,Miss Danielle Lewis,St. Paul,Minnesota,Centre,United States,Accessories,Bags,Tote Bag,2,145.95,291.9,88.08,"Miss Danielle Lewis | St. Paul, Minnesota",488
490,09-29-23,Christopher Walker,Wichita,Kansas,Centre,United States,Clothing & Apparel,Kids Wear,Children's Hoodie,1,351.3,351.3,142.21,"Christopher Walker | Wichita, Kansas",489
491,03-04-24,Tracy Fischer,Topeka,Kansas,Centre,United States,Clothing & Apparel,Kids Wear,Children's Hoodie,1,61.63,61.63,24.49,"Tracy Fischer | Topeka, Kansas",490
492,11-01-24,Rachel Pineda,Indianapolis,Indiana,Centre,United States,Clothing & Apparel,Sportswear,Adidas Tracksuit,1,161.11,161.11,48.34,"Rachel Pineda | Indianapolis, Indiana",491
493,01-12-24,Nathan Reyes,Burlington,Vermont,East,United States,Home & Furniture,Furniture,Office Chair,1,411.15,411.15,74.36,"Nathan Reyes | Burlington, Vermont",492
494,12-12-24,Robert Farley,Philadelphia,Pennsylvania,East,United States,Accessories,Wearable Accessories,Sunglasses,1,88.29,88.29,28.48,"Robert Farley | Philadelphia, Pennsylvania",493
495,09-27-23,Kyle Lopez,Boise,Idaho,West,United States,Home & Furniture,Furniture,Office Chair,1,910.59,910.59,126.93,"Kyle Lopez | Boise, Idaho",494
496,11-15-24,Rebekah Salazar,Los Angeles,California,West,United States,Clothing & Apparel,Men's Wear,Under Armour T-Shirt,2,137.78,275.56,123.8,"Rebekah Salazar | Los Angeles, California",495
497,11-15-24,Kenneth Johnston,Wilmington,Delaware,East,United States,Clothing & Apparel,Sportswear,Adidas Tracksuit,1,392.41,392.41,108.07,"Kenneth Johnston | Wilmington, Delaware",496
498,12-18-24,Gary Curtis,Manchester,New Hampshire,East,United States,Accessories,Wearable Accessories,Watch Strap,2,137.3,274.6,66.42,"Gary Curtis | Manchester, New Hampshire",497
499,12-30-23,William Cooper,Aurora,Illinois,Centre,United States,Clothing & Apparel,Kids Wear,Children's Hoodie,2,284.18,568.36,247.0,"William Cooper | Aurora, Illinois",498
500,11-01-23,Amy Morris,Denver,Colorado,West,United States,Clothing & Apparel,Footwear,Timberland Boots,1,158.77,158.77,49.78,"Amy Morris | Denver, Colorado",499
501,01-20-23,Stephanie Glenn,Lincoln,Nebraska,Centre,United States,Home & Furniture,Furniture,IKEA Sofa,3,870.72,2612.16,740.33,"Stephanie Glenn | Lincoln, Nebraska",500
502,06-23-23,Rebecca Peterson,Sioux Falls,South Dakota,Centre,United States,Clothing & Apparel,Kids Wear,Carter's Onesie,2,27.65,55.3,16.71,"Rebecca Peterson | Sioux Falls, South Dakota",501
503,07-26-24,Michael White,Denver,Colorado,West,United States,Electronics,TVs & Audio,LG OLED TV,2,342.32,684.64,88.21,"Michael White | Denver, Colorado",502
504,03-28-23,Antonio Berry,Worcester,Massachusetts,East,United States,Clothing & Apparel,Sportswear,Adidas Tracksuit,1,276.85,276.85,68.08,"Antonio Berry | Worcester, Massachusetts",503
505,07-16-23,Tristan Wise,Savannah,Georgia,South,United States,Home & Furniture,Storage,Closet Organizer,1,642.76,642.76,77.96,"Tristan Wise | Savannah, Georgia",504
506,10-10-24,Joshua Green,New Haven,Connecticut,East,United States,Home & Furniture,Bedding,Brooklinen Sheets,1,937.22,937.22,290.69,"Joshua Green | New Haven, Connecticut",505
507,11-17-23,Jason Johnson,Seattle,Washington,West,United States,Accessories,Bags,Wallet,1,211.68,211.68,38.98,"Jason Johnson | Seattle, Washington",506
508,12-06-24,Rebecca Mann,Provo,Utah,West,United States,Clothing & Apparel,Men's Wear,GAP Hoodie,4,409.15,1636.6,609.79,"Rebecca Mann | Provo, Utah",507
509,04-08-23,Ronald Zimmerman,Denver,Colorado,West,United States,Electronics,Wearables,Apple Watch,2,680.22,1360.44,111.01,"Ronald Zimmerman | Denver, Colorado",508
510,09-07-24,Patricia Perez,New Orleans,Louisiana,South,United States,Clothing & Apparel,Kids Wear,Carter's Onesie,1,95.65,95.65,24.19,"Patricia Perez | New Orleans, Louisiana",509
511,12-11-23,Laura Mata,Salt Lake City,Utah,West,United States,Electronics,Smartphones,Samsung Galaxy S23,2,525.0,1050.0,141.59,"Laura Mata | Salt Lake City, Utah",510
512,12-23-24,Barbara Bennett,Newark,New Jersey,East,United States,Electronics,Smartphones,Apple iPhone 14,1,685.75,685.75,130.12,"Barbara Bennett | Newark, New Jersey",511
513,11-04-23,Michael Calderon,Springfield,Illinois,Centre,United States,Home & Furniture,Kitchenware,Cookware Set,1,772.01,772.01,122.16,"Michael Calderon | Springfield, Illinois",512
514,08-15-23,Jennifer Ruiz,Burlington,Vermont,East,United States,Home & Furniture,Furniture,IKEA Sofa,1,750.29,750.29,121.93,"Jennifer Ruiz | Burlington, Vermont",513
515,01-30-24,David Potter,Hartford,Connecticut,East,United States,Accessories,Wearable Accessories,Belt,2,193.8,387.6,105.69,"David Potter | Hartford, Connecticut",514
516,11-21-24,Heather Stevens,Philadelphia,Pennsylvania,East,United States,Home & Furniture,Storage,Storage Rack,2,220.07,440.14,129.56,"Heather Stevens | Philadelphia, Pennsylvania",515
517,11-09-24,Chad Martinez,Dallas,Texas,South,United States,Electronics,Home Appliances,KitchenAid Mixer,1,1001.33,1001.33,168.59,"Chad Martinez | Dallas, Texas",516
518,05-22-24,Charles Blackburn,Seattle,Washington,West,United States,Clothing & Apparel,Men's Wear,Under Armour T-Shirt,1,83.62,83.62,22.19,"Charles Blackburn | Seattle, Washington",517
519,06-16-24,Lori Stephenson,New Haven,Connecticut,East,United States,Clothing & Apparel,Kids Wear,Carter's Onesie,1,313.16,313.16,91.8,"Lori Stephenson | New Haven, Connecticut",518
520,09-11-24,Daniel Silva,Casper,Wyoming,West,United States,Home & Furniture,Kitchenware,Instant Pot,3,563.68,1691.04,363.76,"Daniel Silva | Casper, Wyoming",519
521,07-11-23,Carlos Beck,Mobile,Alabama,South,United States,Electronics,Smartphones,Samsung Galaxy S23,3,622.18,1866.54,257.08,"Carlos Beck | Mobile, Alabama",520
522,11-01-23,Peter Bowman,Missoula,Montana,West,United States,Accessories,Small Electronics,Power Bank,1,126.21,126.21,30.47,"Peter Bowman | Missoula, Montana",521
523,03-04-23,David Patterson MD,Cleveland,Ohio,Centre,United States,Home & Furniture,Storage,Storage Rack,1,148.46,148.46,32.45,"David Patterson MD | Cleveland, Ohio",522
524,09-29-24,Anthony Schmidt,St. Paul,Minnesota,Centre,United States,Electronics,Tablets,Samsung Galaxy Tab,1,645.75,645.75,98.56,"Anthony Schmidt | St. Paul, Minnesota",523
525,06-05-24,Bethany Summers,Wichita,Kansas,Centre,United States,Home & Furniture,Home Decor,Vase,1,610.4,610.4,75.09,"Bethany Summers | Wichita, Kansas",524
526,01-14-24,Sheila Bruce,Houston,Texas,South,United States,Electronics,Home Appliances,Instant Pot,3,778.88,2336.64,254.18,"Sheila Bruce | Houston, Texas",525
527,11-08-24,Jessica Riggs,Chandler,Arizona,West,United States,Electronics,Home Appliances,Instant Pot,5,311.84,1559.2,214.92,"Jessica Riggs | Chandler, Arizona",526
528,03-17-24,Laura Collins,Nashua,New Hampshire,East,United States,Home & Furniture,Storage,Storage Rack,2,412.43,824.86,196.77,"Laura Collins | Nashua, New Hampshire",527
529,11-02-24,Cynthia Case,Fort Smith,Arkansas,South,United States,Electronics,Wearables,Apple Watch,1,931.55,931.55,110.02,"Cynthia Case | Fort Smith, Arkansas",528
530,07-25-24,Alex Hill,Savannah,Georgia,South,United States,Accessories,Wearable Accessories,Sunglasses,4,52.24,208.96,63.58,"Alex Hill | Savannah, Georgia",529
531,03-25-23,Amanda Gonzales,New Haven,Connecticut,East,United States,Accessories,Small Electronics,Phone Case,1,177.9,177.9,88.07,"Amanda Gonzales | New Haven, Connecticut",530
532,04-06-23,Joshua Ferguson,Rapid City,South Dakota,Centre,United States,Home & Furniture,Kitchenware,Instant Pot,2,567.51,1135.02,145.81,"Joshua Ferguson | Rapid City, South Dakota",531
533,12-28-24,James Bennett,Providence,Rhode Island,East,United States,Clothing & Apparel,Women's Wear,Old Navy Dress,1,329.51,329.51,102.5,"James Bennett | Providence, Rhode Island",532
534,01-09-23,Tracy Davis,Burlington,Vermont,East,United States,Clothing & Apparel,Sportswear,Adidas Tracksuit,2,208.38,416.76,142.44,"Tracy Davis | Burlington, Vermont",533
535,01-04-24,Angela Bennett,Montpelier,Vermont,East,United States,Clothing & Apparel,Sportswear,Nike Air Force 1,2,202.95,405.9,143.14,"Angela Bennett | Montpelier, Vermont",534
536,11-10-23,John Ramirez,Jersey City,New Jersey,East,United States,Home & Furniture,Furniture,Office Chair,1,270.72,270.72,71.51,"John Ramirez | Jersey City, New Jersey",535
537,12-22-23,Daniel Torres,Spokane,Washington,West,United States,Electronics,Laptops,Lenovo ThinkPad,1,853.17,853.17,96.11,"Daniel Torres | Spokane, Washington",536
538,12-12-24,Robert Gill,Mesa,Arizona,West,United States,Accessories,Bags,Backpack,1,202.14,202.14,57.24,"Robert Gill | Mesa, Arizona",537
539,11-13-23,Kaitlyn Clark,New York City,New York,East,United States,Clothing & Apparel,Men's Wear,GAP Hoodie,1,270.38,270.38,69.69,"Kaitlyn Clark | New York City, New York",538
540,05-30-24,Michael Stewart,Mesa,Arizona,West,United States,Accessories,Small Electronics,Phone Case,2,89.13,178.26,50.16,"Michael Stewart | Mesa, Arizona",539
541,04-17-24,Matthew Lam MD,Fargo,North Dakota,Centre,United States,Electronics,Tablets,iPad Pro,1,311.93,311.93,38.45,"Matthew Lam MD | Fargo, North Dakota",540
542,04-13-24,Christopher Richardson,Jersey City,New Jersey,East,United States,Electronics,Wearables,Apple Watch,1,615.21,615.21,118.92,"Christopher Richardson | Jersey City, New Jersey",541
543,10-23-23,Elizabeth Robles,Birmingham,Alabama,South,United States,Electronics,Home Appliances,Dyson Vacuum,1,461.37,461.37,41.63,"Elizabeth Robles | Birmingham, Alabama",542
544,03-29-24,Cameron Bennett,St. Louis,Missouri,Centre,United States,Clothing & Apparel,Sportswear,Adidas Tracksuit,2,196.53,393.06,175.42,"Cameron Bennett | St. Louis, Missouri",543
545,11-13-23,David Rodriguez,Provo,Utah,West,United States,Accessories,Small Electronics,Phone Case,2,71.46,142.92,53.29,"David Rodriguez | Provo, Utah",544
546,12-12-24,Timothy Nguyen,Portland,Oregon,West,United States,Accessories,Wearable Accessories,Belt,2,171.28,342.56,144.98,"Timothy Nguyen | Portland, Oregon",545
547,07-06-24,George Hoover,Grand Rapids,Michigan,Centre,United States,Electronics,Wearables,Apple Watch,4,780.27,3121.08,267.76,"George Hoover | Grand Rapids, Michigan",546
548,11-22-23,James Hanson,Annapolis,Maryland,East,United States,Accessories,Wearable Accessories,Belt,1,152.1,152.1,50.52,"James Hanson | Annapolis, Maryland",547
549,10-23-23,Terri Allison,Burlington,Vermont,East,United States,Electronics,Wearables,Apple Watch,4,986.91,3947.64,494.67,"Terri Allison | Burlington, Vermont",548
550,11-17-24,Brian Jackson,Knoxville,Tennessee,South,United States,Home & Furniture,Home Decor,Wall Art,1,206.7,206.7,39.44,"Brian Jackson | Knoxville, Tennessee",549
551,10-19-24,Maria Turner,Huntsville,Alabama,South,United States,Clothing & Apparel,Men's Wear,Levi's Jeans,5,353.56,1767.8,675.74,"Maria Turner | Huntsville, Alabama",550
552,10-14-23,Michael Jones,Phoenix,Arizona,West,United States,Electronics,Smartphones,Google Pixel 7,2,1010.39,2020.78,231.41,"Michael Jones | Phoenix, Arizona",551
553,08-03-24,Julie Mcintyre,Cedar Rapids,Iowa,Centre,United States,Clothing & Apparel,Women's Wear,Old Navy Dress,3,442.19,1326.57,512.73,"Julie Mcintyre | Cedar Rapids, Iowa",552
554,06-10-23,Kristen Flores,Nashua,New Hampshire,East,United States,Clothing & Apparel,Sportswear,Nike Air Force 1,1,225.26,225.26,87.35,"Kristen Flores | Nashua, New Hampshire",553
555,10-14-23,Autumn Flores,Tulsa,Oklahoma,South,United States,Home & Furniture,Kitchenware,Instant Pot,1,883.05,883.05,162.27,"Autumn Flores | Tulsa, Oklahoma",554
556,05-27-24,Tommy Malone,Burlington,Vermont,East,United States,Home & Furniture,Storage,Closet Organizer,2,440.61,881.22,134.65,"Tommy Malone | Burlington, Vermont",555
557,10-02-23,Ronald White,Mesa,Arizona,West,United States,Accessories,Small Electronics,Power Bank,2,107.28,214.56,65.94,"Ronald White | Mesa, Arizona",556
558,02-11-23,David Davis,St. Paul,Minnesota,Centre,United States,Home & Furniture,Storage,Closet Organizer,1,669.31,669.31,134.43,"David Davis | St. Paul, Minnesota",557
559,03-15-24,John Cruz,Missoula,Montana,West,United States,Electronics,Home Appliances,KitchenAid Mixer,2,909.39,1818.78,244.88,"John Cruz | Missoula, Montana",558
560,08-12-23,Elizabeth Smith,New York City,New York,East,United States,Accessories,Wearable Accessories,Watch Strap,3,258.68,776.04,144.67,"Elizabeth Smith | New York City, New York",559
561,07-30-24,Michael Tate,Little Rock,Arkansas,South,United States,Clothing & Apparel,Footwear,Nike Running Shoes,2,107.45,214.9,84.71,"Michael Tate | Little Rock, Arkansas",560
562,09-05-24,Patricia Hopkins,New York City,New York,East,United States,Accessories,Wearable Accessories,Sunglasses,1,67.47,67.47,19.98,"Patricia Hopkins | New York City, New York",561
563,12-08-23,Marcus Johnson,Salem,Oregon,West,United States,Electronics,Smartphones,Samsung Galaxy S23,1,731.12,731.12,66.03,"Marcus Johnson | Salem, Oregon",562
564,07-16-24,Christine Nicholson,Wichita,Kansas,Centre,United States,Home & Furniture,Furniture,Office Chair,2,168.09,336.18,90.3,"Christine Nicholson | Wichita, Kansas",563
565,01-20-23,William Hubbard,Rochester,New York,East,United States,Clothing & Apparel,Sportswear,Nike Air Force 1,1,258.47,258.47,98.81,"William Hubbard | Rochester, New York",564
566,11-10-24,Adam Smith,Tuscaloosa,Alabama,South,United States,Clothing & Apparel,Women's Wear,Old Navy Dress,1,423.07,423.07,127.3,"Adam Smith | Tuscaloosa, Alabama",565
567,09-09-24,Matthew Vargas,Seattle,Washington,West,United States,Clothing & Apparel,Footwear,Crocs,2,229.73,459.46,124.42,"Matthew Vargas | Seattle, Washington",566
568,06-06-23,April Cameron,Missoula,Montana,West,United States,Clothing & Apparel,Footwear,Nike Running Shoes,3,330.16,990.48,365.68,"April Cameron | Missoula, Montana",567
569,05-19-23,Michele Bailey,Cedar Rapids,Iowa,Centre,United States,Clothing & Apparel,Men's Wear,Under Armour T-Shirt,1,81.61,81.61,23.27,"Michele Bailey | Cedar Rapids, Iowa",568
570,03-19-24,Daniel Wilson,Huntsville,Alabama,South,United States,Clothing & Apparel,Kids Wear,Carter's Onesie,2,248.19,496.38,172.88,"Daniel Wilson | Huntsville, Alabama",569
571,06-12-24,William Lyons,Lexington,Kentucky,South,United States,Clothing & Apparel,Men's Wear,GAP Hoodie,3,445.04,1335.12,582.17,"William Lyons | Lexington, Kentucky",570
572,10-31-23,Joseph Butler,Casper,Wyoming,West,United States,Clothing & Apparel,Footwear,Timberland Boots,3,78.13,234.39,89.17,"Joseph Butler | Casper, Wyoming",571
573,05-01-24,Ronald Rhodes,Chicago,Illinois,Centre,United States,Clothing & Apparel,Kids Wear,Carter's Onesie,2,313.44,626.88,160.58,"Ronald Rhodes | Chicago, Illinois",572
574,09-24-24,Nathan Caldwell,Madison,Wisconsin,Centre,United States,Electronics,TVs & Audio,Bose Soundbar,1,106.63,106.63,12.05,"Nathan Caldwell | Madison, Wisconsin",573
575,06-17-24,Johnny Collins,Springfield,Illinois,Centre,United States,Clothing & Apparel,Men's Wear,Under Armour T-Shirt,2,249.35,498.7,168.46,"Johnny Collins | Springfield, Illinois",574
576,10-06-24,Michael Collins,Cedar Rapids,Iowa,Centre,United States,Clothing & Apparel,Footwear,Nike Running Shoes,2,156.55,313.1,85.73,"Michael Collins | Cedar Rapids, Iowa",575
577,12-04-24,Victoria Green,Milwaukee,Wisconsin,Centre,United States,Clothing & Apparel,Kids Wear,Children's Hoodie,4,243.22,972.88,324.42,"Victoria Green | Milwaukee, Wisconsin",576
578,06-09-23,Stephen Rivera,Nashua,New Hampshire,East,United States,Home & Furniture,Kitchenware,Instant Pot,2,562.44,1124.88,204.33,"Stephen Rivera | Nashua, New Hampshire",577
579,08-29-23,Robert Banks,Hartford,Connecticut,East,United States,Accessories,Bags,Backpack,3,232.31,696.93,154.52,"Robert Banks | Hartford, Connecticut",578
580,09-12-24,Elizabeth Daugherty,Phoenix,Arizona,West,United States,Home & Furniture,Kitchenware,Instant Pot,3,335.87,1007.61,264.84,"Elizabeth Daugherty | Phoenix, Arizona",579
581,11-03-23,Heather Moran,Glendale,Arizona,West,United States,Clothing & Apparel,Women's Wear,Zara Blouse,2,378.67,757.34,220.94,"Heather Moran | Glendale, Arizona",580
582,07-01-23,Benjamin Olsen,Montpelier,Vermont,East,United States,Clothing & Apparel,Footwear,Timberland Boots,2,400.43,800.86,169.09,"Benjamin Olsen | Montpelier, Vermont",581
583,11-13-23,Gregory Miller,Des Moines,Iowa,Centre,United States,Home & Furniture,Furniture,Ashley Recliner,2,327.66,655.32,178.97,"Gregory Miller | Des Moines, Iowa",582
584,11-14-24,Laurie Huang,Albuquerque,New Mexico,West,United States,Electronics,TVs & Audio,Sony Bravia TV,1,222.83,222.83,43.6,"Laurie Huang | Albuquerque, New Mexico",583
585,01-29-24,Stacey Adams,Portland,Oregon,West,United States,Electronics,Wearables,Fitbit Charge,3,505.66,1516.98,298.4,"Stacey Adams | Portland, Oregon",584
586,08-13-24,Michael Mccarthy,Fort Wayne,Indiana,Centre,United States,Clothing & Apparel,Footwear,Nike Running Shoes,2,369.85,739.7,264.83,"Michael Mccarthy | Fort Wayne, Indiana",585
587,11-16-23,Mrs. Katelyn Lopez,Glendale,Arizona,West,United States,Home & Furniture,Kitchenware,KitchenAid Mixer,1,947.05,947.05,257.32,"Mrs. Katelyn Lopez | Glendale, Arizona",586
588,01-11-24,Larry Ortiz,Charleston,West Virginia,South,United States,Home & Furniture,Furniture,Office Chair,2,198.04,396.08,55.86,"Larry Ortiz | Charleston, West Virginia",587
589,10-01-23,Lindsey Anderson,Glendale,Arizona,West,United States,Clothing & Apparel,Footwear,Nike Running Shoes,6,145.62,873.72,302.52,"Lindsey Anderson | Glendale, Arizona",588
590,12-29-23,Justin Ward,Atlanta,Georgia,South,United States,Electronics,Home Appliances,Dyson Vacuum,1,379.38,379.38,42.5,"Justin Ward | Atlanta, Georgia",589
591,12-19-24,Tiffany Smith,Sioux Falls,South Dakota,Centre,United States,Electronics,TVs & Audio,Bose Soundbar,2,695.88,1391.76,214.3,"Tiffany Smith | Sioux Falls, South Dakota",590
592,12-15-23,Jennifer Russell,Montpelier,Vermont,East,United States,Home & Furniture,Kitchenware,KitchenAid Mixer,1,830.44,830.44,253.93,"Jennifer Russell | Montpelier, Vermont",591
593,12-15-24,Leonard Pratt,Huntsville,Alabama,South,United States,Clothing & Apparel,Sportswear,Nike Air Force 1,1,296.03,296.03,63.19,"Leonard Pratt | Huntsville, Alabama",592
594,10-30-24,Brian Patrick,Providence,Rhode Island,East,United States,Home & Furniture,Bedding,Brooklinen Sheets,2,534.32,1068.64,334.95,"Brian Patrick | Providence, Rhode Island",593
595,08-10-23,Jessica Mckenzie,Hartford,Connecticut,East,United States,Accessories,Small Electronics,Charging Cable,1,68.03,68.03,15.41,"Jessica Mckenzie | Hartford, Connecticut",594
596,04-03-23,Mr. Chris Carter,Sacramento,California,West,United States,Home & Furniture,Furniture,Office Chair,1,246.42,246.42,58.18,"Mr. Chris Carter | Sacramento, California",595
597,12-22-24,Alexandria Robinson,Austin,Texas,South,United States,Home & Furniture,Storage,Storage Rack,4,515.0,2060.0,514.09,"Alexandria Robinson | Austin, Texas",596
598,11-21-23,Laura Mckenzie,Jersey City,New Jersey,East,United States,Home & Furniture,Storage,Storage Rack,1,263.09,263.09,64.89,"Laura Mckenzie | Jersey City, New Jersey",597
599,04-16-23,John Singh,Boise,Idaho,West,United States,Accessories,Wearable Accessories,Sunglasses,3,230.96,692.88,339.44,"John Singh | Boise, Idaho",598
600,09-23-24,Mark Bauer,Augusta,Maine,East,United States,Home & Furniture,Kitchenware,Cookware Set,2,785.77,1571.54,503.55,"Mark Bauer | Augusta, Maine",599
601,06-14-23,Michael Davenport,Cheyenne,Wyoming,West,United States,Electronics,Smartphones,Samsung Galaxy S23,3,325.25,975.75,185.95,"Michael Davenport | Cheyenne, Wyoming",600
602,09-01-23,Zachary Salinas,Oklahoma City,Oklahoma,South,United States,Electronics,Home Appliances,KitchenAid Mixer,1,834.8,834.8,125.91,"Zachary Salinas | Oklahoma City, Oklahoma",601
603,03-01-23,Stacey Jackson,Denver,Colorado,West,United States,Electronics,Smartphones,Google Pixel 7,1,395.45,395.45,54.19,"Stacey Jackson | Denver, Colorado",602
604,10-15-24,Christina Le,Cedar Rapids,Iowa,Centre,United States,Home & Furniture,Storage,Storage Rack,1,154.71,154.71,42.8,"Christina Le | Cedar Rapids, Iowa",603
605,11-30-23,Brandon King,San Diego,California,West,United States,Home & Furniture,Kitchenware,Instant Pot,3,648.9,1946.7,633.8,"Brandon King | San Diego, California",604
606,11-25-23,John Tran,Billings,Montana,West,United States,Accessories,Wearable Accessories,Sunglasses,3,62.39,187.17,88.32,"John Tran | Billings, Montana",605
607,01-24-23,Angela Shaw,Springfield,Illinois,Centre,United States,Home & Furniture,Bedding,Brooklinen Sheets,1,637.93,637.93,160.52,"Angela Shaw | Springfield, Illinois",606
608,03-20-23,Erik Rogers,Fargo,North Dakota,Centre,United States,Clothing & Apparel,Kids Wear,Children's Hoodie,1,86.98,86.98,29.77,"Erik Rogers | Fargo, North Dakota",607
609,02-07-24,Sean Banks,Birmingham,Alabama,South,United States,Home & Furniture,Kitchenware,Instant Pot,1,710.08,710.08,243.46,"Sean Banks | Birmingham, Alabama",608
610,02-17-24,Kristen Jackson,Cheyenne,Wyoming,West,United States,Clothing & Apparel,Women's Wear,Old Navy Dress,1,211.74,211.74,72.37,"Kristen Jackson | Cheyenne, Wyoming",609
611,09-02-23,Jamie Sanchez,Knoxville,Tennessee,South,United States,Clothing & Apparel,Sportswear,Nike Air Force 1,1,133.51,133.51,38.0,"Jamie Sanchez | Knoxville, Tennessee",610
612,12-06-24,Amber Eaton,Phoenix,Arizona,West,United States,Accessories,Small Electronics,Charging Cable,1,204.14,204.14,80.64,"Amber Eaton | Phoenix, Arizona",611
613,11-18-24,Eric Allen,Augusta,Maine,East,United States,Electronics,Home Appliances,Instant Pot,3,106.68,320.04,38.14,"Eric Allen | Augusta, Maine",612
614,08-07-24,Stephanie Phillips,Fort Smith,Arkansas,South,United States,Clothing & Apparel,Women's Wear,Zara Blouse,2,367.47,734.94,296.35,"Stephanie Phillips | Fort Smith, Arkansas",613
615,12-10-24,Edward Cook,Baton Rouge,Louisiana,South,United States,Home & Furniture,Storage,Storage Rack,3,391.88,1175.64,326.64,"Edward Cook | Baton Rouge, Louisiana",614
616,08-26-23,Stephen Graves,Memphis,Tennessee,South,United States,Clothing & Apparel,Footwear,Crocs,2,152.84,305.68,63.49,"Stephen Graves | Memphis, Tennessee",615
617,10-20-24,Kristin Gill,Pittsburgh,Pennsylvania,East,United States,Electronics,TVs & Audio,Sony Bravia TV,1,642.92,642.92,73.07,"Kristin Gill | Pittsburgh, Pennsylvania",616
618,04-13-24,Crystal Black,Salem,Oregon,West,United States,Clothing & Apparel,Footwear,Crocs,1,178.39,178.39,38.32,"Crystal Black | Salem, Oregon",617
619,11-27-23,Tracy Weaver,Huntington,West Virginia,South,United States,Accessories,Bags,Backpack,3,107.76,323.28,92.29,"Tracy Weaver | Huntington, West Virginia",618
620,11-16-24,James Wells,Billings,Montana,West,United States,Electronics,TVs & Audio,Sony Bravia TV,4,123.43,493.72,87.43,"James Wells | Billings, Montana",619
621,11-05-23,Sheila Tate,Tucson,Arizona,West,United States,Clothing & Apparel,Women's Wear,Zara Blouse,2,324.15,648.3,198.52,"Sheila Tate | Tucson, Arizona",620
622,11-04-24,Dr. Jason Johnson MD,St. Louis,Missouri,Centre,United States,Clothing & Apparel,Footwear,Timberland Boots,1,319.27,319.27,89.75,"Dr. Jason Johnson MD | St. Louis, Missouri",621
623,11-30-24,Amanda Jones,Montpelier,Vermont,East,United States,Accessories,Bags,Wallet,1,212.95,212.95,39.21,"Amanda Jones | Montpelier, Vermont",622
624,11-18-23,Gabriel Richards,Lincoln,Nebraska,Centre,United States,Home & Furniture,Home Decor,Wall Art,5,909.54,4547.7,1556.47,"Gabriel Richards | Lincoln, Nebraska",623
625,06-24-24,Dawn Williams,Hartford,Connecticut,East,United States,Home & Furniture,Bedding,Tempur-Pedic Mattress,2,780.52,1561.04,527.82,"Dawn Williams | Hartford, Connecticut",624
626,08-05-23,William Johnson,New York City,New York,East,United States,Clothing & Apparel,Sportswear,Adidas Tracksuit,1,81.03,81.03,33.27,"William Johnson | New York City, New York",625
627,01-23-24,Danielle Hull,Casper,Wyoming,West,United States,Accessories,Small Electronics,Phone Case,1,241.03,241.03,73.44,"Danielle Hull | Casper, Wyoming",626
628,10-04-23,Gina Moore,Baltimore,Maryland,East,United States,Electronics,Wearables,Apple Watch,3,1015.25,3045.75,555.47,"Gina Moore | Baltimore, Maryland",627
629,11-20-23,Ms. Ann Jackson,Albuquerque,New Mexico,West,United States,Clothing & Apparel,Kids Wear,Carter's Onesie,2,258.69,517.38,152.94,"Ms. Ann Jackson | Albuquerque, New Mexico",628
630,10-23-23,Bradley Medina,Springfield,Illinois,Centre,United States,Accessories,Wearable Accessories,Sunglasses,1,205.62,205.62,43.93,"Bradley Medina | Springfield, Illinois",629
631,12-16-24,Nicole French,Cedar Rapids,Iowa,Centre,United States,Home & Furniture,Furniture,Ashley Recliner,3,272.72,818.16,180.58,"Nicole French | Cedar Rapids, Iowa",630
632,01-27-24,Olivia Brown,Nashua,New Hampshire,East,United States,Accessories,Wearable Accessories,Sunglasses,1,127.41,127.41,35.05,"Olivia Brown | Nashua, New Hampshire",631
633,11-14-24,Margaret Guzman,Denver,Colorado,West,United States,Electronics,Tablets,Samsung Galaxy Tab,1,366.75,366.75,52.17,"Margaret Guzman | Denver, Colorado",632
634,01-08-24,George Shah,Baltimore,Maryland,East,United States,Home & Furniture,Home Decor,Vase,2,367.13,734.26,104.29,"George Shah | Baltimore, Maryland",633
635,11-15-23,Patrick Davis,Pittsburgh,Pennsylvania,East,United States,Home & Furniture,Kitchenware,KitchenAid Mixer,1,343.13,343.13,103.8,"Patrick Davis | Pittsburgh, Pennsylvania",634
636,12-25-23,Amber Frost,Cincinnati,Ohio,Centre,United States,Home & Furniture,Furniture,Dining Table Set,1,115.71,115.71,29.52,"Amber Frost | Cincinnati, Ohio",635
637,06-27-24,Keith Sullivan,New Haven,Connecticut,East,United States,Home & Furniture,Kitchenware,Instant Pot,1,743.81,743.81,114.68,"Keith Sullivan | New Haven, Connecticut",636
638,11-10-23,Morgan Crosby,Birmingham,Alabama,South,United States,Home & Furniture,Furniture,IKEA Sofa,3,205.7,617.1,169.58,"Morgan Crosby | Birmingham, Alabama",637
639,11-12-23,Richard Steele,Nashua,New Hampshire,East,United States,Clothing & Apparel,Sportswear,Nike Air Force 1,1,107.15,107.15,24.49,"Richard Steele | Nashua, New Hampshire",638
640,11-05-23,Michael Johnson,Lexington,Kentucky,South,United States,Electronics,Laptops,Dell XPS 13,1,1011.6,1011.6,119.32,"Michael Johnson | Lexington, Kentucky",639
641,01-20-24,Mrs. Shelley Fisher MD,Jacksonville,Florida,South,United States,Electronics,Smartphones,Samsung Galaxy S23,1,697.33,697.33,119.91,"Mrs. Shelley Fisher MD | Jacksonville, Florida",640
642,12-25-23,Carl Hudson,Chandler,Arizona,West,United States,Accessories,Bags,Wallet,2,79.87,159.74,52.96,"Carl Hudson | Chandler, Arizona",641
643,04-02-23,Kimberly Ford,Jersey City,New Jersey,East,United States,Accessories,Small Electronics,Phone Case,1,219.58,219.58,96.01,"Kimberly Ford | Jersey City, New Jersey",642
644,02-14-24,Dr. Todd Bryant,Louisville,Kentucky,South,United States,Clothing & Apparel,Footwear,Crocs,4,325.81,1303.24,430.1,"Dr. Todd Bryant | Louisville, Kentucky",643
645,12-14-23,Brittany Mooney,New York City,New York,East,United States,Clothing & Apparel,Kids Wear,Carter's Onesie,3,153.4,460.2,120.72,"Brittany Mooney | New York City, New York",644
646,05-09-23,Jillian Haley,Burlington,Vermont,East,United States,Clothing & Apparel,Women's Wear,Zara Blouse,1,273.94,273.94,83.87,"Jillian Haley | Burlington, Vermont",645
647,03-31-23,Katherine Good,Albuquerque,New Mexico,West,United States,Electronics,Wearables,Apple Watch,2,932.29,1864.58,226.96,"Katherine Good | Albuquerque, New Mexico",646
648,11-29-23,Kyle Casey,Mesa,Arizona,West,United States,Electronics,Home Appliances,KitchenAid Mixer,4,675.67,2702.68,416.31,"Kyle Casey | Mesa, Arizona",647
649,01-28-23,John Smith PhD,Wilmington,Delaware,East,United States,Electronics,Home Appliances,Dyson Vacuum,2,609.51,1219.02,140.42,"John Smith PhD | Wilmington, Delaware",648
650,06-02-23,Robin Thompson,Augusta,Maine,East,United States,Home & Furniture,Furniture,Office Chair,1,553.39,553.39,103.27,"Robin Thompson | Augusta, Maine",649
651,10-09-24,Robert Wilkins,New York City,New York,East,United States,Home & Furniture,Bedding,Tempur-Pedic Mattress,1,603.02,603.02,89.49,"Robert Wilkins | New York City, New York",650
652,12-06-24,Mark Johnson,Louisville,Kentucky,South,United States,Home & Furniture,Kitchenware,Instant Pot,1,151.39,151.39,47.08,"Mark Johnson | Louisville, Kentucky",651
653,10-15-23,Daniel Pollard,Boise,Idaho,West,United States,Electronics,Smartphones,Samsung Galaxy S23,2,734.62,1469.24,208.1,"Daniel Pollard | Boise, Idaho",652
654,08-19-23,Jeffrey Garcia,Reno,Nevada,West,United States,Clothing & Apparel,Kids Wear,Children's Hoodie,1,113.72,113.72,25.91,"Jeffrey Garcia | Reno, Nevada",653
655,09-15-24,Ricky Thompson,Boston,Massachusetts,East,United States,Home & Furniture,Home Decor,Throw Pillows,2,278.44,556.88,73.05,"Ricky Thompson | Boston, Massachusetts",654
656,02-05-23,Johnathan Edwards,Salt Lake City,Utah,West,United States,Home & Furniture,Kitchenware,KitchenAid Mixer,2,554.96,1109.92,261.59,"Johnathan Edwards | Salt Lake City, Utah",655
657,05-03-24,Jason Moore,Wilmington,Delaware,East,United States,Accessories,Wearable Accessories,Sunglasses,2,111.13,222.26,107.86,"Jason Moore | Wilmington, Delaware",656
658,03-11-23,Joshua Kelly DDS,Montpelier,Vermont,East,United States,Accessories,Small Electronics,Charging Cable,1,213.18,213.18,56.5,"Joshua Kelly DDS | Montpelier, Vermont",657
659,01-13-23,Karen Garcia,Newark,New Jersey,East,United States,Accessories,Wearable Accessories,Sunglasses,4,247.01,988.04,208.1,"Karen Garcia | Newark, New Jersey",658
660,10-10-24,Aaron Anderson,Casper,Wyoming,West,United States,Accessories,Wearable Accessories,Watch Strap,2,213.44,426.88,131.19,"Aaron Anderson | Casper, Wyoming",659
661,12-24-24,Joshua Wilson,Spokane,Washington,West,United States,Electronics,TVs & Audio,LG OLED TV,1,768.22,768.22,132.18,"Joshua Wilson | Spokane, Washington",660
662,11-18-23,Jacob Taylor,St. Paul,Minnesota,Centre,United States,Clothing & Apparel,Footwear,Nike Running Shoes,1,94.92,94.92,33.06,"Jacob Taylor | St. Paul, Minnesota",661
663,10-01-23,Dr. Michael Mcknight,Rapid City,South Dakota,Centre,United States,Electronics,Laptops,MacBook Air,2,1204.4,2408.8,379.91,"Dr. Michael Mcknight | Rapid City, South Dakota",662
664,09-23-23,Christopher Giles,Burlington,Vermont,East,United States,Electronics,Wearables,Apple Watch,1,385.74,385.74,36.02,"Christopher Giles | Burlington, Vermont",663
665,10-30-24,Elizabeth Bennett,Sioux Falls,South Dakota,Centre,United States,Clothing & Apparel,Women's Wear,Old Navy Dress,2,427.58,855.16,314.92,"Elizabeth Bennett | Sioux Falls, South Dakota",664
666,08-17-24,Michael Barnes,Mesa,Arizona,West,United States,Electronics,Laptops,MacBook Air,2,568.95,1137.9,187.64,"Michael Barnes | Mesa, Arizona",665
667,08-28-23,Brian Guzman,Boston,Massachusetts,East,United States,Electronics,Laptops,Lenovo ThinkPad,2,335.92,671.84,59.73,"Brian Guzman | Boston, Massachusetts",666
668,12-03-23,Mrs. Taylor Vang,St. Paul,Minnesota,Centre,United States,Clothing & Apparel,Sportswear,Adidas Tracksuit,1,438.55,438.55,195.28,"Mrs. Taylor Vang | St. Paul, Minnesota",667
669,10-12-24,Angela Williams,Charleston,West Virginia,South,United States,Electronics,Laptops,Dell XPS 13,2,829.41,1658.82,245.19,"Angela Williams | Charleston, West Virginia",668
670,09-08-24,Julia Malone,Austin,Texas,South,United States,Electronics,Tablets,iPad Pro,1,124.85,124.85,22.27,"Julia Malone | Austin, Texas",669
671,01-22-23,James Rice,Nashua,New Hampshire,East,United States,Electronics,Home Appliances,KitchenAid Mixer,1,125.78,125.78,20.59,"James Rice | Nashua, New Hampshire",670
672,11-13-23,Jennifer Trujillo,Las Vegas,Nevada,West,United States,Clothing & Apparel,Women's Wear,Zara Blouse,2,450.14,900.28,400.05,"Jennifer Trujillo | Las Vegas, Nevada",671
673,05-05-23,Toni White,Montpelier,Vermont,East,United States,Home & Furniture,Bedding,Brooklinen Sheets,2,589.85,1179.7,151.89,"Toni White | Montpelier, Vermont",672
674,01-24-24,John Estes,Burlington,Vermont,East,United States,Electronics,Smartphones,Apple iPhone 14,4,1123.7,4494.8,424.26,"John Estes | Burlington, Vermont",673
675,12-18-23,James Perry,Des Moines,Iowa,Centre,United States,Clothing & Apparel,Women's Wear,Zara Blouse,2,267.39,534.78,138.07,"James Perry | Des Moines, Iowa",674
676,11-08-23,Angela Kramer,St. Paul,Minnesota,Centre,United States,Clothing & Apparel,Kids Wear,Children's Hoodie,2,88.04,176.08,44.24,"Angela Kramer | St. Paul, Minnesota",675
677,07-29-23,Lori Chaney,Charleston,West Virginia,South,United States,Clothing & Apparel,Sportswear,Adidas Tracksuit,4,173.12,692.48,172.62,"Lori Chaney | Charleston, West Virginia",676
678,10-11-23,Terry Jensen,Sacramento,California,West,United States,Electronics,Smartphones,Apple iPhone 14,2,1083.94,2167.88,423.36,"Terry Jensen | Sacramento, California",677
679,04-15-23,Scott Vance,San Francisco,California,West,United States,Clothing & Apparel,Footwear,Timberland Boots,1,340.45,340.45,95.21,"Scott Vance | San Francisco, California",678
680,12-20-24,Jennifer Erickson,Hartford,Connecticut,East,United States,Clothing & Apparel,Sportswear,Nike Air Force 1,3,339.27,1017.81,250.99,"Jennifer Erickson | Hartford, Connecticut",679
681,02-28-24,Raymond Webb,Dover,Delaware,East,United States,Accessories,Small Electronics,Power Bank,2,221.98,443.96,160.25,"Raymond Webb | Dover, Delaware",680
682,10-13-23,Jennifer Reynolds,Pittsburgh,Pennsylvania,East,United States,Electronics,Wearables,Fitbit Charge,3,939.91,2819.73,534.77,"Jennifer Reynolds | Pittsburgh, Pennsylvania",681
683,11-24-24,Vicki Parker,Boston,Massachusetts,East,United States,Home & Furniture,Kitchenware,Cookware Set,1,225.57,225.57,76.53,"Vicki Parker | Boston, Massachusetts",682
684,12-22-23,Daniel Jones,Chandler,Arizona,West,United States,Home & Furniture,Bedding,Brooklinen Sheets,1,137.27,137.27,32.19,"Daniel Jones | Chandler, Arizona",683
685,10-12-23,Julie Thompson,St. Louis,Missouri,Centre,United States,Electronics,TVs & Audio,LG OLED TV,2,932.28,1864.56,299.18,"Julie Thompson | St. Louis, Missouri",684
686,06-23-24,Mary Parker,Las Vegas,Nevada,West,United States,Electronics,TVs & Audio,LG OLED TV,1,365.8,365.8,46.5,"Mary Parker | Las Vegas, Nevada",685
687,04-15-24,Ryan Richard,Newark,New Jersey,East,United States,Home & Furniture,Furniture,Office Chair,2,144.01,288.02,100.22,"Ryan Richard | Newark, New Jersey",686
688,09-03-23,Juan Escobar,Detroit,Michigan,Centre,United States,Electronics,Laptops,MacBook Air,1,1290.65,1290.65,215.69,"Juan Escobar | Detroit, Michigan",687
689,03-22-23,Angela Hardy,Charleston,West Virginia,South,United States,Electronics,Tablets,Samsung Galaxy Tab,1,958.06,958.06,87.07,"Angela Hardy | Charleston, West Virginia",688
690,06-03-24,Nancy Rogers,San Jose,California,West,United States,Electronics,Smartphones,Google Pixel 7,1,619.45,619.45,91.56,"Nancy Rogers | San Jose, California",689
691,12-21-24,William Thompson,New York City,New York,East,United States,Clothing & Apparel,Kids Wear,Carter's Onesie,1,386.58,386.58,154.93,"William Thompson | New York City, New York",690
692,05-02-24,Keith Simpson,Montpelier,Vermont,East,United States,Home & Furniture,Home Decor,Wall Art,2,496.14,992.28,252.97,"Keith Simpson | Montpelier, Vermont",691
693,11-05-24,Gregory Sanchez,San Diego,California,West,United States,Clothing & Apparel,Women's Wear,Zara Blouse,4,105.06,420.24,132.74,"Gregory Sanchez | San Diego, California",692
694,07-25-23,Kenneth Lang,Phoenix,Arizona,West,United States,Clothing & Apparel,Women's Wear,Zara Blouse,1,168.05,168.05,62.92,"Kenneth Lang | Phoenix, Arizona",693
695,03-15-24,Andrea Gomez,Augusta,Maine,East,United States,Electronics,Tablets,Samsung Galaxy Tab,1,773.05,773.05,123.77,"Andrea Gomez | Augusta, Maine",694
696,06-02-24,Emily Edwards,Casper,Wyoming,West,United States,Electronics,Tablets,iPad Pro,1,437.13,437.13,72.1,"Emily Edwards | Casper, Wyoming",695
697,08-25-24,Barry Phelps,Newark,New Jersey,East,United States,Home & Furniture,Home Decor,Throw Pillows,1,225.83,225.83,39.79,"Barry Phelps | Newark, New Jersey",696
698,06-06-24,Brandon Harris,New York City,New York,East,United States,Electronics,Laptops,MacBook Air,3,1259.02,3777.06,559.92,"Brandon Harris | New York City, New York",697
699,11-28-24,Meghan Mullins,Boise,Idaho,West,United States,Electronics,Laptops,MacBook Air,2,859.07,1718.14,260.93,"Meghan Mullins | Boise, Idaho",698
700,12-06-23,Bryan Townsend,Jacksonville,Florida,South,United States,Home & Furniture,Storage,Storage Rack,1,70.53,70.53,17.35,"Bryan Townsend | Jacksonville, Florida",699
701,07-13-24,David Williams,Aurora,Illinois,Centre,United States,Home & Furniture,Storage,Closet Organizer,1,139.19,139.19,21.17,"David Williams | Aurora, Illinois",700
702,09-21-23,Laurie Jones,Grand Rapids,Michigan,Centre,United States,Electronics,Smartphones,Google Pixel 7,2,406.78,813.56,123.55,"Laurie Jones | Grand Rapids, Michigan",701
703,11-08-23,Joshua Ware,Newark,New Jersey,East,United States,Clothing & Apparel,Women's Wear,Zara Blouse,1,169.78,169.78,53.7,"Joshua Ware | Newark, New Jersey",702
704,08-17-23,Travis Newton,Austin,Texas,South,United States,Clothing & Apparel,Women's Wear,Zara Blouse,1,205.1,205.1,51.4,"Travis Newton | Austin, Texas",703
705,10-05-23,Anthony Huffman,Nashville,Tennessee,South,United States,Electronics,Smartphones,Samsung Galaxy S23,5,958.02,4790.1,449.51,"Anthony Huffman | Nashville, Tennessee",704
706,11-22-23,Joseph Hall,Detroit,Michigan,Centre,United States,Home & Furniture,Kitchenware,Instant Pot,1,769.61,769.61,145.09,"Joseph Hall | Detroit, Michigan",705
707,09-09-24,Michele Hobbs PhD,Sacramento,California,West,United States,Clothing & Apparel,Kids Wear,Children's Hoodie,1,111.26,111.26,27.75,"Michele Hobbs PhD | Sacramento, California",706
708,11-17-23,Taylor Reed,Topeka,Kansas,Centre,United States,Accessories,Bags,Backpack,2,51.92,103.84,18.72,"Taylor Reed | Topeka, Kansas",707
709,12-12-24,Allen Matthews,Indianapolis,Indiana,Centre,United States,Clothing & Apparel,Sportswear,Nike Air Force 1,2,393.28,786.56,271.51,"Allen Matthews | Indianapolis, Indiana",708
710,10-09-23,Benjamin Reeves,Jersey City,New Jersey,East,United States,Electronics,Smartphones,Apple iPhone 14,3,1059.04,3177.12,616.89,"Benjamin Reeves | Jersey City, New Jersey",709
711,09-09-24,Eric Wilson,Augusta,Maine,East,United States,Home & Furniture,Home Decor,Throw Pillows,1,817.37,817.37,283.17,"Eric Wilson | Augusta, Maine",710
712,11-24-23,Jennifer Hurst,Manchester,New Hampshire,East,United States,Electronics,TVs & Audio,Sony Bravia TV,1,641.28,641.28,95.54,"Jennifer Hurst | Manchester, New Hampshire",711
713,10-08-23,Max Allen,Gulfport,Mississippi,South,United States,Clothing & Apparel,Women's Wear,Old Navy Dress,1,113.21,113.21,43.79,"Max Allen | Gulfport, Mississippi",712
714,08-18-24,Christopher Roth,Augusta,Maine,East,United States,Home & Furniture,Home Decor,Throw Pillows,1,188.11,188.11,26.97,"Christopher Roth | Augusta, Maine",713
715,07-12-24,Frank Pope,Chandler,Arizona,West,United States,Clothing & Apparel,Sportswear,Adidas Tracksuit,1,173.61,173.61,48.76,"Frank Pope | Chandler, Arizona",714
716,12-15-23,Cassandra Barnes,Virginia Beach,Virginia,South,United States,Home & Furniture,Storage,Storage Rack,2,595.81,1191.62,233.44,"Cassandra Barnes | Virginia Beach, Virginia",715
717,10-25-23,Susan Haynes,St. Paul,Minnesota,Centre,United States,Accessories,Bags,Wallet,1,108.3,108.3,41.56,"Susan Haynes | St. Paul, Minnesota",716
718,11-13-23,Susan Browning,Tuscaloosa,Alabama,South,United States,Home & Furniture,Storage,Closet Organizer,3,299.84,899.52,123.46,"Susan Browning | Tuscaloosa, Alabama",717
719,12-03-23,Richard Blake,San Francisco,California,West,United States,Accessories,Bags,Wallet,1,77.96,77.96,25.57,"Richard Blake | San Francisco, California",718
720,11-17-24,Rhonda Lloyd,San Diego,California,West,United States,Accessories,Small Electronics,Phone Case,3,206.07,618.21,147.47,"Rhonda Lloyd | San Diego, California",719
721,12-08-24,Daniel Kelley,Worcester,Massachusetts,East,United States,Clothing & Apparel,Kids Wear,Children's Hoodie,1,242.29,242.29,76.43,"Daniel Kelley | Worcester, Massachusetts",720
722,01-26-23,Haley Robertson,Cincinnati,Ohio,Centre,United States,Electronics,Wearables,Apple Watch,2,272.18,544.36,81.3,"Haley Robertson | Cincinnati, Ohio",721
723,11-30-23,Rebekah Clark,Newark,New Jersey,East,United States,Home & Furniture,Furniture,Ashley Recliner,1,659.1,659.1,111.83,"Rebekah Clark | Newark, New Jersey",722
724,09-05-23,Angela Griffith,Sacramento,California,West,United States,Electronics,Tablets,iPad Pro,1,420.54,420.54,82.96,"Angela Griffith | Sacramento, California",723
725,11-11-24,Jennifer Taylor,Huntington,West Virginia,South,United States,Clothing & Apparel,Men's Wear,GAP Hoodie,2,222.67,445.34,98.04,"Jennifer Taylor | Huntington, West Virginia",724
726,05-02-23,Robert Bishop,Detroit,Michigan,Centre,United States,Home & Furniture,Home Decor,Wall Art,2,328.27,656.54,153.92,"Robert Bishop | Detroit, Michigan",725
727,01-25-23,Timothy Reese,Des Moines,Iowa,Centre,United States,Home & Furniture,Home Decor,Throw Pillows,1,748.54,748.54,195.89,"Timothy Reese | Des Moines, Iowa",726
728,04-20-24,Marie Nelson,Annapolis,Maryland,East,United States,Home & Furniture,Home Decor,Throw Pillows,1,210.14,210.14,35.87,"Marie Nelson | Annapolis, Maryland",727
729,03-03-23,Lauren Brown,Annapolis,Maryland,East,United States,Electronics,Home Appliances,Dyson Vacuum,1,614.17,614.17,76.03,"Lauren Brown | Annapolis, Maryland",728
730,11-20-23,Olivia Cisneros,St. Paul,Minnesota,Centre,United States,Home & Furniture,Furniture,Office Chair,1,654.68,654.68,165.21,"Olivia Cisneros | St. Paul, Minnesota",729
731,11-03-23,Joseph Johnson,San Francisco,California,West,United States,Accessories,Bags,Backpack,2,132.74,265.48,82.3,"Joseph Johnson | San Francisco, California",730
732,12-14-24,Cynthia Rocha,Huntsville,Alabama,South,United States,Clothing & Apparel,Women's Wear,Old Navy Dress,3,262.9,788.7,331.46,"Cynthia Rocha | Huntsville, Alabama",731
733,05-25-24,Carolyn Murphy,San Francisco,California,West,United States,Accessories,Wearable Accessories,Belt,2,170.93,341.86,164.58,"Carolyn Murphy | San Francisco, California",732
734,08-26-23,Alexander Owen,Omaha,Nebraska,Centre,United States,Electronics,Smartphones,Samsung Galaxy S23,2,620.39,1240.78,114.15,"Alexander Owen | Omaha, Nebraska",733
735,12-20-23,John Johnson,Philadelphia,Pennsylvania,East,United States,Accessories,Small Electronics,Charging Cable,1,83.53,83.53,15.7,"John Johnson | Philadelphia, Pennsylvania",734
736,08-25-24,Maria Morris,Lincoln,Nebraska,Centre,United States,Electronics,Wearables,Apple Watch,1,489.73,489.73,48.92,"Maria Morris | Lincoln, Nebraska",735
737,07-09-23,Melissa Sullivan,Mobile,Alabama,South,United States,Electronics,Laptops,MacBook Air,5,1018.74,5093.7,954.49,"Melissa Sullivan | Mobile, Alabama",736
738,06-14-23,Virginia Douglas,Montpelier,Vermont,East,United States,Home & Furniture,Home Decor,Throw Pillows,1,251.1,251.1,85.73,"Virginia Douglas | Montpelier, Vermont",737
739,11-25-23,Cynthia Olson,Charleston,West Virginia,South,United States,Clothing & Apparel,Women's Wear,Old Navy Dress,2,94.97,189.94,38.37,"Cynthia Olson | Charleston, West Virginia",738
740,11-07-23,Jesse Cooper,Providence,Rhode Island,East,United States,Electronics,TVs & Audio,Sony Bravia TV,4,894.09,3576.36,668.4,"Jesse Cooper | Providence, Rhode Island",739
741,11-13-23,Melissa Tran,Madison,Wisconsin,Centre,United States,Accessories,Small Electronics,Charging Cable,3,102.27,306.81,126.87,"Melissa Tran | Madison, Wisconsin",740
742,02-21-23,Karen Lindsey,Sacramento,California,West,United States,Home & Furniture,Kitchenware,KitchenAid Mixer,4,273.12,1092.48,365.09,"Karen Lindsey | Sacramento, California",741
743,12-26-24,Bonnie Hicks,Philadelphia,Pennsylvania,East,United States,Clothing & Apparel,Sportswear,Nike Air Force 1,1,330.18,330.18,142.59,"Bonnie Hicks | Philadelphia, Pennsylvania",742
744,05-06-23,Frank Campbell,Santa Fe,New Mexico,West,United States,Accessories,Wearable Accessories,Sunglasses,2,197.71,395.42,98.49,"Frank Campbell | Santa Fe, New Mexico",743
745,09-03-24,Jennifer Stephens,Phoenix,Arizona,West,United States,Clothing & Apparel,Sportswear,Nike Air Force 1,1,94.25,94.25,25.53,"Jennifer Stephens | Phoenix, Arizona",744
746,06-04-24,John Robles,Baton Rouge,Louisiana,South,United States,Clothing & Apparel,Kids Wear,Carter's Onesie,2,19.78,39.56,9.16,"John Robles | Baton Rouge, Louisiana",745
747,11-03-23,David Cohen,Philadelphia,Pennsylvania,East,United States,Home & Furniture,Furniture,IKEA Sofa,2,1004.39,2008.78,360.44,"David Cohen | Philadelphia, Pennsylvania",746
748,07-23-24,Dr. Ronnie Allen DDS,Aurora,Illinois,Centre,United States,Clothing & Apparel,Kids Wear,Children's Hoodie,2,464.89,929.78,190.12,"Dr. Ronnie Allen DDS | Aurora, Illinois",747
749,05-12-23,Jennifer Palmer,Rochester,New York,East,United States,Home & Furniture,Home Decor,Throw Pillows,2,199.16,398.32,81.8,"Jennifer Palmer | Rochester, New York",748
750,09-28-24,Thomas Carroll,Topeka,Kansas,Centre,United States,Electronics,Tablets,Samsung Galaxy Tab,1,148.75,148.75,20.55,"Thomas Carroll | Topeka, Kansas",749
751,12-03-23,Brian Newton,Grand Rapids,Michigan,Centre,United States,Accessories,Small Electronics,Power Bank,2,78.54,157.08,60.96,"Brian Newton | Grand Rapids, Michigan",750
752,04-19-24,Christopher Morris,Burlington,Vermont,East,United States,Electronics,Wearables,Apple Watch,2,491.09,982.18,160.02,"Christopher Morris | Burlington, Vermont",751
753,08-04-23,Steven Williams,Chandler,Arizona,West,United States,Accessories,Wearable Accessories,Sunglasses,1,172.6,172.6,33.43,"Steven Williams | Chandler, Arizona",752
754,09-06-24,Gregory Jackson,Missoula,Montana,West,United States,Home & Furniture,Kitchenware,Instant Pot,4,491.17,1964.68,424.8,"Gregory Jackson | Missoula, Montana",753
755,11-11-24,Mrs. Angela Melton,Santa Fe,New Mexico,West,United States,Clothing & Apparel,Sportswear,Nike Air Force 1,2,354.67,709.34,262.75,"Mrs. Angela Melton | Santa Fe, New Mexico",754
756,02-14-24,Frank King,Manchester,New Hampshire,East,United States,Clothing & Apparel,Kids Wear,Children's Hoodie,1,123.59,123.59,37.1,"Frank King | Manchester, New Hampshire",755
757,06-17-23,Thomas Hall,Philadelphia,Pennsylvania,East,United States,Clothing & Apparel,Kids Wear,Carter's Onesie,1,376.67,376.67,129.38,"Thomas Hall | Philadelphia, Pennsylvania",756
758,07-24-23,Stephanie Thompson,Glendale,Arizona,West,United States,Clothing & Apparel,Men's Wear,Under Armour T-Shirt,1,230.15,230.15,62.45,"Stephanie Thompson | Glendale, Arizona",757
759,03-12-24,Matthew Andrews,Philadelphia,Pennsylvania,East,United States,Home & Furniture,Bedding,Tempur-Pedic Mattress,2,764.4,1528.8,523.68,"Matthew Andrews | Philadelphia, Pennsylvania",758
760,12-25-24,Gabriel Morris,Sioux Falls,South Dakota,Centre,United States,Clothing & Apparel,Kids Wear,Children's Hoodie,1,367.34,367.34,110.87,"Gabriel Morris | Sioux Falls, South Dakota",759
761,08-19-23,Kelly Holmes,Burlington,Vermont,East,United States,Home & Furniture,Storage,Closet Organizer,1,799.47,799.47,150.0,"Kelly Holmes | Burlington, Vermont",760
762,05-03-23,Christopher Quinn,Denver,Colorado,West,United States,Clothing & Apparel,Sportswear,Nike Air Force 1,2,140.23,280.46,83.44,"Christopher Quinn | Denver, Colorado",761
763,01-15-24,Dale Nelson,Billings,Montana,West,United States,Home & Furniture,Bedding,Tempur-Pedic Mattress,1,690.6,690.6,231.42,"Dale Nelson | Billings, Montana",762
764,10-03-24,Megan Elliott,Montgomery,Alabama,South,United States,Home & Furniture,Kitchenware,Instant Pot,1,69.58,69.58,14.39,"Megan Elliott | Montgomery, Alabama",763
765,09-21-24,Gary Morris,New York City,New York,East,United States,Electronics,TVs & Audio,LG OLED TV,3,619.03,1857.09,213.74,"Gary Morris | New York City, New York",764
766,07-02-23,Robert Harrison,San Francisco,California,West,United States,Electronics,Tablets,Samsung Galaxy Tab,1,192.23,192.23,18.77,"Robert Harrison | San Francisco, California",765
767,10-01-24,Mercedes Miller,Rochester,New York,East,United States,Clothing & Apparel,Women's Wear,Old Navy Dress,1,162.64,162.64,69.14,"Mercedes Miller | Rochester, New York",766
768,02-01-23,Holly Johnson,Augusta,Maine,East,United States,Home & Furniture,Storage,Storage Rack,1,288.29,288.29,94.39,"Holly Johnson | Augusta, Maine",767
769,12-29-23,Dustin Reyes,Boise,Idaho,West,United States,Clothing & Apparel,Women's Wear,Old Navy Dress,3,163.74,491.22,177.1,"Dustin Reyes | Boise, Idaho",768
770,05-08-23,Shelia Mason,San Diego,California,West,United States,Electronics,TVs & Audio,Bose Soundbar,2,231.69,463.38,70.21,"Shelia Mason | San Diego, California",769
771,07-12-24,Mark Cameron,Hartford,Connecticut,East,United States,Home & Furniture,Storage,Closet Organizer,1,289.84,289.84,35.79,"Mark Cameron | Hartford, Connecticut",770
772,11-09-23,Jason Humphrey,Spokane,Washington,West,United States,Accessories,Bags,Tote Bag,2,68.62,137.24,25.22,"Jason Humphrey | Spokane, Washington",771
773,07-29-23,Kimberly Cunningham,Cleveland,Ohio,Centre,United States,Electronics,Wearables,Apple Watch,1,402.04,402.04,58.15,"Kimberly Cunningham | Cleveland, Ohio",772
774,10-03-24,Tyler Tate,Salem,Oregon,West,United States,Clothing & Apparel,Kids Wear,Carter's Onesie,2,372.9,745.8,189.04,"Tyler Tate | Salem, Oregon",773
775,12-14-24,Scott Smith,Los Angeles,California,West,United States,Electronics,Smartphones,Samsung Galaxy S23,1,739.66,739.66,100.18,"Scott Smith | Los Angeles, California",774
776,11-29-24,Angela Clayton,Montpelier,Vermont,East,United States,Electronics,Home Appliances,Instant Pot,2,330.87,661.74,85.82,"Angela Clayton | Montpelier, Vermont",775
777,03-27-23,Michael Richard,Topeka,Kansas,Centre,United States,Clothing & Apparel,Sportswear,Nike Air Force 1,4,145.38,581.52,160.91,"Michael Richard | Topeka, Kansas",776
778,06-17-23,April Baker,Dover,Delaware,East,United States,Electronics,Laptops,MacBook Air,1,1295.09,1295.09,153.75,"April Baker | Dover, Delaware",777
779,11-20-23,Jessica Benson,Sacramento,California,West,United States,Home & Furniture,Kitchenware,Instant Pot,2,413.53,827.06,255.84,"Jessica Benson | Sacramento, California",778
780,11-25-23,Martin Pope DDS,Columbus,Ohio,Centre,United States,Accessories,Small Electronics,Power Bank,1,49.45,49.45,15.49,"Martin Pope DDS | Columbus, Ohio",779
781,01-13-23,Tammy Garcia,Missoula,Montana,West,United States,Electronics,Wearables,Apple Watch,2,786.08,1572.16,229.03,"Tammy Garcia | Missoula, Montana",780
782,11-12-23,Johnny Richardson,Rochester,New York,East,United States,Electronics,TVs & Audio,Bose Soundbar,2,543.16,1086.32,214.35,"Johnny Richardson | Rochester, New York",781
783,12-15-24,Diane Collier,Annapolis,Maryland,East,United States,Electronics,Laptops,Dell XPS 13,4,935.28,3741.12,341.33,"Diane Collier | Annapolis, Maryland",782
784,12-29-24,Julia Mayer,Augusta,Maine,East,United States,Electronics,Home Appliances,Instant Pot,1,551.95,551.95,83.5,"Julia Mayer | Augusta, Maine",783
785,11-17-24,Brian Dean,Tallahassee,Florida,South,United States,Clothing & Apparel,Men's Wear,Under Armour T-Shirt,1,247.7,247.7,97.14,"Brian Dean | Tallahassee, Florida",784
786,10-12-23,Garrett Barker,Kansas City,Missouri,Centre,United States,Electronics,TVs & Audio,Sony Bravia TV,3,341.98,1025.94,182.14,"Garrett Barker | Kansas City, Missouri",785
787,11-11-23,Susan Steele,St. Louis,Missouri,Centre,United States,Clothing & Apparel,Sportswear,Nike Air Force 1,1,395.71,395.71,82.05,"Susan Steele | St. Louis, Missouri",786
788,03-27-23,Courtney Gutierrez,Cincinnati,Ohio,Centre,United States,Clothing & Apparel,Women's Wear,Old Navy Dress,1,88.85,88.85,36.21,"Courtney Gutierrez | Cincinnati, Ohio",787
789,11-05-24,Michael Madden,Glendale,Arizona,West,United States,Electronics,TVs & Audio,LG OLED TV,2,726.87,1453.74,239.63,"Michael Madden | Glendale, Arizona",788
790,12-06-23,Veronica Mullen,Savannah,Georgia,South,United States,Clothing & Apparel,Sportswear,Nike Air Force 1,2,190.46,380.92,114.79,"Veronica Mullen | Savannah, Georgia",789
791,09-17-23,Ryan Elliott,Chandler,Arizona,West,United States,Clothing & Apparel,Women's Wear,Old Navy Dress,1,220.82,220.82,97.51,"Ryan Elliott | Chandler, Arizona",790
792,10-29-24,Angela Hunter,Providence,Rhode Island,East,United States,Clothing & Apparel,Women's Wear,Zara Blouse,2,58.66,117.32,39.35,"Angela Hunter | Providence, Rhode Island",791
793,06-23-23,Sandra Lambert,Sioux Falls,South Dakota,Centre,United States,Electronics,Laptops,MacBook Air,1,809.87,809.87,149.87,"Sandra Lambert | Sioux Falls, South Dakota",792
794,11-26-24,Frank Miles,Baltimore,Maryland,East,United States,Home & Furniture,Furniture,Office Chair,7,555.6,3889.2,1033.45,"Frank Miles | Baltimore, Maryland",793
795,01-20-23,Tracy Mcfarland,Boston,Massachusetts,East,United States,Accessories,Small Electronics,Charging Cable,1,96.49,96.49,37.29,"Tracy Mcfarland | Boston, Massachusetts",794
796,05-21-23,Dylan Phillips,Missoula,Montana,West,United States,Accessories,Wearable Accessories,Watch Strap,1,217.72,217.72,65.05,"Dylan Phillips | Missoula, Montana",795
797,01-11-24,William Snyder,Salem,Oregon,West,United States,Electronics,Home Appliances,KitchenAid Mixer,1,775.98,775.98,135.27,"William Snyder | Salem, Oregon",796
798,03-11-24,Keith Vaughn,Salem,Oregon,West,United States,Electronics,Smartphones,Apple iPhone 14,2,691.35,1382.7,241.2,"Keith Vaughn | Salem, Oregon",797
799,09-06-23,David Ryan,Dallas,Texas,South,United States,Clothing & Apparel,Footwear,Nike Running Shoes,1,235.67,235.67,102.09,"David Ryan | Dallas, Texas",798
800,11-22-24,Johnathan Cooper,Providence,Rhode Island,East,United States,Electronics,Smartphones,Samsung Galaxy S23,1,258.51,258.51,30.66,"Johnathan Cooper | Providence, Rhode Island",799
801,11-19-24,Kathy Silva,Grand Rapids,Michigan,Centre,United States,Home & Furniture,Kitchenware,Instant Pot,4,412.81,1651.24,405.06,"Kathy Silva | Grand Rapids, Michigan",800
802,01-26-23,Jennifer Williams,Lincoln,Nebraska,Centre,United States,Electronics,Wearables,Apple Watch,4,162.43,649.72,129.05,"Jennifer Williams | Lincoln, Nebraska",801
803,09-26-23,Bryan Booth,Nashville,Tennessee,South,United States,Clothing & Apparel,Footwear,Nike Running Shoes,1,61.36,61.36,18.89,"Bryan Booth | Nashville, Tennessee",802
804,05-29-24,David Smith,New York City,New York,East,United States,Clothing & Apparel,Women's Wear,Old Navy Dress,1,335.65,335.65,140.83,"David Smith | New York City, New York",803
805,03-23-24,Matthew Hart Jr.,Tuscaloosa,Alabama,South,United States,Accessories,Wearable Accessories,Sunglasses,1,79.48,79.48,37.22,"Matthew Hart Jr. | Tuscaloosa, Alabama",804
806,06-21-24,Erin Johnson,Baltimore,Maryland,East,United States,Accessories,Wearable Accessories,Watch Strap,2,172.33,344.66,107.69,"Erin Johnson | Baltimore, Maryland",805
807,10-30-23,Michael Black MD,Madison,Wisconsin,Centre,United States,Electronics,Tablets,Samsung Galaxy Tab,1,728.37,728.37,104.66,"Michael Black MD | Madison, Wisconsin",806
808,11-14-23,Vincent Oneal,Reno,Nevada,West,United States,Clothing & Apparel,Footwear,Nike Running Shoes,2,439.02,878.04,304.44,"Vincent Oneal | Reno, Nevada",807
809,03-31-23,Pamela Little,Wichita,Kansas,Centre,United States,Clothing & Apparel,Men's Wear,Under Armour T-Shirt,1,71.89,71.89,26.23,"Pamela Little | Wichita, Kansas",808
810,02-16-24,James Kelly,Fargo,North Dakota,Centre,United States,Electronics,Smartphones,Apple iPhone 14,2,790.48,1580.96,136.94,"James Kelly | Fargo, North Dakota",809
811,11-10-24,Vanessa Waters,Miami,Florida,South,United States,Clothing & Apparel,Women's Wear,Old Navy Dress,2,35.26,70.52,18.3,"Vanessa Waters | Miami, Florida",810
812,12-08-24,Madison Lara,San Diego,California,West,United States,Home & Furniture,Bedding,Brooklinen Sheets,2,705.42,1410.84,269.49,"Madison Lara | San Diego, California",811
813,01-29-23,Craig Brooks,St. Paul,Minnesota,Centre,United States,Clothing & Apparel,Footwear,Timberland Boots,2,111.84,223.68,64.24,"Craig Brooks | St. Paul, Minnesota",812
814,04-12-23,Timothy Green,New York City,New York,East,United States,Electronics,Laptops,MacBook Air,4,970.9,3883.6,441.09,"Timothy Green | New York City, New York",813
815,12-18-24,Rhonda Green,Salem,Oregon,West,United States,Electronics,Home Appliances,Instant Pot,3,220.72,662.16,118.08,"Rhonda Green | Salem, Oregon",814
816,12-10-23,John Underwood,Jersey City,New Jersey,East,United States,Electronics,Laptops,MacBook Air,1,1278.53,1278.53,162.97,"John Underwood | Jersey City, New Jersey",815
817,05-26-24,David Haley,Bismarck,North Dakota,Centre,United States,Electronics,TVs & Audio,Sony Bravia TV,3,745.68,2237.04,365.63,"David Haley | Bismarck, North Dakota",816
818,12-04-24,Derrick Newton,Baltimore,Maryland,East,United States,Electronics,Wearables,Apple Watch,1,320.83,320.83,41.17,"Derrick Newton | Baltimore, Maryland",817
819,03-09-23,Deborah Waters,Salt Lake City,Utah,West,United States,Accessories,Wearable Accessories,Watch Strap,1,145.94,145.94,65.43,"Deborah Waters | Salt Lake City, Utah",818
820,07-28-23,Shannon Wilson,Aurora,Illinois,Centre,United States,Accessories,Small Electronics,Phone Case,2,149.95,299.9,133.92,"Shannon Wilson | Aurora, Illinois",819
821,05-30-24,Andrea Gibson,Savannah,Georgia,South,United States,Clothing & Apparel,Women's Wear,Old Navy Dress,1,363.0,363.0,148.8,"Andrea Gibson | Savannah, Georgia",820
822,11-07-23,Michael Kelly,Burlington,Vermont,East,United States,Electronics,Wearables,Apple Watch,1,248.05,248.05,32.52,"Michael Kelly | Burlington, Vermont",821
823,12-12-24,James Roman,Chandler,Arizona,West,United States,Accessories,Small Electronics,Power Bank,1,211.44,211.44,61.38,"James Roman | Chandler, Arizona",822
824,11-05-24,Mark Clark,Providence,Rhode Island,East,United States,Home & Furniture,Bedding,Brooklinen Sheets,1,418.57,418.57,78.57,"Mark Clark | Providence, Rhode Island",823
825,08-11-23,Karina Burton,St. Louis,Missouri,Centre,United States,Clothing & Apparel,Kids Wear,Children's Hoodie,1,33.7,33.7,9.87,"Karina Burton | St. Louis, Missouri",824
826,10-13-24,Juan Costa,Omaha,Nebraska,Centre,United States,Clothing & Apparel,Footwear,Crocs,3,287.19,861.57,364.79,"Juan Costa | Omaha, Nebraska",825
827,12-25-23,David Manning,San Antonio,Texas,South,United States,Clothing & Apparel,Footwear,Nike Running Shoes,1,204.36,204.36,71.94,"David Manning | San Antonio, Texas",826
828,09-30-23,David Smith MD,Chandler,Arizona,West,United States,Accessories,Small Electronics,Charging Cable,1,46.59,46.59,19.79,"David Smith MD | Chandler, Arizona",827
829,07-06-23,Nancy Santiago,Glendale,Arizona,West,United States,Clothing & Apparel,Sportswear,Adidas Tracksuit,2,424.06,848.12,271.12,"Nancy Santiago | Glendale, Arizona",828
830,08-01-23,Cody Berry,Las Vegas,Nevada,West,United States,Home & Furniture,Kitchenware,Instant Pot,5,573.92,2869.6,966.23,"Cody Berry | Las Vegas, Nevada",829
831,11-21-23,Kenneth Richardson,Wilmington,Delaware,East,United States,Clothing & Apparel,Men's Wear,Under Armour T-Shirt,2,319.01,638.02,166.71,"Kenneth Richardson | Wilmington, Delaware",830
832,08-03-24,Jessica Ramirez,St. Louis,Missouri,Centre,United States,Home & Furniture,Home Decor,Throw Pillows,2,537.7,1075.4,238.04,"Jessica Ramirez | St. Louis, Missouri",831
833,10-27-24,Samuel Holmes DDS,Phoenix,Arizona,West,United States,Clothing & Apparel,Kids Wear,Children's Hoodie,1,52.43,52.43,14.29,"Samuel Holmes DDS | Phoenix, Arizona",832
834,12-02-24,Joshua Johnson,Philadelphia,Pennsylvania,East,United States,Electronics,TVs & Audio,Bose Soundbar,4,480.18,1920.72,195.46,"Joshua Johnson | Philadelphia, Pennsylvania",833
835,10-21-23,Nicole Boone,Salt Lake City,Utah,West,United States,Clothing & Apparel,Sportswear,Nike Air Force 1,1,119.29,119.29,42.67,"Nicole Boone | Salt Lake City, Utah",834
836,05-20-23,Michelle Salazar,Austin,Texas,South,United States,Clothing & Apparel,Women's Wear,Old Navy Dress,1,103.25,103.25,45.12,"Michelle Salazar | Austin, Texas",835
837,03-23-23,Haley Newman,Providence,Rhode Island,East,United States,Home & Furniture,Kitchenware,KitchenAid Mixer,1,590.28,590.28,137.19,"Haley Newman | Providence, Rhode Island",836
838,08-23-24,Gregory Foley,Montpelier,Vermont,East,United States,Electronics,TVs & Audio,Bose Soundbar,1,117.92,117.92,18.9,"Gregory Foley | Montpelier, Vermont",837
839,05-13-23,Wesley White,Fargo,North Dakota,Centre,United States,Electronics,Wearables,Apple Watch,2,307.26,614.52,98.46,"Wesley White | Fargo, North Dakota",838
840,12-02-23,Jeffrey Thomas,Baltimore,Maryland,East,United States,Electronics,Home Appliances,KitchenAid Mixer,2,564.96,1129.92,211.7,"Jeffrey Thomas | Baltimore, Maryland",839
841,05-12-23,Alyssa Adams,Tallahassee,Florida,South,United States,Clothing & Apparel,Footwear,Nike Running Shoes,3,222.16,666.48,228.32,"Alyssa Adams | Tallahassee, Florida",840
842,01-14-23,Jonathan Wilson,Virginia Beach,Virginia,South,United States,Home & Furniture,Furniture,Ashley Recliner,1,533.35,533.35,110.41,"Jonathan Wilson | Virginia Beach, Virginia",841
843,11-24-23,Emily Gardner,Nashua,New Hampshire,East,United States,Electronics,Smartphones,Google Pixel 7,1,488.63,488.63,70.68,"Emily Gardner | Nashua, New Hampshire",842
844,11-03-23,Steven Mills,Fort Wayne,Indiana,Centre,United States,Accessories,Bags,Wallet,1,175.59,175.59,86.45,"Steven Mills | Fort Wayne, Indiana",843
845,10-25-24,Rita Lopez,Burlington,Vermont,East,United States,Electronics,Tablets,iPad Pro,3,323.47,970.41,102.74,"Rita Lopez | Burlington, Vermont",844
846,08-28-23,Zoe Lee,Spokane,Washington,West,United States,Accessories,Bags,Wallet,1,53.47,53.47,10.3,"Zoe Lee | Spokane, Washington",845
847,05-19-23,Mrs. Mary Bennett,Knoxville,Tennessee,South,United States,Home & Furniture,Storage,Closet Organizer,2,590.56,1181.12,354.1,"Mrs. Mary Bennett | Knoxville, Tennessee",846
848,04-20-24,Colton Long,Tampa,Florida,South,United States,Clothing & Apparel,Footwear,Nike Running Shoes,4,261.99,1047.96,261.19,"Colton Long | Tampa, Florida",847
849,02-17-23,Kimberly Hall,Las Vegas,Nevada,West,United States,Home & Furniture,Home Decor,Wall Art,2,700.63,1401.26,344.75,"Kimberly Hall | Las Vegas, Nevada",848
850,05-05-23,Crystal Meyers,Cincinnati,Ohio,Centre,United States,Electronics,Tablets,iPad Pro,2,652.32,1304.64,110.4,"Crystal Meyers | Cincinnati, Ohio",849
851,11-06-24,Douglas Simmons,Detroit,Michigan,Centre,United States,Home & Furniture,Furniture,IKEA Sofa,2,681.57,1363.14,313.22,"Douglas Simmons | Detroit, Michigan",850
852,03-07-24,Miss Lisa Anderson,Orlando,Florida,South,United States,Clothing & Apparel,Sportswear,Nike Air Force 1,1,362.07,362.07,74.01,"Miss Lisa Anderson | Orlando, Florida",851
853,01-28-23,Joseph Harris,Los Angeles,California,West,United States,Clothing & Apparel,Sportswear,Nike Air Force 1,1,350.47,350.47,101.47,"Joseph Harris | Los Angeles, California",852
854,03-11-24,Mark Davis,Santa Fe,New Mexico,West,United States,Electronics,Laptops,Dell XPS 13,1,130.79,130.79,11.11,"Mark Davis | Santa Fe, New Mexico",853
855,03-05-23,Timothy Hart,St. Louis,Missouri,Centre,United States,Home & Furniture,Home Decor,Throw Pillows,2,249.74,499.48,66.14,"Timothy Hart | St. Louis, Missouri",854
856,02-03-24,Barbara Hughes,Providence,Rhode Island,East,United States,Electronics,Smartphones,Apple iPhone 14,1,631.9,631.9,121.72,"Barbara Hughes | Providence, Rhode Island",855
857,02-25-23,Mary Miller,Wilmington,Delaware,East,United States,Electronics,Wearables,Fitbit Charge,1,222.07,222.07,26.11,"Mary Miller | Wilmington, Delaware",856
858,11-20-23,John Gonzales,Jersey City,New Jersey,East,United States,Clothing & Apparel,Footwear,Timberland Boots,1,28.74,28.74,6.4,"John Gonzales | Jersey City, New Jersey",857
859,04-10-24,Sara Hunt,Boise,Idaho,West,United States,Home & Furniture,Home Decor,Throw Pillows,1,793.2,793.2,254.54,"Sara Hunt | Boise, Idaho",858
860,08-27-23,Eduardo Prince,Spokane,Washington,West,United States,Clothing & Apparel,Women's Wear,Zara Blouse,1,209.85,209.85,91.73,"Eduardo Prince | Spokane, Washington",859
861,12-15-24,Joseph Gonzalez,Reno,Nevada,West,United States,Home & Furniture,Kitchenware,Instant Pot,1,414.28,414.28,65.27,"Joseph Gonzalez | Reno, Nevada",860
862,10-30-24,Katie Briggs,Nashua,New Hampshire,East,United States,Clothing & Apparel,Women's Wear,Zara Blouse,3,48.1,144.3,30.08,"Katie Briggs | Nashua, New Hampshire",861
863,07-10-24,Martin James,Columbia,South Carolina,South,United States,Accessories,Small Electronics,Charging Cable,3,72.1,216.3,50.69,"Martin James | Columbia, South Carolina",862
864,05-25-24,Scott Ramos,San Francisco,California,West,United States,Home & Furniture,Furniture,Office Chair,2,490.63,981.26,161.35,"Scott Ramos | San Francisco, California",863
865,03-11-24,Carrie Dougherty,Detroit,Michigan,Centre,United States,Clothing & Apparel,Footwear,Crocs,2,154.38,308.76,134.02,"Carrie Dougherty | Detroit, Michigan",864
866,07-02-23,Susan Howe,Reno,Nevada,West,United States,Home & Furniture,Storage,Closet Organizer,1,720.94,720.94,135.58,"Susan Howe | Reno, Nevada",865
867,08-12-23,Kelli Smith,Philadelphia,Pennsylvania,East,United States,Accessories,Small Electronics,Power Bank,2,98.66,197.32,58.43,"Kelli Smith | Philadelphia, Pennsylvania",866
868,03-02-23,Luke Adams,Chandler,Arizona,West,United States,Accessories,Wearable Accessories,Sunglasses,1,100.13,100.13,31.32,"Luke Adams | Chandler, Arizona",867
869,11-19-23,Sara Ruiz,Billings,Montana,West,United States,Accessories,Bags,Tote Bag,3,165.63,496.89,133.52,"Sara Ruiz | Billings, Montana",868
870,06-09-23,Shannon Pena,Baltimore,Maryland,East,United States,Home & Furniture,Home Decor,Throw Pillows,1,779.65,779.65,183.53,"Shannon Pena | Baltimore, Maryland",869
871,11-08-24,Kayla Beard,Aurora,Illinois,Centre,United States,Clothing & Apparel,Footwear,Crocs,3,236.84,710.52,260.33,"Kayla Beard | Aurora, Illinois",870
872,11-23-23,Emily Rodriguez,Nashville,Tennessee,South,United States,Home & Furniture,Bedding,Tempur-Pedic Mattress,1,450.5,450.5,60.46,"Emily Rodriguez | Nashville, Tennessee",871
873,07-10-24,Raymond Lopez,Reno,Nevada,West,United States,Electronics,Tablets,Samsung Galaxy Tab,2,266.8,533.6,74.94,"Raymond Lopez | Reno, Nevada",872
874,08-22-24,Laura Chang,Minneapolis,Minnesota,Centre,United States,Home & Furniture,Home Decor,Throw Pillows,1,852.67,852.67,194.93,"Laura Chang | Minneapolis, Minnesota",873
875,06-20-23,Richard Simmons,Grand Rapids,Michigan,Centre,United States,Electronics,Wearables,Fitbit Charge,1,911.0,911.0,173.52,"Richard Simmons | Grand Rapids, Michigan",874
876,11-10-23,Samantha Moore,Cheyenne,Wyoming,West,United States,Home & Furniture,Home Decor,Throw Pillows,1,644.86,644.86,101.3,"Samantha Moore | Cheyenne, Wyoming",875
877,05-16-23,Jennifer Arnold,Albuquerque,New Mexico,West,United States,Home & Furniture,Home Decor,Vase,1,515.43,515.43,79.49,"Jennifer Arnold | Albuquerque, New Mexico",876
878,03-20-23,Jackson Nguyen,Portland,Oregon,West,United States,Clothing & Apparel,Footwear,Crocs,1,319.29,319.29,89.08,"Jackson Nguyen | Portland, Oregon",877
879,12-17-24,Diana Allen,Virginia Beach,Virginia,South,United States,Clothing & Apparel,Sportswear,Adidas Tracksuit,1,344.5,344.5,84.69,"Diana Allen | Virginia Beach, Virginia",878
880,04-30-24,Albert Gonzalez,San Francisco,California,West,United States,Electronics,Home Appliances,KitchenAid Mixer,1,908.47,908.47,130.73,"Albert Gonzalez | San Francisco, California",879
881,04-05-23,Paul Rhodes,Tampa,Florida,South,United States,Clothing & Apparel,Women's Wear,Zara Blouse,2,323.7,647.4,203.83,"Paul Rhodes | Tampa, Florida",880
882,11-23-24,Nicole Sullivan,San Jose,California,West,United States,Accessories,Bags,Backpack,2,241.32,482.64,226.69,"Nicole Sullivan | San Jose, California",881
883,09-06-23,Ian Peterson,Salt Lake City,Utah,West,United States,Home & Furniture,Home Decor,Vase,2,607.64,1215.28,274.46,"Ian Peterson | Salt Lake City, Utah",882
884,10-20-24,Anna Butler,Philadelphia,Pennsylvania,East,United States,Home & Furniture,Furniture,IKEA Sofa,4,786.86,3147.44,491.72,"Anna Butler | Philadelphia, Pennsylvania",883
885,07-01-24,Ashley Sanchez,Casper,Wyoming,West,United States,Clothing & Apparel,Kids Wear,Children's Hoodie,3,341.04,1023.12,354.16,"Ashley Sanchez | Casper, Wyoming",884
886,06-15-24,Charles Garcia,Boston,Massachusetts,East,United States,Clothing & Apparel,Footwear,Crocs,1,272.12,272.12,96.08,"Charles Garcia | Boston, Massachusetts",885
887,07-26-23,Jacqueline Robinson,Portland,Oregon,West,United States,Accessories,Small Electronics,Phone Case,1,91.54,91.54,24.01,"Jacqueline Robinson | Portland, Oregon",886
888,01-29-23,Kimberly Gray,Chicago,Illinois,Centre,United States,Electronics,Smartphones,Apple iPhone 14,1,1037.72,1037.72,129.99,"Kimberly Gray | Chicago, Illinois",887
889,11-16-23,Thomas Flynn,Philadelphia,Pennsylvania,East,United States,Clothing & Apparel,Kids Wear,Children's Hoodie,2,310.35,620.7,232.72,"Thomas Flynn | Philadelphia, Pennsylvania",888
890,11-20-23,Joseph Schneider,Nashua,New Hampshire,East,United States,Clothing & Apparel,Sportswear,Nike Air Force 1,4,359.2,1436.8,336.4,"Joseph Schneider | Nashua, New Hampshire",889
891,09-21-23,Jessica Anderson,Dover,Delaware,East,United States,Accessories,Bags,Backpack,1,225.47,225.47,82.95,"Jessica Anderson | Dover, Delaware",890
892,05-28-23,Andrew Scott,New Orleans,Louisiana,South,United States,Home & Furniture,Kitchenware,KitchenAid Mixer,1,150.75,150.75,24.08,"Andrew Scott | New Orleans, Louisiana",891
893,02-07-24,Kaitlyn Baker,Nashua,New Hampshire,East,United States,Home & Furniture,Home Decor,Wall Art,2,636.78,1273.56,382.05,"Kaitlyn Baker | Nashua, New Hampshire",892
894,09-22-23,Amy Johnston,Sacramento,California,West,United States,Accessories,Bags,Backpack,1,62.78,62.78,18.21,"Amy Johnston | Sacramento, California",893
895,11-29-24,James Moss,Las Vegas,Nevada,West,United States,Accessories,Bags,Backpack,3,80.57,241.71,54.94,"James Moss | Las Vegas, Nevada",894
896,11-17-23,Alexis Benson,Boston,Massachusetts,East,United States,Clothing & Apparel,Kids Wear,Children's Hoodie,1,359.23,359.23,92.97,"Alexis Benson | Boston, Massachusetts",895
897,05-04-23,Jennifer Hardy,Bismarck,North Dakota,Centre,United States,Clothing & Apparel,Footwear,Nike Running Shoes,1,370.96,370.96,134.15,"Jennifer Hardy | Bismarck, North Dakota",896
898,05-14-24,Lindsay Andrade,Tampa,Florida,South,United States,Electronics,Tablets,Samsung Galaxy Tab,1,122.66,122.66,14.9,"Lindsay Andrade | Tampa, Florida",897
899,10-26-24,Donald Blankenship,Milwaukee,Wisconsin,Centre,United States,Accessories,Bags,Wallet,4,93.98,375.92,89.95,"Donald Blankenship | Milwaukee, Wisconsin",898
900,08-16-24,Anthony Stevenson,Colorado Springs,Colorado,West,United States,Clothing & Apparel,Kids Wear,Carter's Onesie,3,213.73,641.19,284.82,"Anthony Stevenson | Colorado Springs, Colorado",899
901,12-23-24,Katherine Larson,Spokane,Washington,West,United States,Electronics,Wearables,Apple Watch,1,722.8,722.8,64.35,"Katherine Larson | Spokane, Washington",900
902,05-31-24,Carlos Richards,Wilmington,Delaware,East,United States,Clothing & Apparel,Men's Wear,Under Armour T-Shirt,1,97.3,97.3,24.6,"Carlos Richards | Wilmington, Delaware",901
903,12-12-24,Aaron Boyd,Houston,Texas,South,United States,Home & Furniture,Furniture,IKEA Sofa,1,773.07,773.07,251.96,"Aaron Boyd | Houston, Texas",902
904,10-12-24,Michael Grant,Virginia Beach,Virginia,South,United States,Clothing & Apparel,Men's Wear,Levi's Jeans,4,256.2,1024.8,460.97,"Michael Grant | Virginia Beach, Virginia",903
905,01-14-24,Amy Thomas,Jackson,Mississippi,South,United States,Clothing & Apparel,Men's Wear,Under Armour T-Shirt,2,277.61,555.22,208.6,"Amy Thomas | Jackson, Mississippi",904
906,10-11-23,Jacob Duncan,San Diego,California,West,United States,Accessories,Bags,Backpack,3,236.66,709.98,155.26,"Jacob Duncan | San Diego, California",905
907,04-23-24,Timothy Garner,Casper,Wyoming,West,United States,Clothing & Apparel,Sportswear,Adidas Tracksuit,3,231.91,695.73,202.02,"Timothy Garner | Casper, Wyoming",906
908,02-09-23,Megan French,Phoenix,Arizona,West,United States,Accessories,Small Electronics,Phone Case,3,222.65,667.95,231.77,"Megan French | Phoenix, Arizona",907
909,08-01-24,Christina Rivera,Indianapolis,Indiana,Centre,United States,Clothing & Apparel,Footwear,Nike Running Shoes,3,72.29,216.87,66.85,"Christina Rivera | Indianapolis, Indiana",908
910,03-21-24,Jeremiah Brown,Atlanta,Georgia,South,United States,Home & Furniture,Kitchenware,KitchenAid Mixer,3,468.85,1406.55,231.35,"Jeremiah Brown | Atlanta, Georgia",909
911,10-27-24,Austin Patton,Memphis,Tennessee,South,United States,Clothing & Apparel,Women's Wear,Old Navy Dress,3,25.91,77.73,22.74,"Austin Patton | Memphis, Tennessee",910
912,12-24-24,Shawn Thompson,Manchester,New Hampshire,East,United States,Electronics,Tablets,Samsung Galaxy Tab,1,113.39,113.39,13.86,"Shawn Thompson | Manchester, New Hampshire",911
913,11-03-24,Justin White,Burlington,Vermont,East,United States,Electronics,Smartphones,Apple iPhone 14,1,1226.3,1226.3,157.1,"Justin White | Burlington, Vermont",912
914,09-22-23,Deborah Edwards,Detroit,Michigan,Centre,United States,Clothing & Apparel,Men's Wear,GAP Hoodie,4,396.88,1587.52,666.74,"Deborah Edwards | Detroit, Michigan",913
915,05-12-23,Mark Montgomery,Springfield,Illinois,Centre,United States,Accessories,Small Electronics,Charging Cable,3,91.12,273.36,50.41,"Mark Montgomery | Springfield, Illinois",914
916,03-11-24,Kimberly Anderson,Philadelphia,Pennsylvania,East,United States,Electronics,Tablets,iPad Pro,5,416.92,2084.6,314.01,"Kimberly Anderson | Philadelphia, Pennsylvania",915
917,11-20-23,Krystal Pugh,Portland,Oregon,West,United States,Electronics,Home Appliances,Instant Pot,3,715.53,2146.59,266.93,"Krystal Pugh | Portland, Oregon",916
918,01-16-24,Melissa Moore,Rochester,New York,East,United States,Home & Furniture,Bedding,Tempur-Pedic Mattress,1,867.22,867.22,134.05,"Melissa Moore | Rochester, New York",917
919,11-30-24,Shawn Roberson,New Haven,Connecticut,East,United States,Home & Furniture,Kitchenware,KitchenAid Mixer,2,612.73,1225.46,327.54,"Shawn Roberson | New Haven, Connecticut",918
920,10-27-24,Christopher Harrison,Huntsville,Alabama,South,United States,Accessories,Small Electronics,Charging Cable,1,183.47,183.47,36.38,"Christopher Harrison | Huntsville, Alabama",919
921,11-08-24,Melissa Ortiz,Springfield,Illinois,Centre,United States,Home & Furniture,Furniture,IKEA Sofa,1,1028.65,1028.65,135.0,"Melissa Ortiz | Springfield, Illinois",920
922,07-23-24,Steven Cardenas,Montpelier,Vermont,East,United States,Home & Furniture,Furniture,Ashley Recliner,1,835.34,835.34,148.99,"Steven Cardenas | Montpelier, Vermont",921
923,11-30-23,Johnny Hernandez,Worcester,Massachusetts,East,United States,Electronics,Tablets,Samsung Galaxy Tab,2,268.45,536.9,81.11,"Johnny Hernandez | Worcester, Massachusetts",922
924,08-04-23,Andrea Hurst,Topeka,Kansas,Centre,United States,Home & Furniture,Furniture,Ashley Recliner,1,509.98,509.98,95.96,"Andrea Hurst | Topeka, Kansas",923
925,11-02-23,Stephen Jones,Newark,New Jersey,East,United States,Clothing & Apparel,Men's Wear,Levi's Jeans,4,101.21,404.84,95.94,"Stephen Jones | Newark, New Jersey",924
926,11-18-24,Donna Chavez,Fort Smith,Arkansas,South,United States,Accessories,Small Electronics,Phone Case,1,185.37,185.37,74.65,"Donna Chavez | Fort Smith, Arkansas",925
927,07-23-24,Angela Johnson,Chicago,Illinois,Centre,United States,Clothing & Apparel,Women's Wear,Zara Blouse,2,115.01,230.02,78.71,"Angela Johnson | Chicago, Illinois",926
928,10-20-23,Megan Brown,Fargo,North Dakota,Centre,United States,Clothing & Apparel,Women's Wear,Old Navy Dress,2,136.71,273.42,109.39,"Megan Brown | Fargo, North Dakota",927
929,02-17-24,Lauren Johnson,Boise,Idaho,West,United States,Home & Furniture,Bedding,Tempur-Pedic Mattress,3,773.26,2319.78,489.12,"Lauren Johnson | Boise, Idaho",928
930,09-10-23,Amy Williams,Cincinnati,Ohio,Centre,United States,Clothing & Apparel,Sportswear,Adidas Tracksuit,1,340.36,340.36,149.28,"Amy Williams | Cincinnati, Ohio",929
931,03-07-23,Tracey White,Fort Smith,Arkansas,South,United States,Clothing & Apparel,Sportswear,Nike Air Force 1,2,195.25,390.5,116.69,"Tracey White | Fort Smith, Arkansas",930
932,12-20-23,Shawn Farley,Albuquerque,New Mexico,West,United States,Electronics,Home Appliances,Instant Pot,2,731.37,1462.74,265.52,"Shawn Farley | Albuquerque, New Mexico",931
933,09-19-24,James Rodriguez,Burlington,Vermont,East,United States,Electronics,Laptops,Dell XPS 13,4,887.61,3550.44,621.11,"James Rodriguez | Burlington, Vermont",932
934,03-08-23,Eric Davis,Jersey City,New Jersey,East,United States,Electronics,Home Appliances,Instant Pot,2,790.08,1580.16,291.69,"Eric Davis | Jersey City, New Jersey",933
935,02-20-23,Chad Palmer,Cleveland,Ohio,Centre,United States,Electronics,Wearables,Apple Watch,2,106.16,212.32,39.29,"Chad Palmer | Cleveland, Ohio",934
936,07-05-23,Mark Church,Sioux Falls,South Dakota,Centre,United States,Electronics,Wearables,Apple Watch,4,373.84,1495.36,155.86,"Mark Church | Sioux Falls, South Dakota",935
937,05-19-24,John Johnson,Colorado Springs,Colorado,West,United States,Accessories,Bags,Wallet,2,225.79,451.58,223.37,"John Johnson | Colorado Springs, Colorado",936
938,01-30-24,Jesse Wilson,Jersey City,New Jersey,East,United States,Electronics,TVs & Audio,Sony Bravia TV,1,266.41,266.41,37.3,"Jesse Wilson | Jersey City, New Jersey",937
939,04-23-23,Anthony Harris,Providence,Rhode Island,East,United States,Electronics,Laptops,Lenovo ThinkPad,3,569.41,1708.23,312.67,"Anthony Harris | Providence, Rhode Island",938
940,11-09-23,Joseph Bell,Jackson,Mississippi,South,United States,Clothing & Apparel,Men's Wear,Under Armour T-Shirt,4,387.52,1550.08,494.17,"Joseph Bell | Jackson, Mississippi",939
941,01-27-24,Logan Coffey,Austin,Texas,South,United States,Electronics,Wearables,Apple Watch,3,916.55,2749.65,277.6,"Logan Coffey | Austin, Texas",940
942,11-20-23,Jordan Fitzgerald,Philadelphia,Pennsylvania,East,United States,Electronics,Tablets,iPad Pro,2,288.79,577.58,99.47,"Jordan Fitzgerald | Philadelphia, Pennsylvania",941
943,11-20-23,Alyssa Carroll,Santa Fe,New Mexico,West,United States,Clothing & Apparel,Sportswear,Nike Air Force 1,2,350.53,701.06,248.76,"Alyssa Carroll | Santa Fe, New Mexico",942
944,10-25-24,Amber Hansen,Columbus,Ohio,Centre,United States,Home & Furniture,Bedding,Tempur-Pedic Mattress,1,667.18,667.18,216.62,"Amber Hansen | Columbus, Ohio",943
945,07-27-23,Brenda Sullivan,Omaha,Nebraska,Centre,United States,Electronics,TVs & Audio,Sony Bravia TV,3,710.06,2130.18,379.46,"Brenda Sullivan | Omaha, Nebraska",944
946,01-25-24,Lucas Chambers,San Diego,California,West,United States,Clothing & Apparel,Women's Wear,Zara Blouse,1,334.08,334.08,118.83,"Lucas Chambers | San Diego, California",945
947,03-11-23,Tyler Patton,New Haven,Connecticut,East,United States,Electronics,Wearables,Apple Watch,4,398.95,1595.8,202.91,"Tyler Patton | New Haven, Connecticut",946
948,08-23-24,George Buchanan,Las Vegas,Nevada,West,United States,Clothing & Apparel,Women's Wear,Old Navy Dress,3,463.76,1391.28,560.99,"George Buchanan | Las Vegas, Nevada",947
949,06-28-24,Lauren Alexander,Birmingham,Alabama,South,United States,Accessories,Bags,Backpack,1,99.14,99.14,20.56,"Lauren Alexander | Birmingham, Alabama",948
950,12-22-24,Zachary Howe,Reno,Nevada,West,United States,Electronics,Wearables,Apple Watch,1,673.16,673.16,113.88,"Zachary Howe | Reno, Nevada",949
951,12-09-23,Phillip Lin,Fort Wayne,Indiana,Centre,United States,Home & Furniture,Storage,Closet Organizer,3,507.77,1523.31,397.06,"Phillip Lin | Fort Wayne, Indiana",950
952,11-30-24,Raymond Smith,Albuquerque,New Mexico,West,United States,Electronics,Smartphones,Apple iPhone 14,2,852.32,1704.64,142.73,"Raymond Smith | Albuquerque, New Mexico",951
953,02-24-23,Andrew Jennings,Omaha,Nebraska,Centre,United States,Clothing & Apparel,Kids Wear,Carter's Onesie,1,44.05,44.05,11.23,"Andrew Jennings | Omaha, Nebraska",952
954,05-14-23,Christine Brown,Rapid City,South Dakota,Centre,United States,Home & Furniture,Kitchenware,Instant Pot,1,781.92,781.92,148.32,"Christine Brown | Rapid City, South Dakota",953
955,07-02-24,David Banks,Las Vegas,Nevada,West,United States,Electronics,Laptops,MacBook Air,1,573.03,573.03,48.69,"David Banks | Las Vegas, Nevada",954
956,08-16-24,Sara Smith,Provo,Utah,West,United States,Electronics,Tablets,Samsung Galaxy Tab,1,761.57,761.57,118.26,"Sara Smith | Provo, Utah",955
957,12-04-24,Austin Richards,Provo,Utah,West,United States,Home & Furniture,Furniture,Dining Table Set,1,724.29,724.29,116.96,"Austin Richards | Provo, Utah",956
958,08-15-23,Melanie Padilla,Phoenix,Arizona,West,United States,Clothing & Apparel,Men's Wear,Levi's Jeans,1,75.9,75.9,22.44,"Melanie Padilla | Phoenix, Arizona",957
959,01-10-23,Christopher Garrett,Detroit,Michigan,Centre,United States,Home & Furniture,Furniture,Office Chair,2,252.27,504.54,107.06,"Christopher Garrett | Detroit, Michigan",958
960,12-20-23,Cheryl Dillon,Sioux Falls,South Dakota,Centre,United States,Clothing & Apparel,Sportswear,Adidas Tracksuit,1,425.66,425.66,145.1,"Cheryl Dillon | Sioux Falls, South Dakota",959
961,07-16-24,Kathleen Ramirez,Provo,Utah,West,United States,Home & Furniture,Storage,Closet Organizer,4,1048.53,4194.12,584.05,"Kathleen Ramirez | Provo, Utah",960
962,08-14-24,Todd Tucker,Kansas City,Missouri,Centre,United States,Accessories,Bags,Tote Bag,1,250.34,250.34,56.7,"Todd Tucker | Kansas City, Missouri",961
963,12-18-24,Mr. Isaiah Wright,Tuscaloosa,Alabama,South,United States,Home & Furniture,Storage,Closet Organizer,1,602.5,602.5,185.03,"Mr. Isaiah Wright | Tuscaloosa, Alabama",962
964,11-23-23,William Brown,Des Moines,Iowa,Centre,United States,Clothing & Apparel,Footwear,Nike Running Shoes,1,272.35,272.35,73.23,"William Brown | Des Moines, Iowa",963
965,07-15-23,Connie Gonzales,Boston,Massachusetts,East,United States,Clothing & Apparel,Sportswear,Nike Air Force 1,4,433.42,1733.68,682.2,"Connie Gonzales | Boston, Massachusetts",964
966,03-03-24,Samantha Price,Cheyenne,Wyoming,West,United States,Accessories,Wearable Accessories,Watch Strap,2,225.71,451.42,140.72,"Samantha Price | Cheyenne, Wyoming",965
967,11-21-23,James Anderson,Philadelphia,Pennsylvania,East,United States,Electronics,Smartphones,Samsung Galaxy S23,1,577.16,577.16,56.09,"James Anderson | Philadelphia, Pennsylvania",966
968,04-11-24,Steven Perez,Manchester,New Hampshire,East,United States,Clothing & Apparel,Men's Wear,Under Armour T-Shirt,4,298.26,1193.04,473.8,"Steven Perez | Manchester, New Hampshire",967
969,01-01-24,Alex Rodriguez,Louisville,Kentucky,South,United States,Home & Furniture,Storage,Storage Rack,1,721.89,721.89,153.88,"Alex Rodriguez | Louisville, Kentucky",968
970,06-24-24,Jon Little,Denver,Colorado,West,United States,Accessories,Wearable Accessories,Belt,1,104.02,104.02,48.07,"Jon Little | Denver, Colorado",969
971,11-18-24,Lee Woodard,Providence,Rhode Island,East,United States,Electronics,TVs & Audio,Sony Bravia TV,2,548.07,1096.14,107.14,"Lee Woodard | Providence, Rhode Island",970
972,10-07-24,James Mitchell,Memphis,Tennessee,South,United States,Electronics,Tablets,iPad Pro,1,521.15,521.15,87.94,"James Mitchell | Memphis, Tennessee",971
973,11-21-23,Diamond Jones,Manchester,New Hampshire,East,United States,Electronics,Laptops,Lenovo ThinkPad,1,260.93,260.93,45.93,"Diamond Jones | Manchester, New Hampshire",972
974,11-07-23,Danny Landry,Springfield,Illinois,Centre,United States,Clothing & Apparel,Kids Wear,Carter's Onesie,2,141.62,283.24,112.76,"Danny Landry | Springfield, Illinois",973
975,05-16-23,Amanda Weaver,Cedar Rapids,Iowa,Centre,United States,Accessories,Wearable Accessories,Sunglasses,2,93.64,187.28,42.5,"Amanda Weaver | Cedar Rapids, Iowa",974
976,11-14-24,Craig Harding,Detroit,Michigan,Centre,United States,Clothing & Apparel,Men's Wear,Levi's Jeans,1,166.9,166.9,49.73,"Craig Harding | Detroit, Michigan",975
977,11-21-23,Alejandro Jones,Tallahassee,Florida,South,United States,Electronics,Home Appliances,Dyson Vacuum,1,1009.19,1009.19,199.74,"Alejandro Jones | Tallahassee, Florida",976
978,12-29-24,Wanda Ramos,Las Vegas,Nevada,West,United States,Clothing & Apparel,Men's Wear,Levi's Jeans,3,288.56,865.68,314.97,"Wanda Ramos | Las Vegas, Nevada",977
979,11-17-23,Sheila Perkins,Los Angeles,California,West,United States,Clothing & Apparel,Women's Wear,Zara Blouse,2,225.23,450.46,178.06,"Sheila Perkins | Los Angeles, California",978
980,12-23-23,Denise Reed,Seattle,Washington,West,United States,Clothing & Apparel,Women's Wear,Old Navy Dress,2,317.87,635.74,265.91,"Denise Reed | Seattle, Washington",979
981,10-18-23,Kevin Cortez,Augusta,Maine,East,United States,Electronics,TVs & Audio,LG OLED TV,1,152.92,152.92,30.3,"Kevin Cortez | Augusta, Maine",980
982,05-01-24,Nicole Rodriguez,Portland,Oregon,West,United States,Clothing & Apparel,Women's Wear,Old Navy Dress,3,263.68,791.04,225.23,"Nicole Rodriguez | Portland, Oregon",981
983,10-07-24,Candice Graham,Nashua,New Hampshire,East,United States,Home & Furniture,Home Decor,Vase,1,746.54,746.54,179.92,"Candice Graham | Nashua, New Hampshire",982
984,04-18-23,Andrea Adams,Columbus,Ohio,Centre,United States,Home & Furniture,Kitchenware,Cookware Set,1,802.49,802.49,123.55,"Andrea Adams | Columbus, Ohio",983
985,11-23-23,Jared White,Billings,Montana,West,United States,Clothing & Apparel,Women's Wear,Zara Blouse,3,112.85,338.55,96.82,"Jared White | Billings, Montana",984
986,05-24-24,Erika Roberts,Worcester,Massachusetts,East,United States,Electronics,Wearables,Fitbit Charge,1,625.04,625.04,56.67,"Erika Roberts | Worcester, Massachusetts",985
987,02-20-23,Shannon Hamilton,Provo,Utah,West,United States,Clothing & Apparel,Women's Wear,Old Navy Dress,1,397.6,397.6,118.39,"Shannon Hamilton | Provo, Utah",986
988,11-14-23,Derek Lee,Las Vegas,Nevada,West,United States,Accessories,Bags,Backpack,1,92.93,92.93,42.74,"Derek Lee | Las Vegas, Nevada",987
989,02-20-24,Paul Cook,San Jose,California,West,United States,Home & Furniture,Furniture,Ashley Recliner,1,788.61,788.61,138.2,"Paul Cook | San Jose, California",988
990,06-07-23,Mrs. Mindy Miller DVM,Houston,Texas,South,United States,Electronics,Home Appliances,Instant Pot,3,386.34,1159.02,152.35,"Mrs. Mindy Miller DVM | Houston, Texas",989
991,02-26-24,Megan Castillo,Fort Smith,Arkansas,South,United States,Clothing & Apparel,Kids Wear,Children's Hoodie,3,179.93,539.79,226.53,"Megan Castillo | Fort Smith, Arkansas",990
992,06-06-24,Kathleen Cunningham,Bismarck,North Dakota,Centre,United States,Clothing & Apparel,Footwear,Crocs,1,209.94,209.94,42.9,"Kathleen Cunningham | Bismarck, North Dakota",991
993,10-30-24,Russell Cox,Los Angeles,California,West,United States,Accessories,Small Electronics,Charging Cable,1,224.17,224.17,92.71,"Russell Cox | Los Angeles, California",992
994,12-18-23,Laura Williams,Indianapolis,Indiana,Centre,United States,Accessories,Small Electronics,Power Bank,1,191.62,191.62,92.68,"Laura Williams | Indianapolis, Indiana",993
995,07-13-24,Colin Johnson,Dallas,Texas,South,United States,Electronics,Tablets,iPad Pro,1,972.97,972.97,108.28,"Colin Johnson | Dallas, Texas",994
996,03-13-24,Mary Flores,Phoenix,Arizona,West,United States,Electronics,TVs & Audio,Sony Bravia TV,1,404.77,404.77,74.61,"Mary Flores | Phoenix, Arizona",995
997,07-19-24,Mark Wright,Montpelier,Vermont,East,United States,Electronics,Tablets,iPad Pro,1,235.61,235.61,43.94,"Mark Wright | Montpelier, Vermont",996
998,12-30-24,Allison Smith,Glendale,Arizona,West,United States,Accessories,Small Electronics,Power Bank,1,123.36,123.36,59.16,"Allison Smith | Glendale, Arizona",997
999,11-04-23,Natalie Fisher,San Diego,California,West,United States,Clothing & Apparel,Women's Wear,Zara Blouse,2,394.81,789.62,194.04,"Natalie Fisher | San Diego, California",998
1000,10-15-23,Terri Clark,St. Paul,Minnesota,Centre,United States,Clothing & Apparel,Sportswear,Nike Air Force 1,2,309.56,619.12,167.66,"Terri Clark | St. Paul, Minnesota",999
1001,09-04-23,Sharon Jimenez,Milwaukee,Wisconsin,Centre,United States,Clothing & Apparel,Kids Wear,Carter's Onesie,2,408.15,816.3,266.93,"Sharon Jimenez | Milwaukee, Wisconsin",1000
1002,05-09-23,Jeanne Patterson,Seattle,Washington,West,United States,Clothing & Apparel,Sportswear,Adidas Tracksuit,4,460.68,1842.72,478.56,"Jeanne Patterson | Seattle, Washington",1001
1003,04-13-24,Heather Moore,Rochester,New York,East,United States,Clothing & Apparel,Footwear,Crocs,4,51.59,206.36,59.15,"Heather Moore | Rochester, New York",1002
1004,05-10-23,Theresa Bailey,Fort Wayne,Indiana,Centre,United States,Electronics,Laptops,Dell XPS 13,3,148.87,446.61,45.82,"Theresa Bailey | Fort Wayne, Indiana",1003
1005,11-21-24,Holly Morrow,Miami,Florida,South,United States,Clothing & Apparel,Kids Wear,Carter's Onesie,1,199.91,199.91,65.73,"Holly Morrow | Miami, Florida",1004
1006,04-13-24,Phillip Smith,Lincoln,Nebraska,Centre,United States,Accessories,Small Electronics,Power Bank,1,59.13,59.13,20.12,"Phillip Smith | Lincoln, Nebraska",1005
1007,02-28-23,Amy Campbell,Manchester,New Hampshire,East,United States,Clothing & Apparel,Kids Wear,Carter's Onesie,1,131.89,131.89,54.53,"Amy Campbell | Manchester, New Hampshire",1006
1008,01-05-24,Jennifer Carroll,Cheyenne,Wyoming,West,United States,Home & Furniture,Kitchenware,Instant Pot,1,131.56,131.56,40.98,"Jennifer Carroll | Cheyenne, Wyoming",1007
1009,03-13-23,Tina Patterson,Phoenix,Arizona,West,United States,Electronics,Home Appliances,Dyson Vacuum,2,833.86,1667.72,229.77,"Tina Patterson | Phoenix, Arizona",1008
1010,07-12-24,Samantha Palmer,Miami,Florida,South,United States,Clothing & Apparel,Kids Wear,Children's Hoodie,1,65.07,65.07,25.97,"Samantha Palmer | Miami, Florida",1009
1011,11-08-24,Scott Schmitt,Phoenix,Arizona,West,United States,Electronics,TVs & Audio,LG OLED TV,1,927.87,927.87,168.09,"Scott Schmitt | Phoenix, Arizona",1010
1012,01-29-23,Melissa Jones,Philadelphia,Pennsylvania,East,United States,Accessories,Bags,Wallet,4,136.33,545.32,200.3,"Melissa Jones | Philadelphia, Pennsylvania",1011
1013,12-07-24,Joseph Robinson,Grand Rapids,Michigan,Centre,United States,Electronics,Smartphones,Apple iPhone 14,2,989.56,1979.12,369.32,"Joseph Robinson | Grand Rapids, Michigan",1012
1014,01-19-24,Olivia Campbell,New Haven,Connecticut,East,United States,Electronics,Wearables,Apple Watch,1,586.37,586.37,59.62,"Olivia Campbell | New Haven, Connecticut",1013
1015,03-06-23,Tyler Stevens,Jersey City,New Jersey,East,United States,Accessories,Small Electronics,Phone Case,1,51.69,51.69,16.32,"Tyler Stevens | Jersey City, New Jersey",1014
1016,11-08-24,Kathryn Rodriguez,Manchester,New Hampshire,East,United States,Accessories,Wearable Accessories,Sunglasses,3,243.94,731.82,247.84,"Kathryn Rodriguez | Manchester, New Hampshire",1015
1017,12-17-23,Daniel Jones,Annapolis,Maryland,East,United States,Clothing & Apparel,Sportswear,Adidas Tracksuit,3,168.45,505.35,199.0,"Daniel Jones | Annapolis, Maryland",1016
1018,09-25-23,Jordan Valencia,Pittsburgh,Pennsylvania,East,United States,Home & Furniture,Kitchenware,Cookware Set,1,245.2,245.2,74.18,"Jordan Valencia | Pittsburgh, Pennsylvania",1017
1019,11-05-23,Michelle Hogan,Casper,Wyoming,West,United States,Accessories,Bags,Backpack,1,98.21,98.21,21.68,"Michelle Hogan | Casper, Wyoming",1018
1020,11-06-24,Christina Ford,Milwaukee,Wisconsin,Centre,United States,Clothing & Apparel,Men's Wear,Levi's Jeans,4,236.21,944.84,229.29,"Christina Ford | Milwaukee, Wisconsin",1019
1021,05-24-24,Derek Harrison,Springfield,Illinois,Centre,United States,Home & Furniture,Home Decor,Wall Art,3,227.81,683.43,103.15,"Derek Harrison | Springfield, Illinois",1020
1022,11-15-24,Brent Gomez,Tucson,Arizona,West,United States,Clothing & Apparel,Sportswear,Adidas Tracksuit,1,107.92,107.92,26.88,"Brent Gomez | Tucson, Arizona",1021
1023,11-23-24,Allen Garcia,Jackson,Mississippi,South,United States,Clothing & Apparel,Sportswear,Nike Air Force 1,3,346.85,1040.55,319.38,"Allen Garcia | Jackson, Mississippi",1022
1024,12-14-24,Tim Vargas,Jersey City,New Jersey,East,United States,Clothing & Apparel,Sportswear,Adidas Tracksuit,5,294.25,1471.25,656.64,"Tim Vargas | Jersey City, New Jersey",1023
1025,03-03-24,Jennifer Aguirre,Milwaukee,Wisconsin,Centre,United States,Home & Furniture,Storage,Storage Rack,2,533.07,1066.14,367.18,"Jennifer Aguirre | Milwaukee, Wisconsin",1024
1026,01-06-23,Roger Conner,Providence,Rhode Island,East,United States,Clothing & Apparel,Footwear,Nike Running Shoes,1,224.52,224.52,83.86,"Roger Conner | Providence, Rhode Island",1025
1027,11-14-23,John Cortez,Las Vegas,Nevada,West,United States,Home & Furniture,Kitchenware,KitchenAid Mixer,1,483.01,483.01,96.5,"John Cortez | Las Vegas, Nevada",1026
1028,11-12-23,Mr. Bradley Wu,Minneapolis,Minnesota,Centre,United States,Accessories,Bags,Backpack,3,185.96,557.88,254.75,"Mr. Bradley Wu | Minneapolis, Minnesota",1027
1029,11-18-24,Cory Sampson,New York City,New York,East,United States,Electronics,Wearables,Apple Watch,1,287.83,287.83,45.75,"Cory Sampson | New York City, New York",1028
1030,10-07-23,Richard Russell,Madison,Wisconsin,Centre,United States,Electronics,Tablets,iPad Pro,1,344.0,344.0,55.74,"Richard Russell | Madison, Wisconsin",1029
1031,09-05-24,Anne Jackson,Huntington,West Virginia,South,United States,Electronics,Wearables,Apple Watch,1,180.8,180.8,18.84,"Anne Jackson | Huntington, West Virginia",1030
1032,11-25-24,Lori Lane,Missoula,Montana,West,United States,Electronics,Tablets,Samsung Galaxy Tab,2,911.32,1822.64,273.67,"Lori Lane | Missoula, Montana",1031
1033,09-04-23,James Williams,Portland,Oregon,West,United States,Home & Furniture,Bedding,Tempur-Pedic Mattress,1,1122.15,1122.15,312.95,"James Williams | Portland, Oregon",1032
1034,04-23-23,Cesar Sanchez,San Diego,California,West,United States,Accessories,Small Electronics,Phone Case,2,98.8,197.6,70.0,"Cesar Sanchez | San Diego, California",1033
1035,03-03-24,Jordan Benton,San Jose,California,West,United States,Electronics,Laptops,MacBook Air,5,516.96,2584.8,352.24,"Jordan Benton | San Jose, California",1034
1036,05-07-23,Dylan Daugherty,San Diego,California,West,United States,Home & Furniture,Furniture,Ashley Recliner,1,841.42,841.42,284.09,"Dylan Daugherty | San Diego, California",1035
1037,06-06-23,Michael Moore,Augusta,Maine,East,United States,Home & Furniture,Storage,Storage Rack,1,256.51,256.51,58.23,"Michael Moore | Augusta, Maine",1036
1038,01-09-23,Jill Mccormick,New Haven,Connecticut,East,United States,Home & Furniture,Bedding,Tempur-Pedic Mattress,3,1174.86,3524.58,718.13,"Jill Mccormick | New Haven, Connecticut",1037
1039,12-25-24,Mark Meyer,Detroit,Michigan,Centre,United States,Clothing & Apparel,Sportswear,Nike Air Force 1,2,300.29,600.58,196.24,"Mark Meyer | Detroit, Michigan",1038
1040,06-07-23,Paula Bailey,Huntsville,Alabama,South,United States,Accessories,Bags,Backpack,3,196.27,588.81,269.46,"Paula Bailey | Huntsville, Alabama",1039
1041,05-18-24,Manuel Roberts,Rapid City,South Dakota,Centre,United States,Home & Furniture,Bedding,Brooklinen Sheets,2,858.12,1716.24,368.34,"Manuel Roberts | Rapid City, South Dakota",1040
1042,04-29-24,Rebecca Barrett,Bismarck,North Dakota,Centre,United States,Electronics,Wearables,Fitbit Charge,1,386.82,386.82,48.26,"Rebecca Barrett | Bismarck, North Dakota",1041
1043,11-20-24,Brittany Whitehead MD,Tallahassee,Florida,South,United States,Clothing & Apparel,Kids Wear,Carter's Onesie,2,268.33,536.66,136.17,"Brittany Whitehead MD | Tallahassee, Florida",1042
1044,04-12-24,Joshua Gay,Augusta,Maine,East,United States,Home & Furniture,Bedding,Tempur-Pedic Mattress,3,788.69,2366.07,490.1,"Joshua Gay | Augusta, Maine",1043
1045,12-30-24,Brian Long,Missoula,Montana,West,United States,Home & Furniture,Home Decor,Vase,4,671.71,2686.84,512.01,"Brian Long | Missoula, Montana",1044
1046,11-27-23,Christine Potter,Fargo,North Dakota,Centre,United States,Home & Furniture,Furniture,Dining Table Set,3,63.24,189.72,53.3,"Christine Potter | Fargo, North Dakota",1045
1047,09-18-23,Robin Duke,Missoula,Montana,West,United States,Clothing & Apparel,Kids Wear,Carter's Onesie,1,187.25,187.25,57.34,"Robin Duke | Missoula, Montana",1046
1048,01-25-23,Melissa Herrera,Miami,Florida,South,United States,Clothing & Apparel,Men's Wear,Under Armour T-Shirt,3,311.43,934.29,316.48,"Melissa Herrera | Miami, Florida",1047
1049,12-09-23,Jessica Fields,Salem,Oregon,West,United States,Electronics,Tablets,iPad Pro,1,270.75,270.75,30.37,"Jessica Fields | Salem, Oregon",1048
1050,10-03-23,Joshua Miller,Birmingham,Alabama,South,United States,Clothing & Apparel,Sportswear,Nike Air Force 1,2,89.12,178.24,63.25,"Joshua Miller | Birmingham, Alabama",1049
1051,05-30-23,James Ross,Newark,New Jersey,East,United States,Electronics,Tablets,iPad Pro,1,536.12,536.12,85.06,"James Ross | Newark, New Jersey",1050
1052,11-11-24,Karen Merritt,Columbus,Ohio,Centre,United States,Clothing & Apparel,Men's Wear,GAP Hoodie,1,93.1,93.1,33.86,"Karen Merritt | Columbus, Ohio",1051
1053,07-18-24,Lance Lopez,Austin,Texas,South,United States,Accessories,Small Electronics,Phone Case,1,177.01,177.01,38.55,"Lance Lopez | Austin, Texas",1052
1054,03-21-23,Karen Welch,Des Moines,Iowa,Centre,United States,Home & Furniture,Furniture,Ashley Recliner,4,503.79,2015.16,652.83,"Karen Welch | Des Moines, Iowa",1053
1055,05-18-23,Brian Horn,Tallahassee,Florida,South,United States,Clothing & Apparel,Men's Wear,Under Armour T-Shirt,1,84.33,84.33,35.08,"Brian Horn | Tallahassee, Florida",1054
1056,09-01-24,Maria Navarro,Dover,Delaware,East,United States,Electronics,TVs & Audio,LG OLED TV,2,883.52,1767.04,235.85,"Maria Navarro | Dover, Delaware",1055
1057,04-29-23,Dr. Benjamin Miller,Colorado Springs,Colorado,West,United States,Home & Furniture,Storage,Closet Organizer,1,320.35,320.35,79.45,"Dr. Benjamin Miller | Colorado Springs, Colorado",1056
1058,11-26-23,Michele Bennett,Missoula,Montana,West,United States,Clothing & Apparel,Women's Wear,Zara Blouse,4,234.06,936.24,411.51,"Michele Bennett | Missoula, Montana",1057
1059,11-18-24,Kent Wright,Burlington,Vermont,East,United States,Home & Furniture,Furniture,Office Chair,2,244.97,489.94,144.74,"Kent Wright | Burlington, Vermont",1058
1060,11-27-23,Monica Arnold,Nashua,New Hampshire,East,United States,Accessories,Bags,Backpack,1,226.32,226.32,102.48,"Monica Arnold | Nashua, New Hampshire",1059
1061,12-07-24,Caleb Young,Nashua,New Hampshire,East,United States,Electronics,TVs & Audio,LG OLED TV,2,440.12,880.24,74.27,"Caleb Young | Nashua, New Hampshire",1060
1062,06-08-23,James Ibarra,Baltimore,Maryland,East,United States,Electronics,Smartphones,Apple iPhone 14,4,628.9,2515.6,315.34,"James Ibarra | Baltimore, Maryland",1061
1063,04-04-24,Stephanie Phillips,Miami,Florida,South,United States,Home & Furniture,Kitchenware,Cookware Set,1,102.46,102.46,17.49,"Stephanie Phillips | Miami, Florida",1062
1064,03-09-24,David Bray MD,Salem,Oregon,West,United States,Accessories,Wearable Accessories,Watch Strap,1,108.79,108.79,32.71,"David Bray MD | Salem, Oregon",1063
1065,07-06-23,David Wilson,Fargo,North Dakota,Centre,United States,Accessories,Wearable Accessories,Belt,2,219.52,439.04,123.96,"David Wilson | Fargo, North Dakota",1064
1066,12-03-24,Brenda Garcia,Casper,Wyoming,West,United States,Accessories,Small Electronics,Phone Case,4,99.99,399.96,150.12,"Brenda Garcia | Casper, Wyoming",1065
1067,06-09-24,Richard Allen,Rochester,New York,East,United States,Clothing & Apparel,Men's Wear,Under Armour T-Shirt,1,194.49,194.49,51.44,"Richard Allen | Rochester, New York",1066
1068,11-03-24,Charles Brown DVM,Santa Fe,New Mexico,West,United States,Home & Furniture,Home Decor,Throw Pillows,4,428.37,1713.48,265.88,"Charles Brown DVM | Santa Fe, New Mexico",1067
1069,09-15-23,Lisa Gregory,Cincinnati,Ohio,Centre,United States,Home & Furniture,Furniture,Office Chair,1,567.3,567.3,188.96,"Lisa Gregory | Cincinnati, Ohio",1068
1070,10-06-24,Ashley Avery,Jackson,Mississippi,South,United States,Home & Furniture,Storage,Storage Rack,2,151.57,303.14,63.69,"Ashley Avery | Jackson, Mississippi",1069
1071,11-05-24,Melvin Estrada,Phoenix,Arizona,West,United States,Electronics,Smartphones,Samsung Galaxy S23,2,899.6,1799.2,293.4,"Melvin Estrada | Phoenix, Arizona",1070
1072,08-21-24,James Baker,Newark,New Jersey,East,United States,Home & Furniture,Kitchenware,KitchenAid Mixer,3,191.12,573.36,84.6,"James Baker | Newark, New Jersey",1071
1073,09-13-24,Catherine Parrish,Newark,New Jersey,East,United States,Electronics,Wearables,Fitbit Charge,3,251.45,754.35,77.98,"Catherine Parrish | Newark, New Jersey",1072
1074,11-01-23,Antonio Bradshaw,Mesa,Arizona,West,United States,Clothing & Apparel,Footwear,Timberland Boots,2,322.11,644.22,202.69,"Antonio Bradshaw | Mesa, Arizona",1073
1075,12-16-24,Garrett Padilla,St. Paul,Minnesota,Centre,United States,Home & Furniture,Furniture,IKEA Sofa,3,451.39,1354.17,186.44,"Garrett Padilla | St. Paul, Minnesota",1074
1076,10-09-24,Christopher Flores,Cleveland,Ohio,Centre,United States,Home & Furniture,Storage,Closet Organizer,1,188.9,188.9,62.07,"Christopher Flores | Cleveland, Ohio",1075
1077,10-07-23,Keith Willis,New Haven,Connecticut,East,United States,Electronics,Smartphones,Apple iPhone 14,1,545.76,545.76,53.41,"Keith Willis | New Haven, Connecticut",1076
1078,11-16-23,Anne Clark,Atlanta,Georgia,South,United States,Accessories,Bags,Backpack,1,118.38,118.38,42.65,"Anne Clark | Atlanta, Georgia",1077
1079,09-03-24,Nicole Taylor,Billings,Montana,West,United States,Electronics,Smartphones,Apple iPhone 14,3,1012.62,3037.86,458.95,"Nicole Taylor | Billings, Montana",1078
1080,11-12-23,Kevin Howell,Spokane,Washington,West,United States,Clothing & Apparel,Men's Wear,GAP Hoodie,1,231.33,231.33,79.7,"Kevin Howell | Spokane, Washington",1079
1081,08-04-24,Christopher Thomas,Grand Rapids,Michigan,Centre,United States,Home & Furniture,Kitchenware,Instant Pot,2,504.79,1009.58,305.63,"Christopher Thomas | Grand Rapids, Michigan",1080
1082,09-01-24,Dr. Michelle Lee MD,Boston,Massachusetts,East,United States,Electronics,Smartphones,Samsung Galaxy S23,2,135.45,270.9,25.07,"Dr. Michelle Lee MD | Boston, Massachusetts",1081
1083,09-15-23,Jessica Ruiz,Miami,Florida,South,United States,Clothing & Apparel,Sportswear,Nike Air Force 1,4,39.86,159.44,71.74,"Jessica Ruiz | Miami, Florida",1082
1084,09-10-24,Joseph Santiago Jr.,Little Rock,Arkansas,South,United States,Clothing & Apparel,Sportswear,Nike Air Force 1,1,398.0,398.0,128.85,"Joseph Santiago Jr. | Little Rock, Arkansas",1083
1085,11-04-24,Nicole Garza,Nashville,Tennessee,South,United States,Home & Furniture,Storage,Closet Organizer,3,224.89,674.67,140.41,"Nicole Garza | Nashville, Tennessee",1084
1086,07-30-23,Jeffrey Davis,Columbia,South Carolina,South,United States,Accessories,Bags,Backpack,4,105.53,422.12,161.12,"Jeffrey Davis | Columbia, South Carolina",1085
1087,06-02-23,Vickie Taylor,San Jose,California,West,United States,Accessories,Wearable Accessories,Sunglasses,1,86.03,86.03,27.3,"Vickie Taylor | San Jose, California",1086
1088,10-24-24,Natalie Mann,Kansas City,Missouri,Centre,United States,Electronics,Smartphones,Samsung Galaxy S23,2,666.56,1333.12,147.22,"Natalie Mann | Kansas City, Missouri",1087
1089,11-05-23,Joshua Nelson,San Diego,California,West,United States,Electronics,TVs & Audio,LG OLED TV,1,1044.53,1044.53,177.13,"Joshua Nelson | San Diego, California",1088
1090,01-29-23,Brittany Johnson,Montpelier,Vermont,East,United States,Home & Furniture,Storage,Closet Organizer,2,232.7,465.4,87.38,"Brittany Johnson | Montpelier, Vermont",1089
1091,04-27-23,Kimberly Ramirez,Jersey City,New Jersey,East,United States,Electronics,Smartphones,Apple iPhone 14,3,411.36,1234.08,143.45,"Kimberly Ramirez | Jersey City, New Jersey",1090
1092,02-04-24,Kenneth Ross,Provo,Utah,West,United States,Home & Furniture,Home Decor,Wall Art,3,705.75,2117.25,460.91,"Kenneth Ross | Provo, Utah",1091
1093,05-02-24,Beth Perry,Salem,Oregon,West,United States,Home & Furniture,Home Decor,Throw Pillows,1,272.19,272.19,69.22,"Beth Perry | Salem, Oregon",1092
1094,11-28-23,Robert Lynch,Newark,New Jersey,East,United States,Clothing & Apparel,Footwear,Timberland Boots,2,142.01,284.02,86.12,"Robert Lynch | Newark, New Jersey",1093
1095,06-21-24,Robert Weiss,San Francisco,California,West,United States,Home & Furniture,Storage,Closet Organizer,1,456.66,456.66,157.07,"Robert Weiss | San Francisco, California",1094
1096,10-04-24,Gregory Griffin,Casper,Wyoming,West,United States,Electronics,Laptops,MacBook Air,3,1242.04,3726.12,319.83,"Gregory Griffin | Casper, Wyoming",1095
1097,12-23-23,Nicholas Richards,Aurora,Illinois,Centre,United States,Accessories,Small Electronics,Power Bank,1,240.26,240.26,80.38,"Nicholas Richards | Aurora, Illinois",1096
1098,07-30-23,Donna Martin,Rochester,New York,East,United States,Electronics,Home Appliances,Dyson Vacuum,1,795.75,795.75,67.89,"Donna Martin | Rochester, New York",1097
1099,11-29-24,Courtney Morales,Kansas City,Missouri,Centre,United States,Clothing & Apparel,Kids Wear,Children's Hoodie,1,337.09,337.09,84.97,"Courtney Morales | Kansas City, Missouri",1098
1100,06-30-24,Kerri Meyers,Savannah,Georgia,South,United States,Home & Furniture,Storage,Storage Rack,3,91.53,274.59,38.76,"Kerri Meyers | Savannah, Georgia",1099
1101,08-21-23,John Robinson,Detroit,Michigan,Centre,United States,Electronics,Tablets,iPad Pro,1,902.34,902.34,112.97,"John Robinson | Detroit, Michigan",1100
1102,10-15-24,Crystal Douglas,Tuscaloosa,Alabama,South,United States,Clothing & Apparel,Footwear,Nike Running Shoes,2,98.56,197.12,87.43,"Crystal Douglas | Tuscaloosa, Alabama",1101
1103,09-02-24,Gary Ramos,Detroit,Michigan,Centre,United States,Electronics,Wearables,Apple Watch,3,697.17,2091.51,391.21,"Gary Ramos | Detroit, Michigan",1102
1104,12-11-23,Rachel Reyes,Baton Rouge,Louisiana,South,United States,Home & Furniture,Home Decor,Wall Art,2,411.28,822.56,238.46,"Rachel Reyes | Baton Rouge, Louisiana",1103
1105,07-13-24,Sarah Thompson,Hartford,Connecticut,East,United States,Accessories,Small Electronics,Phone Case,1,151.47,151.47,50.84,"Sarah Thompson | Hartford, Connecticut",1104
1106,08-28-24,Kaitlyn Kane,Tallahassee,Florida,South,United States,Accessories,Small Electronics,Charging Cable,3,177.96,533.88,231.94,"Kaitlyn Kane | Tallahassee, Florida",1105
1107,09-05-23,Thomas Houston,Worcester,Massachusetts,East,United States,Clothing & Apparel,Women's Wear,Old Navy Dress,3,393.01,1179.03,465.78,"Thomas Houston | Worcester, Massachusetts",1106
1108,05-29-24,Matthew Gordon MD,Wilmington,Delaware,East,United States,Electronics,Home Appliances,Instant Pot,1,125.5,125.5,21.17,"Matthew Gordon MD | Wilmington, Delaware",1107
1109,02-27-23,Kevin Hendricks,Mesa,Arizona,West,United States,Home & Furniture,Bedding,Brooklinen Sheets,2,119.21,238.42,70.86,"Kevin Hendricks | Mesa, Arizona",1108
1110,10-17-24,Walter Harrison,Augusta,Maine,East,United States,Electronics,Home Appliances,Dyson Vacuum,2,330.75,661.5,108.68,"Walter Harrison | Augusta, Maine",1109
1111,09-29-23,Jose Warner,Mesa,Arizona,West,United States,Accessories,Bags,Tote Bag,3,242.04,726.12,309.1,"Jose Warner | Mesa, Arizona",1110
1112,12-11-24,Douglas Frazier,Burlington,Vermont,East,United States,Electronics,Home Appliances,KitchenAid Mixer,3,259.44,778.32,137.48,"Douglas Frazier | Burlington, Vermont",1111
1113,11-09-24,Mark Carter,Des Moines,Iowa,Centre,United States,Electronics,TVs & Audio,Sony Bravia TV,3,504.03,1512.09,184.34,"Mark Carter | Des Moines, Iowa",1112
1114,07-04-23,Troy Barker,Cedar Rapids,Iowa,Centre,United States,Home & Furniture,Home Decor,Throw Pillows,2,800.64,1601.28,499.97,"Troy Barker | Cedar Rapids, Iowa",1113
1115,02-14-23,Michael Wilson,Fayetteville,Arkansas,South,United States,Accessories,Wearable Accessories,Sunglasses,1,182.73,182.73,72.49,"Michael Wilson | Fayetteville, Arkansas",1114
1116,01-01-24,Deborah Mccarthy,Little Rock,Arkansas,South,United States,Electronics,Tablets,iPad Pro,1,414.39,414.39,41.92,"Deborah Mccarthy | Little Rock, Arkansas",1115
1117,11-28-23,Andrew Johnson,Mesa,Arizona,West,United States,Electronics,Tablets,iPad Pro,2,227.44,454.88,90.02,"Andrew Johnson | Mesa, Arizona",1116
1118,12-24-23,Kevin Cummings,Worcester,Massachusetts,East,United States,Electronics,Home Appliances,KitchenAid Mixer,1,843.76,843.76,132.17,"Kevin Cummings | Worcester, Massachusetts",1117
1119,12-01-23,Natalie Gordon,Denver,Colorado,West,United States,Clothing & Apparel,Sportswear,Nike Air Force 1,3,27.66,82.98,33.52,"Natalie Gordon | Denver, Colorado",1118
1120,11-14-23,Courtney Baker,Reno,Nevada,West,United States,Electronics,Wearables,Apple Watch,1,313.37,313.37,34.58,"Courtney Baker | Reno, Nevada",1119
1121,08-23-24,Renee Smith,San Diego,California,West,United States,Accessories,Wearable Accessories,Sunglasses,4,247.67,990.68,486.0,"Renee Smith | San Diego, California",1120
1122,05-18-24,Jordan Allen,Manchester,New Hampshire,East,United States,Clothing & Apparel,Men's Wear,Under Armour T-Shirt,3,25.94,77.82,26.07,"Jordan Allen | Manchester, New Hampshire",1121
1123,03-30-24,James Hahn,Colorado Springs,Colorado,West,United States,Home & Furniture,Bedding,Tempur-Pedic Mattress,2,891.57,1783.14,596.57,"James Hahn | Colorado Springs, Colorado",1122
1124,04-13-24,Emily Lang,San Antonio,Texas,South,United States,Clothing & Apparel,Men's Wear,GAP Hoodie,2,61.81,123.62,45.74,"Emily Lang | San Antonio, Texas",1123
1125,03-15-24,Edward Jackson,Salt Lake City,Utah,West,United States,Clothing & Apparel,Women's Wear,Zara Blouse,5,229.1,1145.5,312.26,"Edward Jackson | Salt Lake City, Utah",1124
1126,11-10-23,James Jackson,Austin,Texas,South,United States,Electronics,Laptops,Lenovo ThinkPad,2,718.47,1436.94,140.1,"James Jackson | Austin, Texas",1125
1127,01-23-24,Nicholas Torres,Tampa,Florida,South,United States,Electronics,TVs & Audio,LG OLED TV,1,390.06,390.06,48.93,"Nicholas Torres | Tampa, Florida",1126
1128,06-29-24,Jared Dorsey,San Francisco,California,West,United States,Electronics,Tablets,Samsung Galaxy Tab,1,110.49,110.49,9.64,"Jared Dorsey | San Francisco, California",1127
1129,12-08-24,Charles Ferguson,Glendale,Arizona,West,United States,Electronics,Wearables,Apple Watch,5,851.65,4258.25,475.22,"Charles Ferguson | Glendale, Arizona",1128
1130,07-07-24,Nicole Lee,Montpelier,Vermont,East,United States,Home & Furniture,Kitchenware,Instant Pot,1,220.61,220.61,44.94,"Nicole Lee | Montpelier, Vermont",1129
1131,09-13-24,Stephanie Washington,Salem,Oregon,West,United States,Clothing & Apparel,Women's Wear,Old Navy Dress,2,286.65,573.3,222.16,"Stephanie Washington | Salem, Oregon",1130
1132,11-22-24,Ryan Allen,Manchester,New Hampshire,East,United States,Electronics,Tablets,iPad Pro,2,1028.77,2057.54,253.8,"Ryan Allen | Manchester, New Hampshire",1131
1133,09-04-24,Preston Hendricks,Springfield,Illinois,Centre,United States,Electronics,Smartphones,Apple iPhone 14,2,1119.47,2238.94,310.85,"Preston Hendricks | Springfield, Illinois",1132
1134,10-12-24,Jamie Gallagher,Reno,Nevada,West,United States,Accessories,Wearable Accessories,Watch Strap,1,237.48,237.48,57.82,"Jamie Gallagher | Reno, Nevada",1133
1135,12-30-23,Haley Casey,Wilmington,Delaware,East,United States,Electronics,TVs & Audio,Sony Bravia TV,4,458.52,1834.08,231.14,"Haley Casey | Wilmington, Delaware",1134
1136,03-01-23,Richard Thomas,Gulfport,Mississippi,South,United States,Home & Furniture,Bedding,Brooklinen Sheets,1,470.52,470.52,157.83,"Richard Thomas | Gulfport, Mississippi",1135
1137,11-23-24,Cynthia Walker,Chandler,Arizona,West,United States,Electronics,Smartphones,Apple iPhone 14,1,1039.14,1039.14,185.04,"Cynthia Walker | Chandler, Arizona",1136
1138,12-05-24,Lisa Becker,Houston,Texas,South,United States,Electronics,TVs & Audio,LG OLED TV,4,899.0,3596.0,401.27,"Lisa Becker | Houston, Texas",1137
1139,07-31-23,Cameron Reeves,Omaha,Nebraska,Centre,United States,Accessories,Small Electronics,Power Bank,2,72.59,145.18,52.99,"Cameron Reeves | Omaha, Nebraska",1138
1140,04-25-23,Joanna Gross,Lincoln,Nebraska,Centre,United States,Electronics,Smartphones,Samsung Galaxy S23,4,222.66,890.64,112.2,"Joanna Gross | Lincoln, Nebraska",1139
1141,06-28-24,Carlos Bowers,Fargo,North Dakota,Centre,United States,Clothing & Apparel,Women's Wear,Zara Blouse,1,317.73,317.73,118.06,"Carlos Bowers | Fargo, North Dakota",1140
1142,10-28-23,Andrew Osborne,Milwaukee,Wisconsin,Centre,United States,Clothing & Apparel,Men's Wear,Levi's Jeans,1,62.74,62.74,14.88,"Andrew Osborne | Milwaukee, Wisconsin",1141
1143,12-26-23,Manuel Barber,St. Paul,Minnesota,Centre,United States,Clothing & Apparel,Sportswear,Nike Air Force 1,3,426.64,1279.92,546.39,"Manuel Barber | St. Paul, Minnesota",1142
1144,01-23-24,Amanda Garrett,Minneapolis,Minnesota,Centre,United States,Home & Furniture,Storage,Storage Rack,1,225.15,225.15,74.17,"Amanda Garrett | Minneapolis, Minnesota",1143
1145,08-14-23,Wanda Cochran,New Haven,Connecticut,East,United States,Home & Furniture,Home Decor,Throw Pillows,2,153.96,307.92,49.79,"Wanda Cochran | New Haven, Connecticut",1144
1146,04-10-24,Shelley Scott,Milwaukee,Wisconsin,Centre,United States,Accessories,Bags,Backpack,2,251.74,503.48,159.32,"Shelley Scott | Milwaukee, Wisconsin",1145
1147,02-07-23,Glenn Martinez,Hartford,Connecticut,East,United States,Home & Furniture,Kitchenware,Cookware Set,1,800.08,800.08,173.59,"Glenn Martinez | Hartford, Connecticut",1146
1148,08-22-24,James Warner,Wichita,Kansas,Centre,United States,Electronics,Smartphones,Apple iPhone 14,3,998.51,2995.53,565.23,"James Warner | Wichita, Kansas",1147
1149,08-14-23,Angela Hall,Rapid City,South Dakota,Centre,United States,Electronics,Tablets,Samsung Galaxy Tab,1,934.82,934.82,86.07,"Angela Hall | Rapid City, South Dakota",1148
1150,12-18-24,Hannah Robinson,Phoenix,Arizona,West,United States,Accessories,Bags,Backpack,1,214.23,214.23,43.88,"Hannah Robinson | Phoenix, Arizona",1149
1151,11-30-24,Christopher Cross,St. Paul,Minnesota,Centre,United States,Clothing & Apparel,Footwear,Crocs,4,205.64,822.56,182.68,"Christopher Cross | St. Paul, Minnesota",1150
1152,07-29-23,Jeremiah Moore,Columbia,South Carolina,South,United States,Electronics,TVs & Audio,Bose Soundbar,3,612.47,1837.41,288.83,"Jeremiah Moore | Columbia, South Carolina",1151
1153,02-26-23,Sandra Cortez,Fargo,North Dakota,Centre,United States,Accessories,Wearable Accessories,Belt,1,172.17,172.17,62.45,"Sandra Cortez | Fargo, North Dakota",1152
1154,09-29-24,Sarah Miller,San Diego,California,West,United States,Clothing & Apparel,Women's Wear,Zara Blouse,2,358.63,717.26,205.73,"Sarah Miller | San Diego, California",1153
1155,06-14-23,Kendra Richards,Tampa,Florida,South,United States,Home & Furniture,Home Decor,Throw Pillows,4,93.19,372.76,114.29,"Kendra Richards | Tampa, Florida",1154
1156,12-29-24,Jared Mills,Orlando,Florida,South,United States,Home & Furniture,Kitchenware,KitchenAid Mixer,5,199.1,995.5,292.43,"Jared Mills | Orlando, Florida",1155
1157,12-26-24,Jeffrey Marshall,Detroit,Michigan,Centre,United States,Electronics,Smartphones,Google Pixel 7,2,518.81,1037.62,206.23,"Jeffrey Marshall | Detroit, Michigan",1156
1158,11-24-23,Tamara Morris,Colorado Springs,Colorado,West,United States,Accessories,Wearable Accessories,Sunglasses,1,213.42,213.42,75.76,"Tamara Morris | Colorado Springs, Colorado",1157
1159,05-25-24,Christina Stone,Memphis,Tennessee,South,United States,Clothing & Apparel,Kids Wear,Children's Hoodie,3,382.15,1146.45,416.79,"Christina Stone | Memphis, Tennessee",1158
1160,02-25-23,Brandon Cabrera DDS,Missoula,Montana,West,United States,Accessories,Small Electronics,Charging Cable,2,205.38,410.76,186.98,"Brandon Cabrera DDS | Missoula, Montana",1159
1161,05-07-23,Terrence Parker,St. Paul,Minnesota,Centre,United States,Clothing & Apparel,Kids Wear,Carter's Onesie,1,93.02,93.02,26.49,"Terrence Parker | St. Paul, Minnesota",1160
1162,08-11-24,Luis Delgado,Newark,New Jersey,East,United States,Clothing & Apparel,Men's Wear,Levi's Jeans,1,149.26,149.26,62.68,"Luis Delgado | Newark, New Jersey",1161
1163,11-12-23,Kimberly Adams,Augusta,Maine,East,United States,Electronics,Tablets,iPad Pro,1,157.75,157.75,23.33,"Kimberly Adams | Augusta, Maine",1162
1164,11-01-24,Sandra Savage,Columbia,South Carolina,South,United States,Home & Furniture,Home Decor,Wall Art,5,651.37,3256.85,396.15,"Sandra Savage | Columbia, South Carolina",1163
1165,01-15-23,Annette Faulkner,Chandler,Arizona,West,United States,Accessories,Wearable Accessories,Belt,2,139.81,279.62,118.69,"Annette Faulkner | Chandler, Arizona",1164
1166,01-25-24,Michael Delgado,Detroit,Michigan,Centre,United States,Electronics,Home Appliances,Dyson Vacuum,1,301.38,301.38,33.76,"Michael Delgado | Detroit, Michigan",1165
1167,10-24-23,Brian Weber,Glendale,Arizona,West,United States,Clothing & Apparel,Sportswear,Nike Air Force 1,1,33.07,33.07,8.09,"Brian Weber | Glendale, Arizona",1166
1168,12-22-24,Catherine Ray,Huntsville,Alabama,South,United States,Clothing & Apparel,Sportswear,Adidas Tracksuit,3,68.95,206.85,59.66,"Catherine Ray | Huntsville, Alabama",1167
1169,11-18-23,Cory Gordon,Billings,Montana,West,United States,Electronics,Home Appliances,KitchenAid Mixer,4,655.14,2620.56,510.36,"Cory Gordon | Billings, Montana",1168
1170,08-31-23,Mr. George Murphy,Cheyenne,Wyoming,West,United States,Home & Furniture,Home Decor,Vase,2,283.05,566.1,164.82,"Mr. George Murphy | Cheyenne, Wyoming",1169
1171,12-18-23,Jason Coleman,Kansas City,Missouri,Centre,United States,Electronics,Home Appliances,KitchenAid Mixer,2,254.12,508.24,41.21,"Jason Coleman | Kansas City, Missouri",1170
1172,11-24-23,Rebecca Lane,Huntington,West Virginia,South,United States,Clothing & Apparel,Footwear,Nike Running Shoes,2,77.8,155.6,59.5,"Rebecca Lane | Huntington, West Virginia",1171
1173,12-16-23,Terri Sharp MD,Hartford,Connecticut,East,United States,Electronics,Wearables,Apple Watch,1,821.17,821.17,85.42,"Terri Sharp MD | Hartford, Connecticut",1172
1174,11-29-24,William Madden,Atlanta,Georgia,South,United States,Clothing & Apparel,Kids Wear,Children's Hoodie,1,355.83,355.83,77.16,"William Madden | Atlanta, Georgia",1173
1175,11-28-24,Tiffany Williams,Topeka,Kansas,Centre,United States,Home & Furniture,Storage,Storage Rack,2,818.53,1637.06,398.36,"Tiffany Williams | Topeka, Kansas",1174
1176,03-03-23,Joseph Crawford,Newark,New Jersey,East,United States,Clothing & Apparel,Kids Wear,Children's Hoodie,2,421.48,842.96,245.66,"Joseph Crawford | Newark, New Jersey",1175
1177,12-03-24,Ernest Ray,Savannah,Georgia,South,United States,Electronics,Wearables,Apple Watch,2,724.13,1448.26,257.63,"Ernest Ray | Savannah, Georgia",1176
1178,05-14-23,Matthew Williams,Rochester,New York,East,United States,Clothing & Apparel,Men's Wear,Levi's Jeans,1,224.32,224.32,76.89,"Matthew Williams | Rochester, New York",1177
1179,05-21-24,Cindy Wagner,Albuquerque,New Mexico,West,United States,Accessories,Small Electronics,Power Bank,5,79.2,396.0,100.9,"Cindy Wagner | Albuquerque, New Mexico",1178
1180,06-04-24,Anthony Meyer,Tucson,Arizona,West,United States,Clothing & Apparel,Footwear,Timberland Boots,1,85.69,85.69,31.32,"Anthony Meyer | Tucson, Arizona",1179
1181,11-16-24,Mr. Roger Arnold PhD,Oklahoma City,Oklahoma,South,United States,Electronics,Tablets,iPad Pro,2,770.86,1541.72,280.85,"Mr. Roger Arnold PhD | Oklahoma City, Oklahoma",1180
1182,05-06-23,Tina Bailey DDS,Santa Fe,New Mexico,West,United States,Electronics,Tablets,iPad Pro,1,462.92,462.92,92.44,"Tina Bailey DDS | Santa Fe, New Mexico",1181
1183,01-13-24,Christopher Williams,Wilmington,Delaware,East,United States,Home & Furniture,Furniture,IKEA Sofa,1,972.91,972.91,227.8,"Christopher Williams | Wilmington, Delaware",1182
1184,12-29-23,Henry Johnson,Lincoln,Nebraska,Centre,United States,Accessories,Wearable Accessories,Sunglasses,1,158.98,158.98,29.26,"Henry Johnson | Lincoln, Nebraska",1183
1185,03-30-23,Joshua Brown,Philadelphia,Pennsylvania,East,United States,Home & Furniture,Home Decor,Vase,1,739.11,739.11,251.72,"Joshua Brown | Philadelphia, Pennsylvania",1184
1186,01-13-24,Becky Warren,Cheyenne,Wyoming,West,United States,Home & Furniture,Storage,Closet Organizer,1,618.86,618.86,184.63,"Becky Warren | Cheyenne, Wyoming",1185
1187,04-29-24,Lisa Blake,Grand Rapids,Michigan,Centre,United States,Home & Furniture,Home Decor,Vase,1,642.93,642.93,172.26,"Lisa Blake | Grand Rapids, Michigan",1186
1188,06-22-23,Bradley Burke,Sacramento,California,West,United States,Clothing & Apparel,Men's Wear,GAP Hoodie,1,158.77,158.77,69.98,"Bradley Burke | Sacramento, California",1187
1189,10-18-24,David Smith,Las Vegas,Nevada,West,United States,Home & Furniture,Home Decor,Vase,2,229.32,458.64,145.89,"David Smith | Las Vegas, Nevada",1188
1190,12-07-24,Crystal Alexander,Philadelphia,Pennsylvania,East,United States,Clothing & Apparel,Women's Wear,Old Navy Dress,1,439.87,439.87,134.93,"Crystal Alexander | Philadelphia, Pennsylvania",1189
1191,11-25-23,Heather Pratt,Santa Fe,New Mexico,West,United States,Accessories,Small Electronics,Power Bank,1,101.5,101.5,29.22,"Heather Pratt | Santa Fe, New Mexico",1190
1192,11-27-23,William Thomas DDS,Charleston,West Virginia,South,United States,Home & Furniture,Kitchenware,Instant Pot,2,278.3,556.6,184.61,"William Thomas DDS | Charleston, West Virginia",1191
1193,08-05-24,Angela Hutchinson,Provo,Utah,West,United States,Clothing & Apparel,Footwear,Timberland Boots,1,342.01,342.01,144.57,"Angela Hutchinson | Provo, Utah",1192
1194,08-29-24,Anna Brown,Nashua,New Hampshire,East,United States,Home & Furniture,Furniture,Ashley Recliner,2,366.89,733.78,168.37,"Anna Brown | Nashua, New Hampshire",1193
1195,10-25-24,Steven Mcdowell,Augusta,Maine,East,United States,Home & Furniture,Storage,Storage Rack,3,431.78,1295.34,198.38,"Steven Mcdowell | Augusta, Maine",1194
1196,10-17-24,Tiffany Schwartz,Philadelphia,Pennsylvania,East,United States,Clothing & Apparel,Footwear,Crocs,2,46.08,92.16,21.47,"Tiffany Schwartz | Philadelphia, Pennsylvania",1195
1197,11-30-24,Matthew Williamson,Cedar Rapids,Iowa,Centre,United States,Accessories,Bags,Backpack,1,134.91,134.91,67.38,"Matthew Williamson | Cedar Rapids, Iowa",1196
1198,12-13-24,Daniel Montes,Atlanta,Georgia,South,United States,Home & Furniture,Home Decor,Vase,1,400.45,400.45,61.11,"Daniel Montes | Atlanta, Georgia",1197
1199,11-27-24,Stephanie Pena,Santa Fe,New Mexico,West,United States,Home & Furniture,Home Decor,Wall Art,4,223.48,893.92,304.91,"Stephanie Pena | Santa Fe, New Mexico",1198
1200,08-27-24,Tracy Atkins,Manchester,New Hampshire,East,United States,Accessories,Bags,Wallet,1,148.65,148.65,41.5,"Tracy Atkins | Manchester, New Hampshire",1199
1201,04-04-23,Christopher Howell,Rapid City,South Dakota,Centre,United States,Clothing & Apparel,Footwear,Nike Running Shoes,1,319.6,319.6,135.08,"Christopher Howell | Rapid City, South Dakota",1200
1202,11-21-23,David Johnson,Columbia,South Carolina,South,United States,Accessories,Wearable Accessories,Sunglasses,4,249.97,999.88,193.83,"David Johnson | Columbia, South Carolina",1201
1203,10-07-23,Brianna Wagner,Cedar Rapids,Iowa,Centre,United States,Home & Furniture,Furniture,IKEA Sofa,1,590.56,590.56,115.17,"Brianna Wagner | Cedar Rapids, Iowa",1202
1204,10-17-23,Janet Vaughn,New Haven,Connecticut,East,United States,Electronics,TVs & Audio,LG OLED TV,1,554.95,554.95,77.34,"Janet Vaughn | New Haven, Connecticut",1203
1205,12-09-23,Joshua Cowan,Augusta,Maine,East,United States,Electronics,Home Appliances,Dyson Vacuum,1,521.66,521.66,95.83,"Joshua Cowan | Augusta, Maine",1204
1206,12-14-23,Heather Johnson,Cedar Rapids,Iowa,Centre,United States,Clothing & Apparel,Kids Wear,Children's Hoodie,2,150.66,301.32,130.96,"Heather Johnson | Cedar Rapids, Iowa",1205
1207,11-19-24,Vanessa Dixon,Boston,Massachusetts,East,United States,Electronics,Smartphones,Apple iPhone 14,1,1006.47,1006.47,101.47,"Vanessa Dixon | Boston, Massachusetts",1206
1208,06-19-23,Charles Harrison,Phoenix,Arizona,West,United States,Clothing & Apparel,Men's Wear,Under Armour T-Shirt,2,479.65,959.3,250.87,"Charles Harrison | Phoenix, Arizona",1207
1209,09-30-23,Allison Jackson,Lexington,Kentucky,South,United States,Electronics,Tablets,Samsung Galaxy Tab,2,454.53,909.06,180.02,"Allison Jackson | Lexington, Kentucky",1208
1210,11-16-24,Jesse Yang,Reno,Nevada,West,United States,Clothing & Apparel,Kids Wear,Carter's Onesie,1,384.98,384.98,172.28,"Jesse Yang | Reno, Nevada",1209
1211,07-16-23,Sarah Hernandez,Detroit,Michigan,Centre,United States,Clothing & Apparel,Footwear,Crocs,2,292.91,585.82,125.47,"Sarah Hernandez | Detroit, Michigan",1210
1212,04-21-24,Jennifer Casey,Montpelier,Vermont,East,United States,Home & Furniture,Home Decor,Throw Pillows,2,74.02,148.04,27.93,"Jennifer Casey | Montpelier, Vermont",1211
1213,11-25-23,Tina Cabrera,Oklahoma City,Oklahoma,South,United States,Clothing & Apparel,Sportswear,Nike Air Force 1,4,286.99,1147.96,438.98,"Tina Cabrera | Oklahoma City, Oklahoma",1212
1214,08-02-24,George Beck,Sioux Falls,South Dakota,Centre,United States,Home & Furniture,Home Decor,Wall Art,5,797.02,3985.1,591.73,"George Beck | Sioux Falls, South Dakota",1213
1215,10-31-24,Veronica Brown,Colorado Springs,Colorado,West,United States,Electronics,Laptops,MacBook Air,2,632.73,1265.46,188.95,"Veronica Brown | Colorado Springs, Colorado",1214
1216,04-25-23,Emma Willis,Baltimore,Maryland,East,United States,Clothing & Apparel,Women's Wear,Zara Blouse,1,296.66,296.66,121.17,"Emma Willis | Baltimore, Maryland",1215
1217,08-03-24,Tracy Wood,Newark,New Jersey,East,United States,Accessories,Small Electronics,Power Bank,3,112.39,337.17,64.43,"Tracy Wood | Newark, New Jersey",1216
1218,06-02-23,Kelly Arnold,Madison,Wisconsin,Centre,United States,Clothing & Apparel,Footwear,Nike Running Shoes,1,379.76,379.76,99.65,"Kelly Arnold | Madison, Wisconsin",1217
1219,12-02-24,Edwin Black,Oklahoma City,Oklahoma,South,United States,Accessories,Wearable Accessories,Watch Strap,3,221.36,664.08,131.35,"Edwin Black | Oklahoma City, Oklahoma",1218
1220,12-04-23,John Miller,Des Moines,Iowa,Centre,United States,Home & Furniture,Storage,Storage Rack,2,234.09,468.18,142.89,"John Miller | Des Moines, Iowa",1219
1221,01-28-24,Victoria Ho,Cincinnati,Ohio,Centre,United States,Home & Furniture,Home Decor,Wall Art,1,822.62,822.62,148.99,"Victoria Ho | Cincinnati, Ohio",1220
1222,11-13-24,Julia Lee,Manchester,New Hampshire,East,United States,Home & Furniture,Bedding,Tempur-Pedic Mattress,4,556.36,2225.44,745.9,"Julia Lee | Manchester, New Hampshire",1221
1223,11-04-24,Brenda Williams,St. Paul,Minnesota,Centre,United States,Electronics,Wearables,Fitbit Charge,1,494.7,494.7,39.6,"Brenda Williams | St. Paul, Minnesota",1222
1224,11-20-23,Craig Miller,Philadelphia,Pennsylvania,East,United States,Clothing & Apparel,Kids Wear,Children's Hoodie,3,402.15,1206.45,413.8,"Craig Miller | Philadelphia, Pennsylvania",1223
1225,03-26-23,Tiffany Kaufman,Nashua,New Hampshire,East,United States,Accessories,Wearable Accessories,Sunglasses,2,67.41,134.82,32.16,"Tiffany Kaufman | Nashua, New Hampshire",1224
1226,06-04-24,Timothy Patel,Springfield,Illinois,Centre,United States,Electronics,Tablets,Samsung Galaxy Tab,1,478.17,478.17,64.68,"Timothy Patel | Springfield, Illinois",1225
1227,12-01-24,Betty Powell,Austin,Texas,South,United States,Home & Furniture,Home Decor,Throw Pillows,1,214.52,214.52,28.99,"Betty Powell | Austin, Texas",1226
1228,02-26-24,Laura Mccoy,Des Moines,Iowa,Centre,United States,Clothing & Apparel,Men's Wear,Under Armour T-Shirt,1,266.18,266.18,96.88,"Laura Mccoy | Des Moines, Iowa",1227
1229,04-26-24,Natalie Obrien,Rochester,New York,East,United States,Clothing & Apparel,Women's Wear,Old Navy Dress,2,341.8,683.6,216.26,"Natalie Obrien | Rochester, New York",1228
1230,03-17-24,Charles Curtis,Minneapolis,Minnesota,Centre,United States,Clothing & Apparel,Footwear,Nike Running Shoes,1,481.29,481.29,194.17,"Charles Curtis | Minneapolis, Minnesota",1229
1231,09-20-23,Michele Shaw,Lincoln,Nebraska,Centre,United States,Home & Furniture,Home Decor,Wall Art,1,717.17,717.17,93.2,"Michele Shaw | Lincoln, Nebraska",1230
1232,12-24-23,Cynthia Smith,Miami,Florida,South,United States,Accessories,Small Electronics,Charging Cable,2,158.41,316.82,69.24,"Cynthia Smith | Miami, Florida",1231
1233,11-05-24,Jared Miller,Orlando,Florida,South,United States,Home & Furniture,Kitchenware,KitchenAid Mixer,1,161.05,161.05,49.95,"Jared Miller | Orlando, Florida",1232
1234,11-19-23,Christopher Walker,Hartford,Connecticut,East,United States,Electronics,Wearables,Fitbit Charge,1,640.42,640.42,88.81,"Christopher Walker | Hartford, Connecticut",1233
1235,07-12-24,Sean Brown,Philadelphia,Pennsylvania,East,United States,Electronics,Tablets,iPad Pro,1,815.41,815.41,81.85,"Sean Brown | Philadelphia, Pennsylvania",1234
1236,05-20-24,Michelle Frye,Las Vegas,Nevada,West,United States,Accessories,Small Electronics,Phone Case,2,134.92,269.84,94.78,"Michelle Frye | Las Vegas, Nevada",1235
1237,09-26-24,Charles White,Boston,Massachusetts,East,United States,Electronics,Laptops,Dell XPS 13,4,489.87,1959.48,368.84,"Charles White | Boston, Massachusetts",1236
1238,11-28-23,Christopher Donaldson,Chicago,Illinois,Centre,United States,Clothing & Apparel,Kids Wear,Children's Hoodie,4,211.39,845.56,346.89,"Christopher Donaldson | Chicago, Illinois",1237
1239,07-22-24,Dr. Erik Thomas Jr.,Worcester,Massachusetts,East,United States,Clothing & Apparel,Sportswear,Nike Air Force 1,1,299.68,299.68,97.33,"Dr. Erik Thomas Jr. | Worcester, Massachusetts",1238
1240,10-14-23,Gregg King,Wilmington,Delaware,East,United States,Electronics,Laptops,Dell XPS 13,1,548.62,548.62,57.14,"Gregg King | Wilmington, Delaware",1239
1241,12-02-23,Christina Murray,Fort Wayne,Indiana,Centre,United States,Electronics,Smartphones,Samsung Galaxy S23,2,163.92,327.84,61.98,"Christina Murray | Fort Wayne, Indiana",1240
1242,06-01-23,Kelly Hansen,Burlington,Vermont,East,United States,Home & Furniture,Home Decor,Throw Pillows,1,605.84,605.84,163.65,"Kelly Hansen | Burlington, Vermont",1241
1243,10-18-23,Mary Mcbride,Rapid City,South Dakota,Centre,United States,Electronics,Wearables,Apple Watch,1,502.86,502.86,40.43,"Mary Mcbride | Rapid City, South Dakota",1242
1244,05-17-24,Ashley White,Fayetteville,Arkansas,South,United States,Clothing & Apparel,Women's Wear,Old Navy Dress,1,324.78,324.78,111.48,"Ashley White | Fayetteville, Arkansas",1243
1245,10-13-23,Keith Lewis,Tucson,Arizona,West,United States,Electronics,Smartphones,Samsung Galaxy S23,1,659.08,659.08,57.23,"Keith Lewis | Tucson, Arizona",1244
1246,09-03-24,Katherine Lopez,San Francisco,California,West,United States,Electronics,TVs & Audio,Bose Soundbar,1,493.03,493.03,52.17,"Katherine Lopez | San Francisco, California",1245
1247,03-13-23,Steve Brown,Boston,Massachusetts,East,United States,Accessories,Wearable Accessories,Belt,1,220.26,220.26,81.04,"Steve Brown | Boston, Massachusetts",1246
1248,12-15-23,Brian Hurst,Santa Fe,New Mexico,West,United States,Electronics,Laptops,MacBook Air,5,857.51,4287.55,706.18,"Brian Hurst | Santa Fe, New Mexico",1247
1249,05-01-24,Ivan Johnson,Boston,Massachusetts,East,United States,Accessories,Small Electronics,Charging Cable,2,187.69,375.38,136.66,"Ivan Johnson | Boston, Massachusetts",1248
1250,01-26-24,Nicole Johnson,Dover,Delaware,East,United States,Clothing & Apparel,Women's Wear,Old Navy Dress,1,97.48,97.48,28.14,"Nicole Johnson | Dover, Delaware",1249
1251,11-30-23,Curtis Morgan,Colorado Springs,Colorado,West,United States,Clothing & Apparel,Sportswear,Nike Air Force 1,2,417.8,835.6,202.52,"Curtis Morgan | Colorado Springs, Colorado",1250
1252,07-27-24,Mr. William Kelley MD,Richmond,Virginia,South,United States,Clothing & Apparel,Sportswear,Adidas Tracksuit,1,260.58,260.58,58.8,"Mr. William Kelley MD | Richmond, Virginia",1251
1253,06-20-24,Erica Hodge,Dover,Delaware,East,United States,Electronics,Wearables,Apple Watch,1,745.23,745.23,80.68,"Erica Hodge | Dover, Delaware",1252
1254,09-20-24,Diana Baker,Topeka,Kansas,Centre,United States,Home & Furniture,Kitchenware,Cookware Set,2,190.97,381.94,71.79,"Diana Baker | Topeka, Kansas",1253
1255,11-01-24,Michael Poole,Hartford,Connecticut,East,United States,Clothing & Apparel,Women's Wear,Old Navy Dress,1,193.93,193.93,40.72,"Michael Poole | Hartford, Connecticut",1254
1256,11-30-24,Eric Velazquez,Savannah,Georgia,South,United States,Clothing & Apparel,Sportswear,Nike Air Force 1,3,216.16,648.48,240.74,"Eric Velazquez | Savannah, Georgia",1255
1257,12-15-23,Brittany Mendez,Cincinnati,Ohio,Centre,United States,Electronics,Smartphones,Apple iPhone 14,2,975.32,1950.64,301.7,"Brittany Mendez | Cincinnati, Ohio",1256
1258,12-08-23,Randy Watson,Annapolis,Maryland,East,United States,Electronics,TVs & Audio,LG OLED TV,1,454.33,454.33,42.0,"Randy Watson | Annapolis, Maryland",1257
1259,04-25-24,Stephanie Kennedy,Annapolis,Maryland,East,United States,Clothing & Apparel,Kids Wear,Children's Hoodie,1,351.57,351.57,109.48,"Stephanie Kennedy | Annapolis, Maryland",1258
1260,08-22-24,Karen Moody MD,Pittsburgh,Pennsylvania,East,United States,Electronics,Smartphones,Samsung Galaxy S23,1,883.95,883.95,119.26,"Karen Moody MD | Pittsburgh, Pennsylvania",1259
1261,07-24-23,Tara Young MD,Grand Rapids,Michigan,Centre,United States,Home & Furniture,Home Decor,Throw Pillows,2,752.92,1505.84,460.94,"Tara Young MD | Grand Rapids, Michigan",1260
1262,09-27-23,Johnathan Sparks,Indianapolis,Indiana,Centre,United States,Accessories,Small Electronics,Power Bank,1,118.13,118.13,24.27,"Johnathan Sparks | Indianapolis, Indiana",1261
1263,12-16-23,Craig Lowery,Baltimore,Maryland,East,United States,Home & Furniture,Home Decor,Vase,1,790.53,790.53,274.48,"Craig Lowery | Baltimore, Maryland",1262
1264,08-27-24,Kenneth Baker,Boston,Massachusetts,East,United States,Home & Furniture,Bedding,Tempur-Pedic Mattress,1,964.39,964.39,169.17,"Kenneth Baker | Boston, Massachusetts",1263
1265,07-29-23,John Smith,Manchester,New Hampshire,East,United States,Accessories,Small Electronics,Phone Case,1,49.11,49.11,12.23,"John Smith | Manchester, New Hampshire",1264
1266,11-20-24,Catherine Leon,Houston,Texas,South,United States,Home & Furniture,Home Decor,Throw Pillows,2,520.81,1041.62,147.69,"Catherine Leon | Houston, Texas",1265
1267,11-26-23,Carol Johnson,San Jose,California,West,United States,Accessories,Wearable Accessories,Belt,5,158.26,791.3,282.08,"Carol Johnson | San Jose, California",1266
1268,09-01-24,Jaime Perry,Hartford,Connecticut,East,United States,Clothing & Apparel,Footwear,Nike Running Shoes,2,238.87,477.74,210.86,"Jaime Perry | Hartford, Connecticut",1267
1269,07-18-24,Heather Higgins,Aurora,Illinois,Centre,United States,Electronics,Laptops,Lenovo ThinkPad,1,682.26,682.26,63.15,"Heather Higgins | Aurora, Illinois",1268
1270,05-12-23,Matthew Anderson,Oklahoma City,Oklahoma,South,United States,Home & Furniture,Bedding,Tempur-Pedic Mattress,2,779.75,1559.5,218.58,"Matthew Anderson | Oklahoma City, Oklahoma",1269
1271,11-08-23,Joseph Davidson,Atlanta,Georgia,South,United States,Clothing & Apparel,Women's Wear,Old Navy Dress,1,257.15,257.15,56.37,"Joseph Davidson | Atlanta, Georgia",1270
1272,11-13-24,Julia Bentley,Los Angeles,California,West,United States,Electronics,Home Appliances,Instant Pot,5,932.7,4663.5,480.58,"Julia Bentley | Los Angeles, California",1271
1273,07-01-23,Daniel James,Tallahassee,Florida,South,United States,Home & Furniture,Bedding,Brooklinen Sheets,1,665.25,665.25,90.26,"Daniel James | Tallahassee, Florida",1272
1274,05-24-24,Kristopher Day,Cedar Rapids,Iowa,Centre,United States,Clothing & Apparel,Sportswear,Nike Air Force 1,3,97.54,292.62,94.14,"Kristopher Day | Cedar Rapids, Iowa",1273
1275,04-29-24,Patrick Rogers,Springfield,Illinois,Centre,United States,Clothing & Apparel,Kids Wear,Children's Hoodie,1,293.82,293.82,65.96,"Patrick Rogers | Springfield, Illinois",1274
1276,04-19-23,Kathleen Shah,Santa Fe,New Mexico,West,United States,Electronics,Tablets,iPad Pro,1,620.15,620.15,110.5,"Kathleen Shah | Santa Fe, New Mexico",1275
1277,03-29-24,Andre Bailey,Virginia Beach,Virginia,South,United States,Home & Furniture,Kitchenware,Instant Pot,3,828.97,2486.91,735.57,"Andre Bailey | Virginia Beach, Virginia",1276
1278,01-26-23,Daniel Richardson,Santa Fe,New Mexico,West,United States,Home & Furniture,Furniture,Ashley Recliner,1,101.07,101.07,29.2,"Daniel Richardson | Santa Fe, New Mexico",1277
1279,11-10-23,Rachel Robinson,Cincinnati,Ohio,Centre,United States,Electronics,Laptops,MacBook Air,4,675.9,2703.6,297.05,"Rachel Robinson | Cincinnati, Ohio",1278
1280,03-07-23,Susan Chandler,Dover,Delaware,East,United States,Electronics,Smartphones,Apple iPhone 14,1,527.97,527.97,57.08,"Susan Chandler | Dover, Delaware",1279
1281,08-11-24,Dr. Kylie Escobar,Topeka,Kansas,Centre,United States,Electronics,Smartphones,Google Pixel 7,1,535.81,535.81,80.59,"Dr. Kylie Escobar | Topeka, Kansas",1280
1282,07-31-23,Paula Daniels PhD,Austin,Texas,South,United States,Clothing & Apparel,Sportswear,Nike Air Force 1,1,117.64,117.64,41.82,"Paula Daniels PhD | Austin, Texas",1281
1283,11-17-24,Curtis Stone,Charleston,West Virginia,South,United States,Home & Furniture,Home Decor,Throw Pillows,3,855.15,2565.45,446.97,"Curtis Stone | Charleston, West Virginia",1282
1284,07-02-23,Christy Ward,Dallas,Texas,South,United States,Electronics,Tablets,iPad Pro,1,846.39,846.39,138.25,"Christy Ward | Dallas, Texas",1283
1285,01-11-24,Heather Swanson,Nashville,Tennessee,South,United States,Electronics,Laptops,MacBook Air,2,892.65,1785.3,157.4,"Heather Swanson | Nashville, Tennessee",1284
1286,02-23-24,Jason Miller,Boise,Idaho,West,United States,Home & Furniture,Kitchenware,KitchenAid Mixer,1,121.73,121.73,33.73,"Jason Miller | Boise, Idaho",1285
1287,12-05-24,Danny Dudley,Nashua,New Hampshire,East,United States,Accessories,Wearable Accessories,Watch Strap,2,182.99,365.98,166.17,"Danny Dudley | Nashua, New Hampshire",1286
1288,06-20-24,Carrie Miller,Savannah,Georgia,South,United States,Home & Furniture,Furniture,Ashley Recliner,1,595.82,595.82,122.11,"Carrie Miller | Savannah, Georgia",1287
1289,10-10-24,Ronald Foley,Grand Rapids,Michigan,Centre,United States,Accessories,Bags,Tote Bag,3,224.78,674.34,238.58,"Ronald Foley | Grand Rapids, Michigan",1288
1290,04-01-23,Derrick Jones,St. Paul,Minnesota,Centre,United States,Clothing & Apparel,Sportswear,Adidas Tracksuit,2,25.72,51.44,19.5,"Derrick Jones | St. Paul, Minnesota",1289
1291,07-03-24,Kathryn Wright,Boston,Massachusetts,East,United States,Clothing & Apparel,Footwear,Timberland Boots,1,398.98,398.98,121.57,"Kathryn Wright | Boston, Massachusetts",1290
1292,10-13-23,Andrew Lopez,Springfield,Illinois,Centre,United States,Home & Furniture,Home Decor,Vase,2,599.36,1198.72,250.09,"Andrew Lopez | Springfield, Illinois",1291
1293,08-29-24,Scott Thomas,Fort Wayne,Indiana,Centre,United States,Clothing & Apparel,Footwear,Crocs,1,184.7,184.7,50.2,"Scott Thomas | Fort Wayne, Indiana",1292
1294,02-06-24,Jillian Smith,Tucson,Arizona,West,United States,Electronics,Smartphones,Samsung Galaxy S23,3,121.04,363.12,66.49,"Jillian Smith | Tucson, Arizona",1293
1295,06-30-23,Jake Berry,San Jose,California,West,United States,Clothing & Apparel,Sportswear,Adidas Tracksuit,2,93.69,187.38,66.79,"Jake Berry | San Jose, California",1294
1296,04-11-23,Douglas Olson,Colorado Springs,Colorado,West,United States,Home & Furniture,Bedding,Brooklinen Sheets,1,166.01,166.01,31.76,"Douglas Olson | Colorado Springs, Colorado",1295
1297,07-21-24,Robert Meadows,Annapolis,Maryland,East,United States,Accessories,Bags,Wallet,1,166.15,166.15,67.69,"Robert Meadows | Annapolis, Maryland",1296
1298,03-16-24,Adam Martin,Hartford,Connecticut,East,United States,Electronics,TVs & Audio,Sony Bravia TV,3,992.46,2977.38,580.83,"Adam Martin | Hartford, Connecticut",1297
1299,12-18-23,Cheryl Medina,Cheyenne,Wyoming,West,United States,Electronics,TVs & Audio,LG OLED TV,2,508.58,1017.16,175.72,"Cheryl Medina | Cheyenne, Wyoming",1298
1300,05-28-23,Brandon Cervantes,San Jose,California,West,United States,Clothing & Apparel,Men's Wear,Levi's Jeans,1,455.84,455.84,133.15,"Brandon Cervantes | San Jose, California",1299
1301,08-07-24,John Oconnor,Pittsburgh,Pennsylvania,East,United States,Accessories,Small Electronics,Phone Case,2,154.56,309.12,119.13,"John Oconnor | Pittsburgh, Pennsylvania",1300
1302,03-08-23,Brent Roy,Boise,Idaho,West,United States,Clothing & Apparel,Women's Wear,Zara Blouse,2,370.63,741.26,253.73,"Brent Roy | Boise, Idaho",1301
1303,11-13-23,Robert Hall,Chicago,Illinois,Centre,United States,Accessories,Small Electronics,Charging Cable,1,154.9,154.9,31.56,"Robert Hall | Chicago, Illinois",1302
1304,04-11-24,Brian Salinas,Jersey City,New Jersey,East,United States,Home & Furniture,Kitchenware,Cookware Set,3,263.56,790.68,257.35,"Brian Salinas | Jersey City, New Jersey",1303
1305,05-28-24,Hector Johnson,Annapolis,Maryland,East,United States,Home & Furniture,Kitchenware,KitchenAid Mixer,2,459.64,919.28,215.07,"Hector Johnson | Annapolis, Maryland",1304
1306,12-01-24,Karen Davidson,Sioux Falls,South Dakota,Centre,United States,Clothing & Apparel,Footwear,Timberland Boots,1,135.53,135.53,33.96,"Karen Davidson | Sioux Falls, South Dakota",1305
1307,03-01-23,Wayne Stone,Wilmington,Delaware,East,United States,Clothing & Apparel,Women's Wear,Old Navy Dress,2,391.74,783.48,280.29,"Wayne Stone | Wilmington, Delaware",1306
1308,09-09-24,Denise Bailey,Billings,Montana,West,United States,Clothing & Apparel,Women's Wear,Zara Blouse,2,50.61,101.22,24.2,"Denise Bailey | Billings, Montana",1307
1309,01-29-23,Christina Ritter,Milwaukee,Wisconsin,Centre,United States,Clothing & Apparel,Kids Wear,Carter's Onesie,3,251.18,753.54,326.45,"Christina Ritter | Milwaukee, Wisconsin",1308
1310,10-20-24,Scott Williams,Chandler,Arizona,West,United States,Home & Furniture,Furniture,Ashley Recliner,2,143.51,287.02,54.83,"Scott Williams | Chandler, Arizona",1309
1311,01-23-23,Sharon Yoder,Nashville,Tennessee,South,United States,Clothing & Apparel,Men's Wear,Levi's Jeans,1,170.69,170.69,69.91,"Sharon Yoder | Nashville, Tennessee",1310
1312,05-19-24,Jane Potter,San Jose,California,West,United States,Clothing & Apparel,Men's Wear,Levi's Jeans,2,57.81,115.62,28.88,"Jane Potter | San Jose, California",1311
1313,05-15-24,Joshua Brown,Milwaukee,Wisconsin,Centre,United States,Clothing & Apparel,Kids Wear,Carter's Onesie,1,343.48,343.48,104.98,"Joshua Brown | Milwaukee, Wisconsin",1312
1314,02-02-24,Rhonda Davis,Hartford,Connecticut,East,United States,Home & Furniture,Kitchenware,Instant Pot,4,384.66,1538.64,447.39,"Rhonda Davis | Hartford, Connecticut",1313
1315,01-11-24,Shannon House,Nashua,New Hampshire,East,United States,Electronics,Laptops,MacBook Air,2,594.21,1188.42,228.22,"Shannon House | Nashua, New Hampshire",1314
1316,11-04-23,Michael Malone,Fort Smith,Arkansas,South,United States,Clothing & Apparel,Men's Wear,Under Armour T-Shirt,2,299.05,598.1,153.71,"Michael Malone | Fort Smith, Arkansas",1315
1317,01-22-23,Daniel Jones,Madison,Wisconsin,Centre,United States,Home & Furniture,Home Decor,Wall Art,1,395.15,395.15,56.59,"Daniel Jones | Madison, Wisconsin",1316
1318,11-28-24,Eric Taylor,Des Moines,Iowa,Centre,United States,Home & Furniture,Home Decor,Vase,1,378.5,378.5,78.75,"Eric Taylor | Des Moines, Iowa",1317
1319,11-07-23,Nicole Bailey,Spokane,Washington,West,United States,Home & Furniture,Storage,Storage Rack,2,836.04,1672.08,302.42,"Nicole Bailey | Spokane, Washington",1318
1320,03-05-23,Sarah Smith,Billings,Montana,West,United States,Accessories,Small Electronics,Charging Cable,2,178.94,357.88,167.64,"Sarah Smith | Billings, Montana",1319
1321,10-12-24,Jason Reynolds,Provo,Utah,West,United States,Home & Furniture,Furniture,Dining Table Set,2,896.75,1793.5,564.66,"Jason Reynolds | Provo, Utah",1320
1322,04-18-23,Karen Sherman,Mesa,Arizona,West,United States,Accessories,Wearable Accessories,Watch Strap,1,236.77,236.77,105.59,"Karen Sherman | Mesa, Arizona",1321
1323,09-04-24,Aaron Bishop,San Jose,California,West,United States,Accessories,Bags,Wallet,1,142.09,142.09,31.14,"Aaron Bishop | San Jose, California",1322
1324,10-26-24,Tommy Cummings,Nashua,New Hampshire,East,United States,Electronics,Tablets,Samsung Galaxy Tab,1,306.99,306.99,33.76,"Tommy Cummings | Nashua, New Hampshire",1323
1325,11-21-23,Michael Cole,Milwaukee,Wisconsin,Centre,United States,Electronics,Wearables,Apple Watch,1,707.37,707.37,130.67,"Michael Cole | Milwaukee, Wisconsin",1324
1326,05-23-23,Brandon Farley,Montpelier,Vermont,East,United States,Clothing & Apparel,Women's Wear,Old Navy Dress,2,302.87,605.74,235.29,"Brandon Farley | Montpelier, Vermont",1325
1327,10-20-23,Larry Foster,Annapolis,Maryland,East,United States,Home & Furniture,Furniture,IKEA Sofa,2,821.67,1643.34,298.88,"Larry Foster | Annapolis, Maryland",1326
1328,02-22-24,Brittany Boone,Boston,Massachusetts,East,United States,Clothing & Apparel,Footwear,Nike Running Shoes,4,66.44,265.76,60.6,"Brittany Boone | Boston, Massachusetts",1327
1329,04-30-24,Dana Crawford,Grand Rapids,Michigan,Centre,United States,Clothing & Apparel,Men's Wear,Levi's Jeans,4,63.82,255.28,64.56,"Dana Crawford | Grand Rapids, Michigan",1328
1330,02-28-23,Linda Buchanan,Tucson,Arizona,West,United States,Electronics,Tablets,iPad Pro,2,730.72,1461.44,135.7,"Linda Buchanan | Tucson, Arizona",1329
1331,09-09-23,Adrian Wyatt,Milwaukee,Wisconsin,Centre,United States,Electronics,Laptops,MacBook Air,2,1153.64,2307.28,436.69,"Adrian Wyatt | Milwaukee, Wisconsin",1330
1332,07-23-23,Denise Cunningham,Wilmington,Delaware,East,United States,Home & Furniture,Kitchenware,Instant Pot,2,34.67,69.34,21.13,"Denise Cunningham | Wilmington, Delaware",1331
1333,12-01-23,Heather Jackson,Rochester,New York,East,United States,Home & Furniture,Bedding,Brooklinen Sheets,2,769.14,1538.28,264.76,"Heather Jackson | Rochester, New York",1332
1334,10-07-23,Andrew Brown,Chicago,Illinois,Centre,United States,Home & Furniture,Bedding,Brooklinen Sheets,2,412.46,824.92,180.72,"Andrew Brown | Chicago, Illinois",1333
1335,10-14-23,Pamela Lopez,San Diego,California,West,United States,Accessories,Bags,Tote Bag,1,114.6,114.6,55.63,"Pamela Lopez | San Diego, California",1334
1336,09-03-23,Michelle Velez,New York City,New York,East,United States,Accessories,Wearable Accessories,Belt,2,153.64,307.28,104.84,"Michelle Velez | New York City, New York",1335
1337,05-05-23,Kathy Miller,Provo,Utah,West,United States,Home & Furniture,Kitchenware,KitchenAid Mixer,1,376.03,376.03,131.22,"Kathy Miller | Provo, Utah",1336
1338,03-30-23,Gregory Wallace,Charleston,West Virginia,South,United States,Home & Furniture,Home Decor,Throw Pillows,3,332.5,997.5,252.89,"Gregory Wallace | Charleston, West Virginia",1337
1339,09-15-23,Michael Howard,Worcester,Massachusetts,East,United States,Electronics,TVs & Audio,LG OLED TV,1,287.49,287.49,55.08,"Michael Howard | Worcester, Massachusetts",1338
1340,08-11-24,Anna Cooley,Mobile,Alabama,South,United States,Clothing & Apparel,Women's Wear,Zara Blouse,1,425.4,425.4,101.36,"Anna Cooley | Mobile, Alabama",1339
1341,08-01-24,Kayla Thomas,New York City,New York,East,United States,Electronics,TVs & Audio,LG OLED TV,3,192.58,577.74,114.78,"Kayla Thomas | New York City, New York",1340
1342,11-09-24,Michael Hammond,Denver,Colorado,West,United States,Clothing & Apparel,Sportswear,Nike Air Force 1,5,83.84,419.2,180.72,"Michael Hammond | Denver, Colorado",1341
1343,10-24-24,Charles Barrera,Casper,Wyoming,West,United States,Home & Furniture,Storage,Closet Organizer,1,213.97,213.97,69.3,"Charles Barrera | Casper, Wyoming",1342
1344,12-11-23,Michael Villa,Salt Lake City,Utah,West,United States,Accessories,Small Electronics,Power Bank,3,236.86,710.58,205.31,"Michael Villa | Salt Lake City, Utah",1343
1345,10-20-24,Jose Riddle,Tulsa,Oklahoma,South,United States,Clothing & Apparel,Kids Wear,Carter's Onesie,1,97.03,97.03,24.24,"Jose Riddle | Tulsa, Oklahoma",1344
1346,11-28-23,Adam Edwards,New York City,New York,East,United States,Clothing & Apparel,Women's Wear,Zara Blouse,3,80.11,240.33,77.8,"Adam Edwards | New York City, New York",1345
1347,11-27-24,Dawn Dominguez,Gulfport,Mississippi,South,United States,Clothing & Apparel,Women's Wear,Zara Blouse,2,290.04,580.08,135.67,"Dawn Dominguez | Gulfport, Mississippi",1346
1348,05-11-23,Keith Rodriguez,Austin,Texas,South,United States,Electronics,TVs & Audio,LG OLED TV,3,493.71,1481.13,147.25,"Keith Rodriguez | Austin, Texas",1347
1349,09-13-24,Charles Reilly,Rapid City,South Dakota,Centre,United States,Accessories,Small Electronics,Charging Cable,1,224.21,224.21,64.18,"Charles Reilly | Rapid City, South Dakota",1348
1350,09-16-23,Joshua Ramirez,Bismarck,North Dakota,Centre,United States,Clothing & Apparel,Men's Wear,Levi's Jeans,4,182.39,729.56,313.61,"Joshua Ramirez | Bismarck, North Dakota",1349
1351,10-21-24,David Garcia,Mobile,Alabama,South,United States,Accessories,Bags,Backpack,1,150.97,150.97,68.29,"David Garcia | Mobile, Alabama",1350
1352,07-11-24,Travis Reeves,Chandler,Arizona,West,United States,Clothing & Apparel,Sportswear,Adidas Tracksuit,2,291.44,582.88,203.84,"Travis Reeves | Chandler, Arizona",1351
1353,01-08-24,Troy Robinson,Mesa,Arizona,West,United States,Electronics,Tablets,iPad Pro,1,647.51,647.51,66.78,"Troy Robinson | Mesa, Arizona",1352
1354,08-04-24,Tamara Vasquez,Augusta,Maine,East,United States,Clothing & Apparel,Men's Wear,Under Armour T-Shirt,1,319.34,319.34,66.33,"Tamara Vasquez | Augusta, Maine",1353
1355,11-12-24,Dr. Daniel Simpson,Hartford,Connecticut,East,United States,Electronics,Wearables,Apple Watch,4,648.27,2593.08,351.79,"Dr. Daniel Simpson | Hartford, Connecticut",1354
1356,09-30-24,Jorge Webb,Houston,Texas,South,United States,Clothing & Apparel,Kids Wear,Carter's Onesie,2,320.07,640.14,282.67,"Jorge Webb | Houston, Texas",1355
1357,08-24-24,Connie Sanders,Reno,Nevada,West,United States,Clothing & Apparel,Men's Wear,GAP Hoodie,1,184.15,184.15,63.07,"Connie Sanders | Reno, Nevada",1356
1358,11-12-23,Walter Charles,Wichita,Kansas,Centre,United States,Accessories,Small Electronics,Charging Cable,2,178.82,357.64,98.93,"Walter Charles | Wichita, Kansas",1357
1359,11-06-23,Joseph Wagner,Kansas City,Missouri,Centre,United States,Clothing & Apparel,Sportswear,Adidas Tracksuit,1,177.92,177.92,75.55,"Joseph Wagner | Kansas City, Missouri",1358
1360,07-14-24,Paul Wall,Montpelier,Vermont,East,United States,Electronics,Laptops,Dell XPS 13,1,557.8,557.8,109.1,"Paul Wall | Montpelier, Vermont",1359
1361,11-30-23,Nicole Rollins,Provo,Utah,West,United States,Accessories,Bags,Backpack,1,237.09,237.09,48.19,"Nicole Rollins | Provo, Utah",1360
1362,10-08-24,Keith Bray,Cleveland,Ohio,Centre,United States,Clothing & Apparel,Footwear,Crocs,1,138.29,138.29,37.03,"Keith Bray | Cleveland, Ohio",1361
1363,04-17-23,Laura Woods,Missoula,Montana,West,United States,Clothing & Apparel,Men's Wear,Levi's Jeans,1,297.51,297.51,82.91,"Laura Woods | Missoula, Montana",1362
1364,09-28-24,Shane Sullivan,Jersey City,New Jersey,East,United States,Accessories,Wearable Accessories,Sunglasses,1,244.14,244.14,87.76,"Shane Sullivan | Jersey City, New Jersey",1363
1365,06-02-24,Dr. Andrew Schmidt Jr.,Minneapolis,Minnesota,Centre,United States,Home & Furniture,Storage,Storage Rack,1,110.92,110.92,35.04,"Dr. Andrew Schmidt Jr. | Minneapolis, Minnesota",1364
1366,02-26-23,Brittany Allen,Sioux Falls,South Dakota,Centre,United States,Accessories,Wearable Accessories,Belt,1,224.1,224.1,95.89,"Brittany Allen | Sioux Falls, South Dakota",1365
1367,08-16-24,Paul Dawson,Burlington,Vermont,East,United States,Clothing & Apparel,Kids Wear,Carter's Onesie,3,148.34,445.02,175.44,"Paul Dawson | Burlington, Vermont",1366
1368,12-08-24,Matthew Patterson,New York City,New York,East,United States,Home & Furniture,Kitchenware,Instant Pot,2,586.41,1172.82,220.25,"Matthew Patterson | New York City, New York",1367
1369,11-17-24,Erica Garza,Rapid City,South Dakota,Centre,United States,Electronics,TVs & Audio,LG OLED TV,1,942.12,942.12,102.2,"Erica Garza | Rapid City, South Dakota",1368
1370,04-06-24,Eric Skinner,Tuscaloosa,Alabama,South,United States,Electronics,Tablets,iPad Pro,1,378.0,378.0,48.24,"Eric Skinner | Tuscaloosa, Alabama",1369
1371,10-25-24,Patricia Lawrence,Glendale,Arizona,West,United States,Electronics,Smartphones,Apple iPhone 14,1,690.79,690.79,118.54,"Patricia Lawrence | Glendale, Arizona",1370
1372,11-29-24,Timothy Tucker,Santa Fe,New Mexico,West,United States,Accessories,Wearable Accessories,Belt,1,153.93,153.93,33.6,"Timothy Tucker | Santa Fe, New Mexico",1371
1373,05-20-24,Anthony Lindsey,Worcester,Massachusetts,East,United States,Electronics,Laptops,MacBook Air,3,954.65,2863.95,377.72,"Anthony Lindsey | Worcester, Massachusetts",1372
1374,08-15-23,Michael Thompson DDS,St. Paul,Minnesota,Centre,United States,Home & Furniture,Furniture,IKEA Sofa,2,601.78,1203.56,374.95,"Michael Thompson DDS | St. Paul, Minnesota",1373
1375,11-03-23,Susan Baxter,Madison,Wisconsin,Centre,United States,Electronics,Wearables,Apple Watch,1,144.88,144.88,14.27,"Susan Baxter | Madison, Wisconsin",1374
1376,01-29-24,Jay Pittman,New Haven,Connecticut,East,United States,Clothing & Apparel,Sportswear,Adidas Tracksuit,3,69.17,207.51,47.69,"Jay Pittman | New Haven, Connecticut",1375
1377,07-27-24,Michael Johnson,Virginia Beach,Virginia,South,United States,Electronics,Home Appliances,KitchenAid Mixer,2,388.6,777.2,75.82,"Michael Johnson | Virginia Beach, Virginia",1376
1378,10-25-24,Crystal Lynn,Montpelier,Vermont,East,United States,Home & Furniture,Kitchenware,Instant Pot,5,328.62,1643.1,427.1,"Crystal Lynn | Montpelier, Vermont",1377
1379,11-07-23,Cynthia Gray,Burlington,Vermont,East,United States,Electronics,Home Appliances,Dyson Vacuum,1,720.86,720.86,95.32,"Cynthia Gray | Burlington, Vermont",1378
1380,01-31-23,Mark Berger,Philadelphia,Pennsylvania,East,United States,Electronics,Tablets,Samsung Galaxy Tab,1,172.95,172.95,17.4,"Mark Berger | Philadelphia, Pennsylvania",1379
1381,12-06-24,Nicole Torres,Jersey City,New Jersey,East,United States,Electronics,Laptops,MacBook Air,2,447.46,894.92,165.66,"Nicole Torres | Jersey City, New Jersey",1380
1382,10-12-23,Abigail Davis,Seattle,Washington,West,United States,Clothing & Apparel,Women's Wear,Old Navy Dress,1,143.01,143.01,62.24,"Abigail Davis | Seattle, Washington",1381
1383,08-19-24,Scott Rice,Birmingham,Alabama,South,United States,Clothing & Apparel,Footwear,Timberland Boots,1,227.2,227.2,101.29,"Scott Rice | Birmingham, Alabama",1382
1384,12-19-24,Toni Roberts,Seattle,Washington,West,United States,Electronics,TVs & Audio,Bose Soundbar,1,723.9,723.9,143.99,"Toni Roberts | Seattle, Washington",1383
1385,11-24-23,Taylor Martinez,Dallas,Texas,South,United States,Home & Furniture,Furniture,IKEA Sofa,4,886.56,3546.24,1062.74,"Taylor Martinez | Dallas, Texas",1384
1386,01-18-23,Maureen Goodman,Lexington,Kentucky,South,United States,Home & Furniture,Kitchenware,KitchenAid Mixer,2,762.7,1525.4,277.92,"Maureen Goodman | Lexington, Kentucky",1385
1387,08-15-24,Joshua Hamilton,Birmingham,Alabama,South,United States,Clothing & Apparel,Footwear,Nike Running Shoes,4,380.43,1521.72,517.49,"Joshua Hamilton | Birmingham, Alabama",1386
1388,12-09-23,Joshua Ford,Providence,Rhode Island,East,United States,Clothing & Apparel,Footwear,Nike Running Shoes,1,101.01,101.01,43.23,"Joshua Ford | Providence, Rhode Island",1387
1389,01-16-24,Samantha Thompson,Nashua,New Hampshire,East,United States,Electronics,Laptops,Lenovo ThinkPad,5,307.13,1535.65,261.47,"Samantha Thompson | Nashua, New Hampshire",1388
1390,05-13-23,Stephanie Wells,Austin,Texas,South,United States,Accessories,Small Electronics,Phone Case,3,142.64,427.92,144.4,"Stephanie Wells | Austin, Texas",1389
1391,02-04-23,Alice Butler,Las Vegas,Nevada,West,United States,Electronics,Tablets,Samsung Galaxy Tab,1,465.53,465.53,77.95,"Alice Butler | Las Vegas, Nevada",1390
1392,12-06-24,Mr. Stephen Edwards,Salt Lake City,Utah,West,United States,Clothing & Apparel,Sportswear,Nike Air Force 1,1,443.47,443.47,92.06,"Mr. Stephen Edwards | Salt Lake City, Utah",1391
1393,11-27-23,Alexandra Cooke,Omaha,Nebraska,Centre,United States,Clothing & Apparel,Kids Wear,Children's Hoodie,3,239.82,719.46,291.17,"Alexandra Cooke | Omaha, Nebraska",1392
1394,10-04-24,Mr. Robert Patton,Hartford,Connecticut,East,United States,Electronics,Home Appliances,Instant Pot,3,953.93,2861.79,527.89,"Mr. Robert Patton | Hartford, Connecticut",1393
1395,02-15-23,David Simpson,Salt Lake City,Utah,West,United States,Accessories,Small Electronics,Power Bank,1,232.42,232.42,106.65,"David Simpson | Salt Lake City, Utah",1394
1396,12-11-24,Sarah Garner,Missoula,Montana,West,United States,Accessories,Wearable Accessories,Watch Strap,1,190.0,190.0,38.57,"Sarah Garner | Missoula, Montana",1395
1397,06-20-24,Amanda Kim,Huntsville,Alabama,South,United States,Home & Furniture,Home Decor,Throw Pillows,5,383.88,1919.4,323.09,"Amanda Kim | Huntsville, Alabama",1396
1398,12-20-23,Hayden Ramos,Baltimore,Maryland,East,United States,Electronics,TVs & Audio,LG OLED TV,3,723.76,2171.28,259.53,"Hayden Ramos | Baltimore, Maryland",1397
1399,05-30-23,Michael Ferguson,Manchester,New Hampshire,East,United States,Electronics,Smartphones,Apple iPhone 14,2,839.86,1679.72,210.07,"Michael Ferguson | Manchester, New Hampshire",1398
1400,10-02-24,Scott Howard,Cleveland,Ohio,Centre,United States,Clothing & Apparel,Kids Wear,Carter's Onesie,1,415.61,415.61,137.05,"Scott Howard | Cleveland, Ohio",1399
1401,12-20-23,Dennis Moore,Indianapolis,Indiana,Centre,United States,Electronics,Tablets,iPad Pro,2,266.15,532.3,72.33,"Dennis Moore | Indianapolis, Indiana",1400
1402,09-19-23,Jennifer Chapman,Las Vegas,Nevada,West,United States,Clothing & Apparel,Kids Wear,Children's Hoodie,1,407.78,407.78,124.4,"Jennifer Chapman | Las Vegas, Nevada",1401
1403,06-01-23,Tammy Simpson,Phoenix,Arizona,West,United States,Clothing & Apparel,Sportswear,Adidas Tracksuit,2,98.08,196.16,75.24,"Tammy Simpson | Phoenix, Arizona",1402
1404,08-22-23,Peter Jennings,Cleveland,Ohio,Centre,United States,Electronics,Laptops,Lenovo ThinkPad,1,199.17,199.17,32.83,"Peter Jennings | Cleveland, Ohio",1403
1405,11-06-23,Seth Johnson,Hartford,Connecticut,East,United States,Clothing & Apparel,Sportswear,Adidas Tracksuit,1,162.54,162.54,62.73,"Seth Johnson | Hartford, Connecticut",1404
1406,07-18-23,Erin Stein,Glendale,Arizona,West,United States,Clothing & Apparel,Sportswear,Adidas Tracksuit,1,166.81,166.81,37.83,"Erin Stein | Glendale, Arizona",1405
1407,12-15-24,Manuel Coleman,Philadelphia,Pennsylvania,East,United States,Clothing & Apparel,Kids Wear,Children's Hoodie,2,118.2,236.4,77.27,"Manuel Coleman | Philadelphia, Pennsylvania",1406
1408,11-28-24,Matthew Russell,San Francisco,California,West,United States,Accessories,Small Electronics,Power Bank,2,130.28,260.56,52.45,"Matthew Russell | San Francisco, California",1407
1409,07-02-24,Angel Martin MD,St. Paul,Minnesota,Centre,United States,Home & Furniture,Home Decor,Wall Art,2,126.2,252.4,40.82,"Angel Martin MD | St. Paul, Minnesota",1408
1410,04-14-24,Kevin Davis,Reno,Nevada,West,United States,Clothing & Apparel,Kids Wear,Children's Hoodie,3,254.35,763.05,326.84,"Kevin Davis | Reno, Nevada",1409
1411,05-01-24,Laura Hanna,Missoula,Montana,West,United States,Home & Furniture,Bedding,Tempur-Pedic Mattress,2,925.06,1850.12,280.03,"Laura Hanna | Missoula, Montana",1410
1412,05-25-23,Jessica Anderson,Nashua,New Hampshire,East,United States,Accessories,Small Electronics,Phone Case,1,223.8,223.8,85.73,"Jessica Anderson | Nashua, New Hampshire",1411
1413,02-19-23,Crystal Reynolds,Burlington,Vermont,East,United States,Home & Furniture,Furniture,Office Chair,2,544.67,1089.34,160.67,"Crystal Reynolds | Burlington, Vermont",1412
1414,07-27-23,Mr. Gerald Banks,Dallas,Texas,South,United States,Home & Furniture,Furniture,Office Chair,1,865.97,865.97,239.05,"Mr. Gerald Banks | Dallas, Texas",1413
1415,06-01-24,Joshua Weber,Cleveland,Ohio,Centre,United States,Electronics,Home Appliances,KitchenAid Mixer,2,281.63,563.26,50.02,"Joshua Weber | Cleveland, Ohio",1414
1416,05-13-23,Ryan Barton,Tulsa,Oklahoma,South,United States,Home & Furniture,Furniture,Office Chair,1,139.73,139.73,42.54,"Ryan Barton | Tulsa, Oklahoma",1415
1417,06-27-24,Phillip Mendez,Cedar Rapids,Iowa,Centre,United States,Accessories,Wearable Accessories,Belt,1,221.35,221.35,84.25,"Phillip Mendez | Cedar Rapids, Iowa",1416
1418,05-18-23,Adam Harmon,Kansas City,Missouri,Centre,United States,Home & Furniture,Furniture,Ashley Recliner,1,373.84,373.84,69.2,"Adam Harmon | Kansas City, Missouri",1417
1419,12-11-23,Jamie Case,Chicago,Illinois,Centre,United States,Clothing & Apparel,Footwear,Nike Running Shoes,4,217.28,869.12,185.07,"Jamie Case | Chicago, Illinois",1418
1420,04-17-23,Julie Keller,Sioux Falls,South Dakota,Centre,United States,Clothing & Apparel,Footwear,Crocs,2,130.88,261.76,115.34,"Julie Keller | Sioux Falls, South Dakota",1419
1421,11-18-23,Jade Hall,Boston,Massachusetts,East,United States,Electronics,Smartphones,Samsung Galaxy S23,3,136.64,409.92,46.07,"Jade Hall | Boston, Massachusetts",1420
1422,03-11-23,Beverly Good,Chicago,Illinois,Centre,United States,Home & Furniture,Storage,Storage Rack,2,172.44,344.88,119.1,"Beverly Good | Chicago, Illinois",1421
1423,10-02-24,Kiara Sullivan,Springfield,Illinois,Centre,United States,Home & Furniture,Home Decor,Throw Pillows,2,326.43,652.86,162.41,"Kiara Sullivan | Springfield, Illinois",1422
1424,07-11-24,Mark Robinson,Orlando,Florida,South,United States,Accessories,Wearable Accessories,Belt,1,77.81,77.81,27.61,"Mark Robinson | Orlando, Florida",1423
1425,11-30-24,Dawn Moore,Hartford,Connecticut,East,United States,Home & Furniture,Storage,Storage Rack,2,739.55,1479.1,199.61,"Dawn Moore | Hartford, Connecticut",1424
1426,08-04-24,Justin Suarez,Salt Lake City,Utah,West,United States,Accessories,Wearable Accessories,Sunglasses,1,97.6,97.6,41.92,"Justin Suarez | Salt Lake City, Utah",1425
1427,11-29-24,Marilyn Olson,Augusta,Maine,East,United States,Clothing & Apparel,Sportswear,Nike Air Force 1,2,78.62,157.24,53.78,"Marilyn Olson | Augusta, Maine",1426
1428,11-15-24,Randy Clark,Atlanta,Georgia,South,United States,Clothing & Apparel,Men's Wear,GAP Hoodie,2,424.68,849.36,195.67,"Randy Clark | Atlanta, Georgia",1427
1429,10-10-24,Pamela Martin,Hartford,Connecticut,East,United States,Electronics,Wearables,Fitbit Charge,1,675.72,675.72,96.35,"Pamela Martin | Hartford, Connecticut",1428
1430,11-20-24,Tiffany Armstrong,Montgomery,Alabama,South,United States,Electronics,Smartphones,Apple iPhone 14,3,669.35,2008.05,389.74,"Tiffany Armstrong | Montgomery, Alabama",1429
1431,11-23-24,Rebecca Ruiz,Birmingham,Alabama,South,United States,Home & Furniture,Storage,Closet Organizer,4,394.27,1577.08,406.8,"Rebecca Ruiz | Birmingham, Alabama",1430
1432,08-03-23,Terry Fernandez,Rapid City,South Dakota,Centre,United States,Home & Furniture,Storage,Closet Organizer,3,83.6,250.8,37.72,"Terry Fernandez | Rapid City, South Dakota",1431
1433,05-06-23,Mark Hudson,Annapolis,Maryland,East,United States,Electronics,Home Appliances,Instant Pot,1,917.05,917.05,138.94,"Mark Hudson | Annapolis, Maryland",1432
1434,11-18-24,Mrs. Lindsey Luna,Lincoln,Nebraska,Centre,United States,Home & Furniture,Home Decor,Throw Pillows,1,554.12,554.12,161.6,"Mrs. Lindsey Luna | Lincoln, Nebraska",1433
1435,11-27-24,Julie Yates,Springfield,Illinois,Centre,United States,Electronics,Smartphones,Samsung Galaxy S23,1,628.68,628.68,125.73,"Julie Yates | Springfield, Illinois",1434
1436,07-12-23,Todd Harris,Philadelphia,Pennsylvania,East,United States,Home & Furniture,Home Decor,Wall Art,2,266.76,533.52,94.33,"Todd Harris | Philadelphia, Pennsylvania",1435
1437,03-22-24,David Moody,Jacksonville,Florida,South,United States,Home & Furniture,Home Decor,Throw Pillows,1,419.14,419.14,91.31,"David Moody | Jacksonville, Florida",1436
1438,09-02-24,Tracy Santiago,Salem,Oregon,West,United States,Clothing & Apparel,Men's Wear,GAP Hoodie,1,411.96,411.96,104.73,"Tracy Santiago | Salem, Oregon",1437
1439,12-23-24,Mia Payne PhD,Tampa,Florida,South,United States,Clothing & Apparel,Women's Wear,Zara Blouse,1,81.28,81.28,17.05,"Mia Payne PhD | Tampa, Florida",1438
1440,01-15-24,Harold Pearson,Montpelier,Vermont,East,United States,Clothing & Apparel,Sportswear,Nike Air Force 1,1,238.39,238.39,94.3,"Harold Pearson | Montpelier, Vermont",1439
1441,01-16-24,Alexandra Mcintosh,Portland,Oregon,West,United States,Clothing & Apparel,Men's Wear,GAP Hoodie,1,346.01,346.01,106.8,"Alexandra Mcintosh | Portland, Oregon",1440
1442,11-03-24,Matthew Larsen,Providence,Rhode Island,East,United States,Home & Furniture,Storage,Storage Rack,1,362.59,362.59,99.2,"Matthew Larsen | Providence, Rhode Island",1441
1443,12-17-24,Jason Quinn,Huntsville,Alabama,South,United States,Clothing & Apparel,Men's Wear,Under Armour T-Shirt,3,404.97,1214.91,425.8,"Jason Quinn | Huntsville, Alabama",1442
1444,11-26-23,Michele Shelton,Portland,Oregon,West,United States,Accessories,Bags,Tote Bag,2,65.5,131.0,29.33,"Michele Shelton | Portland, Oregon",1443
1445,11-19-23,Mr. Jerry Hawkins DDS,Tulsa,Oklahoma,South,United States,Electronics,Home Appliances,KitchenAid Mixer,1,655.72,655.72,118.52,"Mr. Jerry Hawkins DDS | Tulsa, Oklahoma",1444
1446,05-01-23,Ronald Robertson,Provo,Utah,West,United States,Clothing & Apparel,Sportswear,Nike Air Force 1,2,328.01,656.02,181.61,"Ronald Robertson | Provo, Utah",1445
1447,10-16-23,Brandon Boyd,Omaha,Nebraska,Centre,United States,Clothing & Apparel,Women's Wear,Old Navy Dress,4,85.81,343.24,145.76,"Brandon Boyd | Omaha, Nebraska",1446
1448,10-29-24,Jennifer Duran,Philadelphia,Pennsylvania,East,United States,Electronics,Wearables,Apple Watch,3,316.61,949.83,96.81,"Jennifer Duran | Philadelphia, Pennsylvania",1447
1449,06-04-23,Jimmy Hardin,Sioux Falls,South Dakota,Centre,United States,Clothing & Apparel,Footwear,Nike Running Shoes,3,416.26,1248.78,510.0,"Jimmy Hardin | Sioux Falls, South Dakota",1448
1450,10-30-24,Vicki Smith,Cleveland,Ohio,Centre,United States,Clothing & Apparel,Kids Wear,Children's Hoodie,1,398.11,398.11,135.11,"Vicki Smith | Cleveland, Ohio",1449
1451,10-07-24,James Mays,Nashua,New Hampshire,East,United States,Home & Furniture,Furniture,Office Chair,4,78.9,315.6,99.12,"James Mays | Nashua, New Hampshire",1450
1452,04-24-23,Kimberly Estrada,Cheyenne,Wyoming,West,United States,Home & Furniture,Storage,Closet Organizer,3,80.09,240.27,84.05,"Kimberly Estrada | Cheyenne, Wyoming",1451
1453,10-28-23,Joanna Aguirre,Portland,Oregon,West,United States,Clothing & Apparel,Kids Wear,Carter's Onesie,2,92.07,184.14,77.57,"Joanna Aguirre | Portland, Oregon",1452
1454,08-10-24,Tracy Rodriguez,Boston,Massachusetts,East,United States,Clothing & Apparel,Kids Wear,Carter's Onesie,1,45.74,45.74,17.26,"Tracy Rodriguez | Boston, Massachusetts",1453
1455,09-19-24,Pamela Sanders MD,Worcester,Massachusetts,East,United States,Home & Furniture,Kitchenware,KitchenAid Mixer,2,119.11,238.22,67.03,"Pamela Sanders MD | Worcester, Massachusetts",1454
1456,07-14-23,Thomas Orr,Salt Lake City,Utah,West,United States,Clothing & Apparel,Kids Wear,Children's Hoodie,3,236.87,710.61,223.57,"Thomas Orr | Salt Lake City, Utah",1455
1457,05-27-24,Daniel Johnson,Glendale,Arizona,West,United States,Accessories,Bags,Backpack,1,175.66,175.66,50.22,"Daniel Johnson | Glendale, Arizona",1456
1458,11-27-23,Christine Oconnell,Aurora,Illinois,Centre,United States,Electronics,TVs & Audio,LG OLED TV,2,753.48,1506.96,136.44,"Christine Oconnell | Aurora, Illinois",1457
1459,08-01-24,Benjamin Johns,Sioux Falls,South Dakota,Centre,United States,Electronics,Home Appliances,KitchenAid Mixer,1,526.27,526.27,44.86,"Benjamin Johns | Sioux Falls, South Dakota",1458
1460,08-21-24,Elizabeth Vargas,Detroit,Michigan,Centre,United States,Accessories,Bags,Wallet,2,113.28,226.56,86.37,"Elizabeth Vargas | Detroit, Michigan",1459
1461,06-03-24,Michael Hubbard,Manchester,New Hampshire,East,United States,Electronics,Smartphones,Apple iPhone 14,1,456.17,456.17,75.43,"Michael Hubbard | Manchester, New Hampshire",1460
1462,11-06-23,Michael Mcguire,Wilmington,Delaware,East,United States,Electronics,TVs & Audio,Bose Soundbar,3,315.42,946.26,103.7,"Michael Mcguire | Wilmington, Delaware",1461
1463,08-05-23,Ian Schroeder,Las Vegas,Nevada,West,United States,Home & Furniture,Home Decor,Wall Art,1,55.95,55.95,14.58,"Ian Schroeder | Las Vegas, Nevada",1462
1464,10-23-24,Laura White,Las Vegas,Nevada,West,United States,Clothing & Apparel,Men's Wear,GAP Hoodie,2,418.17,836.34,361.81,"Laura White | Las Vegas, Nevada",1463
1465,06-04-24,Jeffery Conner,Albuquerque,New Mexico,West,United States,Home & Furniture,Kitchenware,Instant Pot,2,295.31,590.62,125.22,"Jeffery Conner | Albuquerque, New Mexico",1464
1466,11-08-24,Erica Schroeder,Fort Smith,Arkansas,South,United States,Clothing & Apparel,Sportswear,Nike Air Force 1,3,174.92,524.76,224.22,"Erica Schroeder | Fort Smith, Arkansas",1465
1467,01-15-24,Robert Smith,Nashua,New Hampshire,East,United States,Electronics,Tablets,Samsung Galaxy Tab,1,452.08,452.08,80.58,"Robert Smith | Nashua, New Hampshire",1466
1468,11-14-23,Brian Wiley,Gulfport,Mississippi,South,United States,Home & Furniture,Kitchenware,Cookware Set,1,146.91,146.91,50.65,"Brian Wiley | Gulfport, Mississippi",1467
1469,06-06-24,Melinda Guzman,Dover,Delaware,East,United States,Electronics,Laptops,MacBook Air,1,968.69,968.69,121.41,"Melinda Guzman | Dover, Delaware",1468
1470,11-19-23,Amy Pollard,Chicago,Illinois,Centre,United States,Accessories,Bags,Wallet,1,159.81,159.81,61.38,"Amy Pollard | Chicago, Illinois",1469
1471,12-08-23,Amy Lopez,Miami,Florida,South,United States,Clothing & Apparel,Women's Wear,Zara Blouse,1,393.74,393.74,86.02,"Amy Lopez | Miami, Florida",1470
1472,11-22-23,Angela Reed,Tallahassee,Florida,South,United States,Clothing & Apparel,Men's Wear,Levi's Jeans,1,421.46,421.46,111.66,"Angela Reed | Tallahassee, Florida",1471
1473,05-31-24,Melanie Tran,Jacksonville,Florida,South,United States,Clothing & Apparel,Men's Wear,Levi's Jeans,2,160.41,320.82,108.71,"Melanie Tran | Jacksonville, Florida",1472
1474,04-29-23,Brandi Smith,Baton Rouge,Louisiana,South,United States,Clothing & Apparel,Sportswear,Nike Air Force 1,3,66.1,198.3,72.91,"Brandi Smith | Baton Rouge, Louisiana",1473
1475,11-03-23,Shannon Ball,Madison,Wisconsin,Centre,United States,Home & Furniture,Bedding,Brooklinen Sheets,1,373.64,373.64,53.59,"Shannon Ball | Madison, Wisconsin",1474
1476,10-22-24,Billy Jefferson,Provo,Utah,West,United States,Electronics,Smartphones,Samsung Galaxy S23,1,447.97,447.97,58.49,"Billy Jefferson | Provo, Utah",1475
1477,05-29-24,Wendy Ballard,Tucson,Arizona,West,United States,Electronics,TVs & Audio,Bose Soundbar,1,204.86,204.86,36.04,"Wendy Ballard | Tucson, Arizona",1476
1478,10-19-24,Alexandria Perez,Oklahoma City,Oklahoma,South,United States,Accessories,Wearable Accessories,Belt,1,205.98,205.98,93.7,"Alexandria Perez | Oklahoma City, Oklahoma",1477
1479,05-27-23,Amanda Young,Jersey City,New Jersey,East,United States,Home & Furniture,Furniture,IKEA Sofa,1,518.47,518.47,166.7,"Amanda Young | Jersey City, New Jersey",1478
1480,11-24-24,Cody Sanders,Burlington,Vermont,East,United States,Home & Furniture,Storage,Closet Organizer,1,808.21,808.21,154.56,"Cody Sanders | Burlington, Vermont",1479
1481,12-26-23,Christopher Jones,New York City,New York,East,United States,Home & Furniture,Kitchenware,KitchenAid Mixer,6,972.53,5835.18,1133.13,"Christopher Jones | New York City, New York",1480
1482,07-25-23,Yvette Williams,St. Louis,Missouri,Centre,United States,Electronics,Tablets,Samsung Galaxy Tab,2,318.35,636.7,102.98,"Yvette Williams | St. Louis, Missouri",1481
1483,11-15-24,Stephanie Johnson,Houston,Texas,South,United States,Electronics,Home Appliances,KitchenAid Mixer,4,241.79,967.16,83.29,"Stephanie Johnson | Houston, Texas",1482
1484,08-23-24,Sharon Nelson,Missoula,Montana,West,United States,Home & Furniture,Furniture,IKEA Sofa,1,531.19,531.19,116.12,"Sharon Nelson | Missoula, Montana",1483
1485,10-10-23,Benjamin Ramsey,Pittsburgh,Pennsylvania,East,United States,Home & Furniture,Bedding,Brooklinen Sheets,1,164.54,164.54,21.6,"Benjamin Ramsey | Pittsburgh, Pennsylvania",1484
1486,04-16-24,Anthony Cohen,San Antonio,Texas,South,United States,Accessories,Wearable Accessories,Watch Strap,1,250.6,250.6,74.27,"Anthony Cohen | San Antonio, Texas",1485
1487,05-27-23,Jeffrey Osborne,Seattle,Washington,West,United States,Clothing & Apparel,Men's Wear,Levi's Jeans,1,136.54,136.54,42.3,"Jeffrey Osborne | Seattle, Washington",1486
1488,01-30-23,Adam Gill,Albuquerque,New Mexico,West,United States,Clothing & Apparel,Footwear,Crocs,1,99.55,99.55,34.34,"Adam Gill | Albuquerque, New Mexico",1487
1489,12-12-23,Sarah Cross,Tuscaloosa,Alabama,South,United States,Home & Furniture,Storage,Closet Organizer,1,519.37,519.37,70.72,"Sarah Cross | Tuscaloosa, Alabama",1488
1490,12-22-23,Rachel Long,New York City,New York,East,United States,Accessories,Bags,Wallet,3,148.23,444.69,206.44,"Rachel Long | New York City, New York",1489
1491,10-24-24,Brendan Reyes,Rochester,New York,East,United States,Home & Furniture,Kitchenware,Instant Pot,3,41.09,123.27,25.96,"Brendan Reyes | Rochester, New York",1490
1492,11-02-24,Alexander Rogers,Colorado Springs,Colorado,West,United States,Home & Furniture,Storage,Closet Organizer,1,653.68,653.68,91.21,"Alexander Rogers | Colorado Springs, Colorado",1491
1493,01-12-24,Sarah Chandler,St. Louis,Missouri,Centre,United States,Home & Furniture,Storage,Storage Rack,1,591.69,591.69,155.6,"Sarah Chandler | St. Louis, Missouri",1492
1494,08-05-24,Douglas Joseph,Manchester,New Hampshire,East,United States,Electronics,Smartphones,Google Pixel 7,3,633.05,1899.15,287.03,"Douglas Joseph | Manchester, New Hampshire",1493
1495,10-31-24,Michael Tate,Bismarck,North Dakota,Centre,United States,Electronics,Wearables,Apple Watch,1,703.7,703.7,109.86,"Michael Tate | Bismarck, North Dakota",1494
1496,10-17-23,Debra Byrd,St. Louis,Missouri,Centre,United States,Clothing & Apparel,Footwear,Crocs,2,152.21,304.42,116.45,"Debra Byrd | St. Louis, Missouri",1495
1497,11-06-23,Beverly Griffith,Mesa,Arizona,West,United States,Home & Furniture,Kitchenware,Instant Pot,3,299.29,897.87,303.33,"Beverly Griffith | Mesa, Arizona",1496
1498,10-01-24,Renee Clark,Dover,Delaware,East,United States,Electronics,Wearables,Apple Watch,2,797.57,1595.14,219.56,"Renee Clark | Dover, Delaware",1497
1499,01-08-23,Jacob Little PhD,Chicago,Illinois,Centre,United States,Accessories,Small Electronics,Phone Case,2,200.95,401.9,147.48,"Jacob Little PhD | Chicago, Illinois",1498
1500,08-07-24,Jennifer Alvarez,Orlando,Florida,South,United States,Clothing & Apparel,Footwear,Crocs,5,240.53,1202.65,345.52,"Jennifer Alvarez | Orlando, Florida",1499
1501,12-29-24,Angela Aguirre,Newark,New Jersey,East,United States,Home & Furniture,Kitchenware,Instant Pot,2,691.79,1383.58,453.65,"Angela Aguirre | Newark, New Jersey",1500
1502,04-18-24,Laura Long,Jersey City,New Jersey,East,United States,Home & Furniture,Storage,Closet Organizer,1,351.41,351.41,111.26,"Laura Long | Jersey City, New Jersey",1501
1503,07-11-24,Amanda Choi,Jersey City,New Jersey,East,United States,Electronics,Smartphones,Samsung Galaxy S23,1,148.21,148.21,20.71,"Amanda Choi | Jersey City, New Jersey",1502
1504,11-15-23,Rebecca Harrison,Missoula,Montana,West,United States,Clothing & Apparel,Sportswear,Adidas Tracksuit,1,280.86,280.86,121.38,"Rebecca Harrison | Missoula, Montana",1503
1505,03-20-23,Michelle Hayes,Des Moines,Iowa,Centre,United States,Home & Furniture,Furniture,Ashley Recliner,4,676.8,2707.2,576.22,"Michelle Hayes | Des Moines, Iowa",1504
1506,08-03-23,Dylan Thompson,Savannah,Georgia,South,United States,Accessories,Small Electronics,Charging Cable,1,54.97,54.97,13.09,"Dylan Thompson | Savannah, Georgia",1505
1507,05-27-23,Douglas Jensen,Rapid City,South Dakota,Centre,United States,Home & Furniture,Storage,Storage Rack,4,180.95,723.8,97.92,"Douglas Jensen | Rapid City, South Dakota",1506
1508,05-06-23,Michael Lee,Philadelphia,Pennsylvania,East,United States,Home & Furniture,Kitchenware,KitchenAid Mixer,2,295.93,591.86,116.23,"Michael Lee | Philadelphia, Pennsylvania",1507
1509,11-28-23,Jesse Moon,Gulfport,Mississippi,South,United States,Clothing & Apparel,Footwear,Nike Running Shoes,1,41.61,41.61,13.78,"Jesse Moon | Gulfport, Mississippi",1508
1510,12-05-23,Cristina Yang,Casper,Wyoming,West,United States,Home & Furniture,Kitchenware,Cookware Set,2,238.09,476.18,146.73,"Cristina Yang | Casper, Wyoming",1509
1511,08-14-23,Mr. Paul Schultz,New York City,New York,East,United States,Electronics,Tablets,Samsung Galaxy Tab,1,926.82,926.82,81.62,"Mr. Paul Schultz | New York City, New York",1510
1512,12-07-23,Jason Perry,Los Angeles,California,West,United States,Accessories,Wearable Accessories,Belt,1,71.66,71.66,24.46,"Jason Perry | Los Angeles, California",1511
1513,06-18-23,Michael Allen,Boston,Massachusetts,East,United States,Electronics,Laptops,MacBook Air,2,1172.75,2345.5,308.11,"Michael Allen | Boston, Massachusetts",1512
1514,12-28-24,Tiffany Solomon,Provo,Utah,West,United States,Clothing & Apparel,Men's Wear,GAP Hoodie,1,385.6,385.6,169.55,"Tiffany Solomon | Provo, Utah",1513
1515,12-25-23,Jillian Cardenas,Omaha,Nebraska,Centre,United States,Clothing & Apparel,Sportswear,Adidas Tracksuit,1,102.93,102.93,25.09,"Jillian Cardenas | Omaha, Nebraska",1514
1516,05-10-23,Peter West,Indianapolis,Indiana,Centre,United States,Home & Furniture,Furniture,Dining Table Set,2,766.86,1533.72,214.94,"Peter West | Indianapolis, Indiana",1515
1517,04-18-24,Katrina Bailey,Fargo,North Dakota,Centre,United States,Electronics,Tablets,iPad Pro,1,269.72,269.72,27.66,"Katrina Bailey | Fargo, North Dakota",1516
1518,04-13-24,Lawrence Vargas,Burlington,Vermont,East,United States,Electronics,Home Appliances,KitchenAid Mixer,2,667.97,1335.94,152.12,"Lawrence Vargas | Burlington, Vermont",1517
1519,09-06-24,Dominic Snyder,Huntsville,Alabama,South,United States,Accessories,Wearable Accessories,Sunglasses,2,229.65,459.3,118.65,"Dominic Snyder | Huntsville, Alabama",1518
1520,10-03-24,Vincent Henderson,Bismarck,North Dakota,Centre,United States,Accessories,Bags,Wallet,1,147.7,147.7,44.32,"Vincent Henderson | Bismarck, North Dakota",1519
1521,11-04-23,Rachel Pena,Columbia,South Carolina,South,United States,Home & Furniture,Bedding,Brooklinen Sheets,1,237.48,237.48,38.51,"Rachel Pena | Columbia, South Carolina",1520
1522,07-16-23,Brandon Parker,San Diego,California,West,United States,Accessories,Small Electronics,Power Bank,2,111.66,223.32,99.42,"Brandon Parker | San Diego, California",1521
1523,04-12-23,Nathan Franco,Fargo,North Dakota,Centre,United States,Clothing & Apparel,Women's Wear,Zara Blouse,2,428.17,856.34,350.5,"Nathan Franco | Fargo, North Dakota",1522
1524,03-04-24,Denise Stephenson,Madison,Wisconsin,Centre,United States,Accessories,Bags,Tote Bag,3,139.78,419.34,90.77,"Denise Stephenson | Madison, Wisconsin",1523
1525,12-25-23,Sean Wilcox,Philadelphia,Pennsylvania,East,United States,Clothing & Apparel,Sportswear,Nike Air Force 1,4,437.59,1750.36,397.83,"Sean Wilcox | Philadelphia, Pennsylvania",1524
1526,05-16-24,Michael Mitchell,Topeka,Kansas,Centre,United States,Home & Furniture,Storage,Storage Rack,1,171.25,171.25,33.55,"Michael Mitchell | Topeka, Kansas",1525
1527,04-25-23,Jonathan Foley,Colorado Springs,Colorado,West,United States,Accessories,Bags,Wallet,2,169.63,339.26,130.61,"Jonathan Foley | Colorado Springs, Colorado",1526
1528,12-22-23,Kelly Martin,Jersey City,New Jersey,East,United States,Home & Furniture,Bedding,Brooklinen Sheets,1,340.47,340.47,92.51,"Kelly Martin | Jersey City, New Jersey",1527
1529,11-21-23,Ashley Lewis,Burlington,Vermont,East,United States,Clothing & Apparel,Men's Wear,Levi's Jeans,1,116.08,116.08,35.63,"Ashley Lewis | Burlington, Vermont",1528
1530,08-03-24,Emily Moody,Lexington,Kentucky,South,United States,Electronics,Wearables,Fitbit Charge,2,933.59,1867.18,294.03,"Emily Moody | Lexington, Kentucky",1529
1531,12-02-24,Christopher Castro,Los Angeles,California,West,United States,Accessories,Small Electronics,Power Bank,1,191.44,191.44,75.69,"Christopher Castro | Los Angeles, California",1530
1532,05-13-23,Bill Olson,Des Moines,Iowa,Centre,United States,Home & Furniture,Storage,Closet Organizer,1,110.63,110.63,34.97,"Bill Olson | Des Moines, Iowa",1531
1533,11-03-24,Nicole Obrien,Fort Wayne,Indiana,Centre,United States,Clothing & Apparel,Women's Wear,Old Navy Dress,2,341.62,683.24,295.55,"Nicole Obrien | Fort Wayne, Indiana",1532
1534,12-21-23,Angela Brady,Seattle,Washington,West,United States,Electronics,Smartphones,Samsung Galaxy S23,3,866.44,2599.32,392.72,"Angela Brady | Seattle, Washington",1533
1535,10-29-23,Jeffrey Hernandez,San Francisco,California,West,United States,Electronics,Wearables,Fitbit Charge,5,946.22,4731.1,806.98,"Jeffrey Hernandez | San Francisco, California",1534
1536,11-27-23,Ryan Jones,Pittsburgh,Pennsylvania,East,United States,Electronics,TVs & Audio,Bose Soundbar,3,553.17,1659.51,261.48,"Ryan Jones | Pittsburgh, Pennsylvania",1535
1537,10-01-23,April Taylor,Hartford,Connecticut,East,United States,Accessories,Small Electronics,Power Bank,4,133.79,535.16,111.53,"April Taylor | Hartford, Connecticut",1536
1538,04-11-24,Scott Craig,Richmond,Virginia,South,United States,Clothing & Apparel,Kids Wear,Carter's Onesie,1,412.45,412.45,180.65,"Scott Craig | Richmond, Virginia",1537
1539,04-08-24,Julie Gardner,Sioux Falls,South Dakota,Centre,United States,Electronics,Wearables,Fitbit Charge,1,471.84,471.84,82.09,"Julie Gardner | Sioux Falls, South Dakota",1538
1540,01-22-24,Riley Rodriguez,Memphis,Tennessee,South,United States,Clothing & Apparel,Footwear,Crocs,1,255.37,255.37,79.23,"Riley Rodriguez | Memphis, Tennessee",1539
1541,03-04-23,Katelyn Burns,New Haven,Connecticut,East,United States,Home & Furniture,Bedding,Tempur-Pedic Mattress,1,515.67,515.67,106.76,"Katelyn Burns | New Haven, Connecticut",1540
1542,09-27-24,Jodi Hernandez,Houston,Texas,South,United States,Clothing & Apparel,Footwear,Crocs,1,122.81,122.81,41.08,"Jodi Hernandez | Houston, Texas",1541
1543,01-25-24,Stephanie Potts,Columbus,Ohio,Centre,United States,Home & Furniture,Kitchenware,Cookware Set,1,418.63,418.63,81.02,"Stephanie Potts | Columbus, Ohio",1542
1544,11-10-23,Marie Pierce,Indianapolis,Indiana,Centre,United States,Home & Furniture,Kitchenware,Instant Pot,4,310.53,1242.12,230.69,"Marie Pierce | Indianapolis, Indiana",1543
1545,08-21-23,Matthew Gross,Birmingham,Alabama,South,United States,Home & Furniture,Storage,Storage Rack,1,517.89,517.89,97.14,"Matthew Gross | Birmingham, Alabama",1544
1546,02-17-23,Eric Dennis,Huntington,West Virginia,South,United States,Electronics,Smartphones,Samsung Galaxy S23,2,978.95,1957.9,286.28,"Eric Dennis | Huntington, West Virginia",1545
1547,12-05-24,Regina Davis,San Jose,California,West,United States,Electronics,Laptops,Dell XPS 13,2,543.37,1086.74,118.74,"Regina Davis | San Jose, California",1546
1548,10-23-23,Thomas Stokes,Spokane,Washington,West,United States,Clothing & Apparel,Men's Wear,Levi's Jeans,2,380.6,761.2,201.36,"Thomas Stokes | Spokane, Washington",1547
1549,12-12-23,Mitchell King,Billings,Montana,West,United States,Clothing & Apparel,Women's Wear,Old Navy Dress,3,189.79,569.37,168.09,"Mitchell King | Billings, Montana",1548
1550,10-16-23,Jessica Hutchinson,Philadelphia,Pennsylvania,East,United States,Electronics,TVs & Audio,Sony Bravia TV,2,678.46,1356.92,193.71,"Jessica Hutchinson | Philadelphia, Pennsylvania",1549
1551,08-24-24,Shannon Lawson,Charleston,West Virginia,South,United States,Electronics,Laptops,MacBook Air,5,735.56,3677.8,360.68,"Shannon Lawson | Charleston, West Virginia",1550
1552,04-13-23,Susan Walker,Casper,Wyoming,West,United States,Home & Furniture,Kitchenware,KitchenAid Mixer,1,260.51,260.51,79.97,"Susan Walker | Casper, Wyoming",1551
1553,11-08-24,Robert Brown,Des Moines,Iowa,Centre,United States,Clothing & Apparel,Men's Wear,Levi's Jeans,2,131.98,263.96,81.41,"Robert Brown | Des Moines, Iowa",1552
1554,10-06-24,Ashley Smith,Cleveland,Ohio,Centre,United States,Home & Furniture,Furniture,IKEA Sofa,1,689.83,689.83,105.95,"Ashley Smith | Cleveland, Ohio",1553
1555,08-22-23,Christopher Brandt,Chandler,Arizona,West,United States,Electronics,Wearables,Apple Watch,1,535.04,535.04,90.98,"Christopher Brandt | Chandler, Arizona",1554
1556,07-12-23,Travis Vega,Memphis,Tennessee,South,United States,Accessories,Bags,Wallet,2,184.91,369.82,78.88,"Travis Vega | Memphis, Tennessee",1555
1557,01-18-23,Misty Silva,Cheyenne,Wyoming,West,United States,Accessories,Wearable Accessories,Sunglasses,3,208.34,625.02,120.23,"Misty Silva | Cheyenne, Wyoming",1556
1558,04-28-24,Fernando Yoder,Columbus,Ohio,Centre,United States,Accessories,Bags,Tote Bag,1,231.77,231.77,53.13,"Fernando Yoder | Columbus, Ohio",1557
1559,01-18-23,Debbie Bush,Memphis,Tennessee,South,United States,Home & Furniture,Storage,Storage Rack,2,422.15,844.3,223.8,"Debbie Bush | Memphis, Tennessee",1558
1560,11-03-23,Robert Mendez,Wilmington,Delaware,East,United States,Accessories,Bags,Backpack,1,133.36,133.36,51.15,"Robert Mendez | Wilmington, Delaware",1559
1561,05-21-24,Mary Mclean,Madison,Wisconsin,Centre,United States,Clothing & Apparel,Kids Wear,Children's Hoodie,1,255.22,255.22,113.63,"Mary Mclean | Madison, Wisconsin",1560
1562,02-22-24,Barbara Moore,Madison,Wisconsin,Centre,United States,Clothing & Apparel,Sportswear,Nike Air Force 1,2,240.6,481.2,127.47,"Barbara Moore | Madison, Wisconsin",1561
1563,12-22-23,Christine Torres,Denver,Colorado,West,United States,Electronics,Home Appliances,Instant Pot,3,918.67,2756.01,437.35,"Christine Torres | Denver, Colorado",1562
1564,10-12-24,Lauren Parker,Philadelphia,Pennsylvania,East,United States,Home & Furniture,Furniture,Ashley Recliner,1,106.1,106.1,13.31,"Lauren Parker | Philadelphia, Pennsylvania",1563
1565,10-28-24,Judy Moore,Houston,Texas,South,United States,Clothing & Apparel,Footwear,Crocs,3,181.34,544.02,167.49,"Judy Moore | Houston, Texas",1564
1566,08-18-23,Adam Rich,San Diego,California,West,United States,Electronics,Wearables,Apple Watch,1,749.61,749.61,70.66,"Adam Rich | San Diego, California",1565
1567,11-23-23,Miss Rebecca Terry,Nashville,Tennessee,South,United States,Clothing & Apparel,Footwear,Crocs,2,22.77,45.54,14.2,"Miss Rebecca Terry | Nashville, Tennessee",1566
1568,09-29-24,John Baker,Mobile,Alabama,South,United States,Clothing & Apparel,Men's Wear,Levi's Jeans,1,341.01,341.01,90.11,"John Baker | Mobile, Alabama",1567
1569,06-03-24,Jacob Booth,Fort Wayne,Indiana,Centre,United States,Clothing & Apparel,Sportswear,Nike Air Force 1,4,338.82,1355.28,337.97,"Jacob Booth | Fort Wayne, Indiana",1568
1570,03-01-24,Kimberly Garcia,Detroit,Michigan,Centre,United States,Electronics,Smartphones,Apple iPhone 14,3,948.62,2845.86,556.08,"Kimberly Garcia | Detroit, Michigan",1569
1571,12-12-23,Carolyn Santiago,Albuquerque,New Mexico,West,United States,Clothing & Apparel,Footwear,Crocs,1,437.14,437.14,196.52,"Carolyn Santiago | Albuquerque, New Mexico",1570
1572,04-19-23,Jade Bell,Fayetteville,Arkansas,South,United States,Electronics,Laptops,Lenovo ThinkPad,4,569.09,2276.36,191.37,"Jade Bell | Fayetteville, Arkansas",1571
1573,05-31-24,Cameron Smith,Huntington,West Virginia,South,United States,Electronics,Tablets,iPad Pro,2,291.39,582.78,65.62,"Cameron Smith | Huntington, West Virginia",1572
1574,07-19-23,Rebecca Hughes,Salem,Oregon,West,United States,Clothing & Apparel,Women's Wear,Old Navy Dress,1,106.13,106.13,41.35,"Rebecca Hughes | Salem, Oregon",1573
1575,12-24-23,Joshua Sanchez,Atlanta,Georgia,South,United States,Clothing & Apparel,Men's Wear,Under Armour T-Shirt,1,426.11,426.11,128.15,"Joshua Sanchez | Atlanta, Georgia",1574
1576,12-13-24,Meghan Woods,Wilmington,Delaware,East,United States,Electronics,Wearables,Fitbit Charge,1,184.99,184.99,24.3,"Meghan Woods | Wilmington, Delaware",1575
1577,07-29-24,Julia Hernandez,Glendale,Arizona,West,United States,Home & Furniture,Storage,Storage Rack,4,517.45,2069.8,387.11,"Julia Hernandez | Glendale, Arizona",1576
1578,12-30-24,Joann Cochran,Miami,Florida,South,United States,Clothing & Apparel,Men's Wear,Levi's Jeans,4,248.63,994.52,386.31,"Joann Cochran | Miami, Florida",1577
1579,10-22-23,Dennis Martin,Cleveland,Ohio,Centre,United States,Accessories,Bags,Backpack,3,155.26,465.78,215.23,"Dennis Martin | Cleveland, Ohio",1578
1580,01-18-23,Joshua Brown,Cheyenne,Wyoming,West,United States,Electronics,Smartphones,Samsung Galaxy S23,1,755.91,755.91,119.97,"Joshua Brown | Cheyenne, Wyoming",1579
1581,09-18-23,Joshua Baldwin,Hartford,Connecticut,East,United States,Electronics,TVs & Audio,LG OLED TV,1,509.11,509.11,69.51,"Joshua Baldwin | Hartford, Connecticut",1580
1582,10-29-24,Pamela Ewing,Worcester,Massachusetts,East,United States,Electronics,Wearables,Apple Watch,3,251.51,754.53,87.6,"Pamela Ewing | Worcester, Massachusetts",1581
1583,11-25-24,Rodney Robles,San Antonio,Texas,South,United States,Home & Furniture,Kitchenware,Cookware Set,1,683.46,683.46,157.57,"Rodney Robles | San Antonio, Texas",1582
1584,08-09-24,Erik Gomez,Rochester,New York,East,United States,Accessories,Bags,Backpack,3,165.22,495.66,218.61,"Erik Gomez | Rochester, New York",1583
1585,12-15-24,Jessica Walker,Des Moines,Iowa,Centre,United States,Home & Furniture,Home Decor,Throw Pillows,3,645.99,1937.97,418.76,"Jessica Walker | Des Moines, Iowa",1584
1586,01-31-24,Donald Best,Salt Lake City,Utah,West,United States,Home & Furniture,Bedding,Tempur-Pedic Mattress,1,1092.17,1092.17,354.24,"Donald Best | Salt Lake City, Utah",1585
1587,12-05-24,Peter Ramirez,Omaha,Nebraska,Centre,United States,Electronics,Laptops,Lenovo ThinkPad,1,788.14,788.14,146.31,"Peter Ramirez | Omaha, Nebraska",1586
1588,11-26-23,John Barber,Philadelphia,Pennsylvania,East,United States,Clothing & Apparel,Women's Wear,Old Navy Dress,1,53.99,53.99,11.58,"John Barber | Philadelphia, Pennsylvania",1587
1589,07-07-23,Miss Gabriela Acosta MD,Phoenix,Arizona,West,United States,Clothing & Apparel,Women's Wear,Old Navy Dress,2,261.31,522.62,217.06,"Miss Gabriela Acosta MD | Phoenix, Arizona",1588
1590,05-13-23,Frank Hernandez,Annapolis,Maryland,East,United States,Clothing & Apparel,Men's Wear,Under Armour T-Shirt,1,37.71,37.71,9.81,"Frank Hernandez | Annapolis, Maryland",1589
1591,10-12-24,Andrew Anderson,Annapolis,Maryland,East,United States,Electronics,Tablets,iPad Pro,3,782.19,2346.57,353.51,"Andrew Anderson | Annapolis, Maryland",1590
1592,09-13-24,Christopher Davis,Nashua,New Hampshire,East,United States,Clothing & Apparel,Kids Wear,Carter's Onesie,3,147.51,442.53,163.6,"Christopher Davis | Nashua, New Hampshire",1591
1593,10-30-24,Alan Gomez,Hartford,Connecticut,East,United States,Electronics,Tablets,iPad Pro,2,332.05,664.1,64.71,"Alan Gomez | Hartford, Connecticut",1592
1594,11-18-23,Christopher Montgomery,Nashua,New Hampshire,East,United States,Home & Furniture,Kitchenware,KitchenAid Mixer,2,781.78,1563.56,196.28,"Christopher Montgomery | Nashua, New Hampshire",1593
1595,11-19-23,Jon Greene,Cleveland,Ohio,Centre,United States,Home & Furniture,Bedding,Brooklinen Sheets,2,761.1,1522.2,388.51,"Jon Greene | Cleveland, Ohio",1594
1596,06-07-24,Bryan Matthews,Reno,Nevada,West,United States,Clothing & Apparel,Kids Wear,Children's Hoodie,1,84.22,84.22,20.45,"Bryan Matthews | Reno, Nevada",1595
1597,06-21-23,William Swanson,St. Paul,Minnesota,Centre,United States,Home & Furniture,Bedding,Brooklinen Sheets,3,619.44,1858.32,424.68,"William Swanson | St. Paul, Minnesota",1596
1598,01-08-23,Susan Williams,Tallahassee,Florida,South,United States,Clothing & Apparel,Men's Wear,GAP Hoodie,1,116.74,116.74,29.3,"Susan Williams | Tallahassee, Florida",1597
1599,10-02-24,Mr. David White,Sioux Falls,South Dakota,Centre,United States,Clothing & Apparel,Women's Wear,Zara Blouse,4,413.58,1654.32,373.6,"Mr. David White | Sioux Falls, South Dakota",1598
1600,05-04-24,Paul Martin,Knoxville,Tennessee,South,United States,Accessories,Wearable Accessories,Watch Strap,3,232.23,696.69,183.59,"Paul Martin | Knoxville, Tennessee",1599
1601,11-14-23,Nathan Hernandez,Cleveland,Ohio,Centre,United States,Clothing & Apparel,Men's Wear,Under Armour T-Shirt,1,285.18,285.18,62.49,"Nathan Hernandez | Cleveland, Ohio",1600
1602,02-12-23,Trevor Mitchell,Billings,Montana,West,United States,Electronics,Laptops,MacBook Air,1,1180.45,1180.45,136.49,"Trevor Mitchell | Billings, Montana",1601
1603,10-28-24,Karen Rollins,San Francisco,California,West,United States,Clothing & Apparel,Sportswear,Nike Air Force 1,3,118.22,354.66,159.21,"Karen Rollins | San Francisco, California",1602
1604,11-06-24,Hector Zimmerman,Tampa,Florida,South,United States,Clothing & Apparel,Sportswear,Nike Air Force 1,1,46.68,46.68,13.73,"Hector Zimmerman | Tampa, Florida",1603
1605,12-20-24,Dr. Jamie Miller,Santa Fe,New Mexico,West,United States,Clothing & Apparel,Men's Wear,Levi's Jeans,3,47.28,141.84,42.11,"Dr. Jamie Miller | Santa Fe, New Mexico",1604
1606,12-17-23,Robert King,Chicago,Illinois,Centre,United States,Clothing & Apparel,Sportswear,Nike Air Force 1,1,197.43,197.43,82.33,"Robert King | Chicago, Illinois",1605
1607,10-13-24,Charles Edwards,Salt Lake City,Utah,West,United States,Home & Furniture,Furniture,Office Chair,1,193.72,193.72,65.83,"Charles Edwards | Salt Lake City, Utah",1606
1608,10-19-23,Erica West,Dallas,Texas,South,United States,Home & Furniture,Furniture,IKEA Sofa,2,660.74,1321.48,287.2,"Erica West | Dallas, Texas",1607
1609,03-22-24,Katherine Mcmillan,Miami,Florida,South,United States,Clothing & Apparel,Kids Wear,Carter's Onesie,1,166.91,166.91,75.05,"Katherine Mcmillan | Miami, Florida",1608
1610,12-26-23,Jordan Baker,Wichita,Kansas,Centre,United States,Home & Furniture,Furniture,Office Chair,1,623.4,623.4,194.0,"Jordan Baker | Wichita, Kansas",1609
1611,11-25-24,Megan Baker,Montpelier,Vermont,East,United States,Clothing & Apparel,Women's Wear,Old Navy Dress,2,387.11,774.22,246.78,"Megan Baker | Montpelier, Vermont",1610
1612,01-24-23,Christine Jenkins DDS,Montgomery,Alabama,South,United States,Clothing & Apparel,Women's Wear,Old Navy Dress,2,179.61,359.22,105.24,"Christine Jenkins DDS | Montgomery, Alabama",1611
1613,04-23-24,Andrew Garcia,Huntsville,Alabama,South,United States,Electronics,Wearables,Apple Watch,1,551.95,551.95,77.34,"Andrew Garcia | Huntsville, Alabama",1612
1614,03-31-23,Jeremy Ellis,Grand Rapids,Michigan,Centre,United States,Clothing & Apparel,Men's Wear,Levi's Jeans,1,119.18,119.18,52.86,"Jeremy Ellis | Grand Rapids, Michigan",1613
1615,10-23-24,Maria Jenkins,Seattle,Washington,West,United States,Clothing & Apparel,Kids Wear,Children's Hoodie,1,275.5,275.5,71.32,"Maria Jenkins | Seattle, Washington",1614
1616,04-22-24,Austin Sullivan,Wilmington,Delaware,East,United States,Clothing & Apparel,Men's Wear,GAP Hoodie,1,386.46,386.46,96.54,"Austin Sullivan | Wilmington, Delaware",1615
1617,06-20-24,Theresa Evans,Madison,Wisconsin,Centre,United States,Clothing & Apparel,Sportswear,Nike Air Force 1,4,356.66,1426.64,339.15,"Theresa Evans | Madison, Wisconsin",1616
1618,10-18-24,Jeremy Owen,Worcester,Massachusetts,East,United States,Home & Furniture,Storage,Closet Organizer,1,959.21,959.21,309.28,"Jeremy Owen | Worcester, Massachusetts",1617
1619,11-04-24,Christian Lawrence,Cincinnati,Ohio,Centre,United States,Clothing & Apparel,Sportswear,Adidas Tracksuit,1,331.33,331.33,115.56,"Christian Lawrence | Cincinnati, Ohio",1618
1620,10-06-23,Jessica Wilson,St. Louis,Missouri,Centre,United States,Electronics,Laptops,Dell XPS 13,2,607.74,1215.48,181.41,"Jessica Wilson | St. Louis, Missouri",1619
1621,02-15-24,Cynthia Ball,San Francisco,California,West,United States,Home & Furniture,Home Decor,Throw Pillows,3,285.8,857.4,134.24,"Cynthia Ball | San Francisco, California",1620
1622,11-14-23,Philip Smith,Columbus,Ohio,Centre,United States,Electronics,Tablets,iPad Pro,3,352.37,1057.11,85.19,"Philip Smith | Columbus, Ohio",1621
1623,01-22-24,Michael Flowers,Albuquerque,New Mexico,West,United States,Clothing & Apparel,Women's Wear,Zara Blouse,1,274.7,274.7,82.27,"Michael Flowers | Albuquerque, New Mexico",1622
1624,01-23-24,Maureen Martinez,Des Moines,Iowa,Centre,United States,Electronics,Wearables,Fitbit Charge,1,132.24,132.24,22.04,"Maureen Martinez | Des Moines, Iowa",1623
1625,12-21-24,Jason Hall,Boston,Massachusetts,East,United States,Home & Furniture,Home Decor,Vase,2,226.65,453.3,78.79,"Jason Hall | Boston, Massachusetts",1624
1626,12-20-24,Shannon Jones,Aurora,Illinois,Centre,United States,Home & Furniture,Home Decor,Throw Pillows,1,377.84,377.84,83.28,"Shannon Jones | Aurora, Illinois",1625
1627,05-31-24,Danielle Robertson,Casper,Wyoming,West,United States,Clothing & Apparel,Women's Wear,Zara Blouse,2,112.54,225.08,50.77,"Danielle Robertson | Casper, Wyoming",1626
1628,01-23-24,Robert Wright,Providence,Rhode Island,East,United States,Home & Furniture,Storage,Storage Rack,2,199.59,399.18,85.19,"Robert Wright | Providence, Rhode Island",1627
1629,04-16-24,Monica Ellison,Hartford,Connecticut,East,United States,Home & Furniture,Storage,Storage Rack,1,802.11,802.11,172.74,"Monica Ellison | Hartford, Connecticut",1628
1630,12-19-24,Mrs. Jennifer Barnes,Fort Smith,Arkansas,South,United States,Electronics,Wearables,Apple Watch,3,470.18,1410.54,118.18,"Mrs. Jennifer Barnes | Fort Smith, Arkansas",1629
1631,01-03-24,Brittany Myers,Montpelier,Vermont,East,United States,Electronics,Laptops,MacBook Air,1,778.78,778.78,85.01,"Brittany Myers | Montpelier, Vermont",1630
1632,08-14-24,Sarah Fernandez,Reno,Nevada,West,United States,Clothing & Apparel,Women's Wear,Old Navy Dress,1,242.27,242.27,63.41,"Sarah Fernandez | Reno, Nevada",1631
1633,12-31-24,Jesus Adams,Baltimore,Maryland,East,United States,Home & Furniture,Bedding,Brooklinen Sheets,1,555.4,555.4,192.39,"Jesus Adams | Baltimore, Maryland",1632
1634,01-01-23,Louis Cooley,St. Louis,Missouri,Centre,United States,Clothing & Apparel,Footwear,Crocs,3,151.42,454.26,160.17,"Louis Cooley | St. Louis, Missouri",1633
1635,02-15-24,Michael Green,Fort Wayne,Indiana,Centre,United States,Clothing & Apparel,Men's Wear,Under Armour T-Shirt,1,418.35,418.35,163.58,"Michael Green | Fort Wayne, Indiana",1634
1636,02-20-23,Tyler Hernandez,Cheyenne,Wyoming,West,United States,Accessories,Wearable Accessories,Watch Strap,1,194.25,194.25,96.46,"Tyler Hernandez | Cheyenne, Wyoming",1635
1637,11-13-23,Jeremy Mitchell,Billings,Montana,West,United States,Accessories,Bags,Wallet,1,265.1,265.1,65.3,"Jeremy Mitchell | Billings, Montana",1636
1638,12-11-23,Charles Miller,Milwaukee,Wisconsin,Centre,United States,Home & Furniture,Home Decor,Throw Pillows,3,325.96,977.88,132.55,"Charles Miller | Milwaukee, Wisconsin",1637
1639,11-23-23,Jeremy Owens,Las Vegas,Nevada,West,United States,Clothing & Apparel,Sportswear,Adidas Tracksuit,1,343.22,343.22,153.08,"Jeremy Owens | Las Vegas, Nevada",1638
1640,11-20-23,Bradley Casey,Madison,Wisconsin,Centre,United States,Electronics,Wearables,Apple Watch,2,122.06,244.12,28.23,"Bradley Casey | Madison, Wisconsin",1639
1641,10-04-23,Dr. Christine Sampson DDS,Reno,Nevada,West,United States,Home & Furniture,Home Decor,Throw Pillows,2,862.98,1725.96,467.02,"Dr. Christine Sampson DDS | Reno, Nevada",1640
1642,08-05-23,Kimberly Baxter,Mesa,Arizona,West,United States,Home & Furniture,Furniture,IKEA Sofa,2,562.86,1125.72,380.87,"Kimberly Baxter | Mesa, Arizona",1641
1643,08-20-24,Christine Lutz,Cleveland,Ohio,Centre,United States,Clothing & Apparel,Footwear,Timberland Boots,2,247.34,494.68,143.53,"Christine Lutz | Cleveland, Ohio",1642
1644,10-05-23,Alex Walker,New Haven,Connecticut,East,United States,Home & Furniture,Storage,Closet Organizer,2,391.14,782.28,103.74,"Alex Walker | New Haven, Connecticut",1643
1645,01-30-23,Tanya Lawrence,Augusta,Maine,East,United States,Clothing & Apparel,Footwear,Nike Running Shoes,3,361.67,1085.01,434.53,"Tanya Lawrence | Augusta, Maine",1644
1646,07-17-23,Heather Jennings,Omaha,Nebraska,Centre,United States,Clothing & Apparel,Footwear,Crocs,3,278.45,835.35,223.62,"Heather Jennings | Omaha, Nebraska",1645
1647,11-20-24,Katherine Morgan,Cedar Rapids,Iowa,Centre,United States,Electronics,Wearables,Apple Watch,3,568.52,1705.56,172.84,"Katherine Morgan | Cedar Rapids, Iowa",1646
1648,11-05-24,David Wilkinson,Missoula,Montana,West,United States,Home & Furniture,Storage,Storage Rack,2,286.85,573.7,151.76,"David Wilkinson | Missoula, Montana",1647
1649,03-23-24,Jacqueline Peters,Tampa,Florida,South,United States,Clothing & Apparel,Footwear,Timberland Boots,2,319.69,639.38,272.01,"Jacqueline Peters | Tampa, Florida",1648
1650,06-27-24,Shane Rice,Dallas,Texas,South,United States,Accessories,Small Electronics,Power Bank,1,74.69,74.69,29.16,"Shane Rice | Dallas, Texas",1649
1651,08-03-24,Brenda Smith,Tampa,Florida,South,United States,Home & Furniture,Storage,Storage Rack,1,526.49,526.49,87.97,"Brenda Smith | Tampa, Florida",1650
1652,11-02-24,Adam Lopez,Philadelphia,Pennsylvania,East,United States,Electronics,TVs & Audio,Bose Soundbar,4,1020.99,4083.96,573.74,"Adam Lopez | Philadelphia, Pennsylvania",1651
1653,09-29-23,Eric Davis,New Haven,Connecticut,East,United States,Electronics,Laptops,Dell XPS 13,2,205.16,410.32,78.55,"Eric Davis | New Haven, Connecticut",1652
1654,11-25-24,Tracy Martin,Minneapolis,Minnesota,Centre,United States,Electronics,Laptops,MacBook Air,2,403.93,807.86,109.46,"Tracy Martin | Minneapolis, Minnesota",1653
1655,01-11-23,Jason Evans,Montpelier,Vermont,East,United States,Home & Furniture,Bedding,Tempur-Pedic Mattress,1,470.63,470.63,144.17,"Jason Evans | Montpelier, Vermont",1654
1656,08-28-23,Jerry Baird,Rochester,New York,East,United States,Electronics,Tablets,iPad Pro,1,560.5,560.5,82.97,"Jerry Baird | Rochester, New York",1655
1657,02-12-23,Amanda Perkins,Rapid City,South Dakota,Centre,United States,Clothing & Apparel,Men's Wear,GAP Hoodie,1,418.87,418.87,127.88,"Amanda Perkins | Rapid City, South Dakota",1656
1658,03-10-23,Charles Andrews,New York City,New York,East,United States,Electronics,Home Appliances,Dyson Vacuum,3,977.9,2933.7,368.61,"Charles Andrews | New York City, New York",1657
1659,07-15-23,Brittany Carter,Atlanta,Georgia,South,United States,Accessories,Wearable Accessories,Belt,1,87.03,87.03,16.98,"Brittany Carter | Atlanta, Georgia",1658
1660,08-13-24,Brent Garcia,Newark,New Jersey,East,United States,Electronics,Laptops,Dell XPS 13,2,621.35,1242.7,196.37,"Brent Garcia | Newark, New Jersey",1659
1661,08-23-23,Shannon Haynes,Indianapolis,Indiana,Centre,United States,Home & Furniture,Home Decor,Throw Pillows,3,769.98,2309.94,796.23,"Shannon Haynes | Indianapolis, Indiana",1660
1662,03-23-23,Jamie Thompson,Manchester,New Hampshire,East,United States,Home & Furniture,Bedding,Brooklinen Sheets,2,312.01,624.02,153.87,"Jamie Thompson | Manchester, New Hampshire",1661
1663,09-23-23,Tina Moses,Aurora,Illinois,Centre,United States,Home & Furniture,Home Decor,Throw Pillows,1,277.4,277.4,93.13,"Tina Moses | Aurora, Illinois",1662
1664,06-06-24,Joshua Miller,Savannah,Georgia,South,United States,Clothing & Apparel,Footwear,Timberland Boots,1,187.0,187.0,52.7,"Joshua Miller | Savannah, Georgia",1663
1665,11-06-23,Larry Wilson,Fayetteville,Arkansas,South,United States,Home & Furniture,Furniture,Dining Table Set,1,619.63,619.63,187.27,"Larry Wilson | Fayetteville, Arkansas",1664
1666,11-25-24,Diane Meadows,Albuquerque,New Mexico,West,United States,Home & Furniture,Storage,Storage Rack,1,739.41,739.41,153.15,"Diane Meadows | Albuquerque, New Mexico",1665
1667,11-10-23,Ricky Perez,New Haven,Connecticut,East,United States,Electronics,TVs & Audio,Bose Soundbar,1,920.9,920.9,77.41,"Ricky Perez | New Haven, Connecticut",1666
1668,10-20-24,Mr. Richard Collier,Albuquerque,New Mexico,West,United States,Clothing & Apparel,Kids Wear,Carter's Onesie,2,123.03,246.06,105.16,"Mr. Richard Collier | Albuquerque, New Mexico",1667
1669,12-10-24,Karen Newman,Pittsburgh,Pennsylvania,East,United States,Home & Furniture,Furniture,Dining Table Set,2,647.22,1294.44,371.92,"Karen Newman | Pittsburgh, Pennsylvania",1668
1670,01-07-24,Michele Simmons,Annapolis,Maryland,East,United States,Clothing & Apparel,Kids Wear,Children's Hoodie,1,386.22,386.22,162.65,"Michele Simmons | Annapolis, Maryland",1669
1671,06-16-23,Jorge Rivera,Boise,Idaho,West,United States,Clothing & Apparel,Sportswear,Adidas Tracksuit,2,405.81,811.62,265.26,"Jorge Rivera | Boise, Idaho",1670
1672,10-12-23,Robert Glenn,Indianapolis,Indiana,Centre,United States,Clothing & Apparel,Footwear,Nike Running Shoes,3,424.78,1274.34,368.98,"Robert Glenn | Indianapolis, Indiana",1671
1673,10-12-24,Elizabeth Sawyer,Fargo,North Dakota,Centre,United States,Clothing & Apparel,Men's Wear,GAP Hoodie,1,379.31,379.31,86.83,"Elizabeth Sawyer | Fargo, North Dakota",1672
1674,05-19-24,Carrie Hernandez,Rochester,New York,East,United States,Electronics,Smartphones,Google Pixel 7,1,826.05,826.05,100.7,"Carrie Hernandez | Rochester, New York",1673
1675,01-12-23,Karen Crawford,Jersey City,New Jersey,East,United States,Clothing & Apparel,Men's Wear,GAP Hoodie,3,323.87,971.61,362.72,"Karen Crawford | Jersey City, New Jersey",1674
1676,09-08-23,Mr. Jose Montgomery,Casper,Wyoming,West,United States,Accessories,Wearable Accessories,Belt,1,145.64,145.64,59.78,"Mr. Jose Montgomery | Casper, Wyoming",1675
1677,01-16-24,Marcus Duran,St. Paul,Minnesota,Centre,United States,Accessories,Small Electronics,Phone Case,2,248.19,496.38,216.68,"Marcus Duran | St. Paul, Minnesota",1676
1678,02-24-24,David Massey,Jacksonville,Florida,South,United States,Home & Furniture,Bedding,Brooklinen Sheets,2,203.48,406.96,94.12,"David Massey | Jacksonville, Florida",1677
1679,09-29-24,Brian Richardson,Tuscaloosa,Alabama,South,United States,Clothing & Apparel,Kids Wear,Carter's Onesie,1,349.36,349.36,134.81,"Brian Richardson | Tuscaloosa, Alabama",1678
1680,12-06-24,Justin Dunn,Pittsburgh,Pennsylvania,East,United States,Electronics,TVs & Audio,Sony Bravia TV,1,395.82,395.82,60.98,"Justin Dunn | Pittsburgh, Pennsylvania",1679
1681,04-24-24,Steven Kim,Glendale,Arizona,West,United States,Clothing & Apparel,Women's Wear,Zara Blouse,1,358.33,358.33,145.92,"Steven Kim | Glendale, Arizona",1680
1682,11-19-23,Luis Mercado,Charleston,West Virginia,South,United States,Clothing & Apparel,Kids Wear,Carter's Onesie,1,395.96,395.96,82.23,"Luis Mercado | Charleston, West Virginia",1681
1683,05-12-23,Jeffrey Johns MD,New Haven,Connecticut,East,United States,Accessories,Small Electronics,Phone Case,2,168.53,337.06,138.32,"Jeffrey Johns MD | New Haven, Connecticut",1682
1684,10-19-23,Derrick Hart,San Francisco,California,West,United States,Clothing & Apparel,Footwear,Nike Running Shoes,2,403.25,806.5,167.51,"Derrick Hart | San Francisco, California",1683
1685,11-03-23,Jessica Davis,Newark,New Jersey,East,United States,Electronics,Home Appliances,Instant Pot,1,174.79,174.79,18.79,"Jessica Davis | Newark, New Jersey",1684
1686,04-25-24,Kathryn Chavez,Nashua,New Hampshire,East,United States,Clothing & Apparel,Men's Wear,Levi's Jeans,3,346.5,1039.5,410.6,"Kathryn Chavez | Nashua, New Hampshire",1685
1687,02-19-24,Michael Ruiz,Las Vegas,Nevada,West,United States,Accessories,Bags,Backpack,1,152.95,152.95,65.99,"Michael Ruiz | Las Vegas, Nevada",1686
1688,07-25-23,Ashley Barrett,Augusta,Maine,East,United States,Clothing & Apparel,Sportswear,Adidas Tracksuit,2,83.48,166.96,45.89,"Ashley Barrett | Augusta, Maine",1687
1689,10-27-23,Danny Charles,Denver,Colorado,West,United States,Accessories,Small Electronics,Phone Case,2,136.86,273.72,116.0,"Danny Charles | Denver, Colorado",1688
1690,10-21-23,Kristy Todd,Fort Wayne,Indiana,Centre,United States,Accessories,Bags,Wallet,1,175.69,175.69,73.88,"Kristy Todd | Fort Wayne, Indiana",1689
1691,10-19-23,Terry Bartlett,Phoenix,Arizona,West,United States,Clothing & Apparel,Men's Wear,Under Armour T-Shirt,1,207.95,207.95,75.05,"Terry Bartlett | Phoenix, Arizona",1690
1692,04-09-23,Teresa Richmond,Bismarck,North Dakota,Centre,United States,Accessories,Bags,Wallet,2,104.71,209.42,68.71,"Teresa Richmond | Bismarck, North Dakota",1691
1693,06-04-24,Christina Sherman,San Jose,California,West,United States,Home & Furniture,Home Decor,Wall Art,1,841.7,841.7,241.46,"Christina Sherman | San Jose, California",1692
1694,09-10-24,Mark Bullock,Cheyenne,Wyoming,West,United States,Accessories,Wearable Accessories,Sunglasses,3,93.94,281.82,89.35,"Mark Bullock | Cheyenne, Wyoming",1693
1695,08-03-23,Ronald Bryan,Tuscaloosa,Alabama,South,United States,Clothing & Apparel,Men's Wear,GAP Hoodie,2,122.29,244.58,82.48,"Ronald Bryan | Tuscaloosa, Alabama",1694
1696,11-06-24,Melissa Hudson,Montgomery,Alabama,South,United States,Home & Furniture,Storage,Closet Organizer,2,740.05,1480.1,260.72,"Melissa Hudson | Montgomery, Alabama",1695
1697,08-29-24,Eric Duncan,Santa Fe,New Mexico,West,United States,Accessories,Bags,Wallet,1,199.91,199.91,64.74,"Eric Duncan | Santa Fe, New Mexico",1696
1698,11-02-24,Laura Johnson,Augusta,Maine,East,United States,Electronics,Wearables,Apple Watch,1,373.4,373.4,52.33,"Laura Johnson | Augusta, Maine",1697
1699,06-15-23,Donna Hernandez,Casper,Wyoming,West,United States,Home & Furniture,Storage,Storage Rack,1,590.86,590.86,116.27,"Donna Hernandez | Casper, Wyoming",1698
1700,07-21-23,Jennifer Rose,Annapolis,Maryland,East,United States,Home & Furniture,Bedding,Tempur-Pedic Mattress,1,967.16,967.16,338.13,"Jennifer Rose | Annapolis, Maryland",1699
1701,04-26-23,Daniel Terry,New Haven,Connecticut,East,United States,Clothing & Apparel,Sportswear,Nike Air Force 1,2,422.73,845.46,281.42,"Daniel Terry | New Haven, Connecticut",1700
1702,11-22-23,Dawn Klein,Nashua,New Hampshire,East,United States,Electronics,Tablets,iPad Pro,3,681.27,2043.81,222.89,"Dawn Klein | Nashua, New Hampshire",1701
1703,08-17-23,Randy Nichols,Mesa,Arizona,West,United States,Home & Furniture,Furniture,Office Chair,1,148.97,148.97,18.33,"Randy Nichols | Mesa, Arizona",1702
1704,11-10-23,Cassandra Anderson,Milwaukee,Wisconsin,Centre,United States,Home & Furniture,Furniture,IKEA Sofa,1,518.43,518.43,67.76,"Cassandra Anderson | Milwaukee, Wisconsin",1703
1705,03-29-23,Bradley Graham,Manchester,New Hampshire,East,United States,Accessories,Wearable Accessories,Sunglasses,1,231.55,231.55,89.55,"Bradley Graham | Manchester, New Hampshire",1704
1706,06-24-24,Spencer Taylor,Missoula,Montana,West,United States,Home & Furniture,Home Decor,Wall Art,2,381.79,763.58,136.24,"Spencer Taylor | Missoula, Montana",1705
1707,09-03-24,Jason Barnes,Las Vegas,Nevada,West,United States,Accessories,Small Electronics,Phone Case,1,162.86,162.86,64.82,"Jason Barnes | Las Vegas, Nevada",1706
1708,05-18-24,Miss Jennifer Hobbs,Burlington,Vermont,East,United States,Electronics,Wearables,Apple Watch,1,870.56,870.56,83.14,"Miss Jennifer Hobbs | Burlington, Vermont",1707
1709,04-05-24,Jonathan Knapp,Wichita,Kansas,Centre,United States,Accessories,Wearable Accessories,Sunglasses,1,181.37,181.37,60.5,"Jonathan Knapp | Wichita, Kansas",1708
1710,04-09-23,Bryan Ward,Wilmington,Delaware,East,United States,Home & Furniture,Bedding,Tempur-Pedic Mattress,4,551.33,2205.32,649.22,"Bryan Ward | Wilmington, Delaware",1709
1711,11-13-23,Carl Miller,Mesa,Arizona,West,United States,Electronics,TVs & Audio,Sony Bravia TV,2,767.21,1534.42,154.81,"Carl Miller | Mesa, Arizona",1710
1712,12-11-24,David Foster,Worcester,Massachusetts,East,United States,Clothing & Apparel,Women's Wear,Zara Blouse,3,258.08,774.24,163.62,"David Foster | Worcester, Massachusetts",1711
1713,11-19-24,Jessica Dixon,Salt Lake City,Utah,West,United States,Clothing & Apparel,Footwear,Crocs,1,237.71,237.71,99.26,"Jessica Dixon | Salt Lake City, Utah",1712
1714,08-26-23,Lisa Jensen,Denver,Colorado,West,United States,Accessories,Small Electronics,Charging Cable,1,63.75,63.75,29.39,"Lisa Jensen | Denver, Colorado",1713
1715,07-20-23,Brian White,Chicago,Illinois,Centre,United States,Clothing & Apparel,Kids Wear,Children's Hoodie,2,287.26,574.52,247.36,"Brian White | Chicago, Illinois",1714
1716,03-13-24,John Browning,Boise,Idaho,West,United States,Electronics,Laptops,MacBook Air,4,891.83,3567.32,355.59,"John Browning | Boise, Idaho",1715
1717,09-14-23,Hunter Mckay,Aurora,Illinois,Centre,United States,Home & Furniture,Bedding,Tempur-Pedic Mattress,3,1019.55,3058.65,802.25,"Hunter Mckay | Aurora, Illinois",1716
1718,12-21-24,Emily Woods,Baltimore,Maryland,East,United States,Clothing & Apparel,Sportswear,Nike Air Force 1,1,93.77,93.77,40.31,"Emily Woods | Baltimore, Maryland",1717
1719,10-21-24,Allison Dixon,Chicago,Illinois,Centre,United States,Clothing & Apparel,Sportswear,Nike Air Force 1,3,282.82,848.46,351.07,"Allison Dixon | Chicago, Illinois",1718
1720,02-18-23,Katie Meyer,Baltimore,Maryland,East,United States,Home & Furniture,Storage,Storage Rack,1,465.44,465.44,141.45,"Katie Meyer | Baltimore, Maryland",1719
1721,11-03-24,Tyrone Walker,Charleston,West Virginia,South,United States,Home & Furniture,Furniture,IKEA Sofa,2,877.91,1755.82,524.16,"Tyrone Walker | Charleston, West Virginia",1720
1722,04-10-24,Maria Turner,Cleveland,Ohio,Centre,United States,Accessories,Wearable Accessories,Sunglasses,1,56.33,56.33,24.35,"Maria Turner | Cleveland, Ohio",1721
1723,12-23-23,Julie Humphrey,Glendale,Arizona,West,United States,Accessories,Small Electronics,Charging Cable,5,141.59,707.95,330.53,"Julie Humphrey | Glendale, Arizona",1722
1724,12-30-23,Rebecca Green,Philadelphia,Pennsylvania,East,United States,Electronics,Tablets,iPad Pro,1,391.51,391.51,52.26,"Rebecca Green | Philadelphia, Pennsylvania",1723
1725,11-16-23,Joan Wright,Wichita,Kansas,Centre,United States,Clothing & Apparel,Footwear,Nike Running Shoes,3,232.65,697.95,195.71,"Joan Wright | Wichita, Kansas",1724
1726,08-10-23,Courtney Beck,Chandler,Arizona,West,United States,Electronics,Home Appliances,Instant Pot,2,330.47,660.94,83.78,"Courtney Beck | Chandler, Arizona",1725
1727,09-25-24,Charles Leon,Worcester,Massachusetts,East,United States,Accessories,Bags,Backpack,3,116.91,350.73,126.68,"Charles Leon | Worcester, Massachusetts",1726
1728,12-04-24,Eric Figueroa,Worcester,Massachusetts,East,United States,Accessories,Wearable Accessories,Watch Strap,2,151.02,302.04,150.3,"Eric Figueroa | Worcester, Massachusetts",1727
1729,03-08-24,Mary Potter,Charleston,West Virginia,South,United States,Electronics,Smartphones,Samsung Galaxy S23,2,1038.03,2076.06,321.66,"Mary Potter | Charleston, West Virginia",1728
1730,06-06-24,Andrew Nunez,Madison,Wisconsin,Centre,United States,Clothing & Apparel,Men's Wear,GAP Hoodie,1,193.53,193.53,59.79,"Andrew Nunez | Madison, Wisconsin",1729
1731,07-23-23,Cody Peters,Des Moines,Iowa,Centre,United States,Electronics,Home Appliances,KitchenAid Mixer,1,1037.6,1037.6,195.79,"Cody Peters | Des Moines, Iowa",1730
1732,11-01-24,Samantha Robinson,Burlington,Vermont,East,United States,Electronics,TVs & Audio,Sony Bravia TV,2,892.1,1784.2,329.34,"Samantha Robinson | Burlington, Vermont",1731
1733,08-14-24,Timothy Washington,Bismarck,North Dakota,Centre,United States,Electronics,Home Appliances,Dyson Vacuum,1,930.5,930.5,135.69,"Timothy Washington | Bismarck, North Dakota",1732
1734,10-15-24,Sandra Pena,Dover,Delaware,East,United States,Electronics,Smartphones,Google Pixel 7,3,642.22,1926.66,371.73,"Sandra Pena | Dover, Delaware",1733
1735,03-30-24,Randy Jones,Glendale,Arizona,West,United States,Electronics,Smartphones,Samsung Galaxy S23,1,645.01,645.01,80.81,"Randy Jones | Glendale, Arizona",1734
1736,06-21-24,James Smith,Casper,Wyoming,West,United States,Electronics,Laptops,Dell XPS 13,3,546.55,1639.65,264.17,"James Smith | Casper, Wyoming",1735
1737,12-07-24,Jonathan Owen,New York City,New York,East,United States,Home & Furniture,Bedding,Tempur-Pedic Mattress,2,624.14,1248.28,206.42,"Jonathan Owen | New York City, New York",1736
1738,05-20-23,Ronnie Williamson,San Francisco,California,West,United States,Home & Furniture,Bedding,Tempur-Pedic Mattress,1,945.22,945.22,161.0,"Ronnie Williamson | San Francisco, California",1737
1739,08-01-24,Patricia Garcia,Denver,Colorado,West,United States,Home & Furniture,Bedding,Brooklinen Sheets,2,515.22,1030.44,143.67,"Patricia Garcia | Denver, Colorado",1738
1740,06-04-24,Robert Collins,Seattle,Washington,West,United States,Home & Furniture,Furniture,Dining Table Set,1,289.27,289.27,92.79,"Robert Collins | Seattle, Washington",1739
1741,09-14-23,Lisa Clark,Springfield,Illinois,Centre,United States,Home & Furniture,Home Decor,Vase,3,294.55,883.65,179.93,"Lisa Clark | Springfield, Illinois",1740
1742,10-12-23,David Gray,Rapid City,South Dakota,Centre,United States,Clothing & Apparel,Men's Wear,GAP Hoodie,1,223.49,223.49,52.66,"David Gray | Rapid City, South Dakota",1741
1743,11-20-23,Jesus Stout,Dallas,Texas,South,United States,Clothing & Apparel,Women's Wear,Old Navy Dress,1,420.24,420.24,97.68,"Jesus Stout | Dallas, Texas",1742
1744,10-12-24,Charles Ross,Boston,Massachusetts,East,United States,Electronics,Laptops,MacBook Air,1,1140.26,1140.26,105.28,"Charles Ross | Boston, Massachusetts",1743
1745,11-07-24,Kyle Cohen,Casper,Wyoming,West,United States,Clothing & Apparel,Footwear,Timberland Boots,2,401.83,803.66,317.15,"Kyle Cohen | Casper, Wyoming",1744
1746,05-04-24,Mr. Kelly Vargas,Philadelphia,Pennsylvania,East,United States,Electronics,Smartphones,Samsung Galaxy S23,4,917.67,3670.68,391.02,"Mr. Kelly Vargas | Philadelphia, Pennsylvania",1745
1747,11-29-24,Tyrone Marshall,Philadelphia,Pennsylvania,East,United States,Electronics,Tablets,Samsung Galaxy Tab,2,445.14,890.28,152.13,"Tyrone Marshall | Philadelphia, Pennsylvania",1746
1748,06-19-24,Jerry Hamilton,Annapolis,Maryland,East,United States,Home & Furniture,Storage,Storage Rack,3,345.15,1035.45,322.56,"Jerry Hamilton | Annapolis, Maryland",1747
1749,05-31-23,Brian Robinson,Santa Fe,New Mexico,West,United States,Clothing & Apparel,Footwear,Nike Running Shoes,1,335.81,335.81,146.75,"Brian Robinson | Santa Fe, New Mexico",1748
1750,11-24-23,David Reynolds,Augusta,Maine,East,United States,Home & Furniture,Kitchenware,KitchenAid Mixer,2,649.93,1299.86,379.76,"David Reynolds | Augusta, Maine",1749
1751,12-15-24,Holly Martinez,Wichita,Kansas,Centre,United States,Clothing & Apparel,Men's Wear,GAP Hoodie,1,394.01,394.01,88.1,"Holly Martinez | Wichita, Kansas",1750
1752,11-03-23,Tyler Griffin,Columbus,Ohio,Centre,United States,Clothing & Apparel,Men's Wear,Under Armour T-Shirt,2,243.69,487.38,132.74,"Tyler Griffin | Columbus, Ohio",1751
1753,03-26-23,Michael Villarreal,Kansas City,Missouri,Centre,United States,Accessories,Wearable Accessories,Belt,1,164.87,164.87,44.47,"Michael Villarreal | Kansas City, Missouri",1752
1754,12-19-23,Patricia Gonzalez,Cleveland,Ohio,Centre,United States,Electronics,TVs & Audio,LG OLED TV,1,258.71,258.71,50.75,"Patricia Gonzalez | Cleveland, Ohio",1753
1755,08-13-24,Donna Kidd,Burlington,Vermont,East,United States,Clothing & Apparel,Sportswear,Adidas Tracksuit,1,374.73,374.73,106.23,"Donna Kidd | Burlington, Vermont",1754
1756,09-08-24,Natalie Russell,Providence,Rhode Island,East,United States,Electronics,Laptops,MacBook Air,4,1213.65,4854.6,916.63,"Natalie Russell | Providence, Rhode Island",1755
1757,09-24-23,Kelly Berry,Casper,Wyoming,West,United States,Clothing & Apparel,Sportswear,Adidas Tracksuit,2,281.14,562.28,179.8,"Kelly Berry | Casper, Wyoming",1756
1758,11-25-24,Victoria Johnson,Lincoln,Nebraska,Centre,United States,Clothing & Apparel,Footwear,Nike Running Shoes,1,115.39,115.39,41.43,"Victoria Johnson | Lincoln, Nebraska",1757
1759,10-28-24,Kerri Rivera,Jackson,Mississippi,South,United States,Home & Furniture,Furniture,Office Chair,3,940.03,2820.09,587.43,"Kerri Rivera | Jackson, Mississippi",1758
1760,01-12-24,Kathleen Hall,Salem,Oregon,West,United States,Accessories,Wearable Accessories,Sunglasses,2,221.06,442.12,96.83,"Kathleen Hall | Salem, Oregon",1759
1761,06-09-23,Pamela Schmitt,San Antonio,Texas,South,United States,Electronics,Tablets,Samsung Galaxy Tab,2,763.65,1527.3,152.59,"Pamela Schmitt | San Antonio, Texas",1760
1762,12-12-24,Scott Wright,Huntington,West Virginia,South,United States,Home & Furniture,Storage,Storage Rack,1,61.34,61.34,18.95,"Scott Wright | Huntington, West Virginia",1761
1763,08-21-23,David Lopez,Minneapolis,Minnesota,Centre,United States,Accessories,Wearable Accessories,Sunglasses,1,180.03,180.03,38.94,"David Lopez | Minneapolis, Minnesota",1762
1764,01-14-23,Tammy Larson,Salem,Oregon,West,United States,Accessories,Wearable Accessories,Watch Strap,1,162.87,162.87,75.4,"Tammy Larson | Salem, Oregon",1763
1765,10-29-23,Jonathan Miranda DVM,Denver,Colorado,West,United States,Home & Furniture,Storage,Closet Organizer,3,426.39,1279.17,265.27,"Jonathan Miranda DVM | Denver, Colorado",1764
1766,12-26-24,Margaret Miller,Colorado Springs,Colorado,West,United States,Clothing & Apparel,Kids Wear,Children's Hoodie,1,481.65,481.65,164.95,"Margaret Miller | Colorado Springs, Colorado",1765
1767,01-09-24,Joe Clark,Montpelier,Vermont,East,United States,Home & Furniture,Kitchenware,Cookware Set,2,487.96,975.92,333.33,"Joe Clark | Montpelier, Vermont",1766
1768,12-06-23,Kristen Valdez,Tucson,Arizona,West,United States,Accessories,Wearable Accessories,Belt,1,89.11,89.11,28.58,"Kristen Valdez | Tucson, Arizona",1767
1769,02-19-23,Katie Wilcox MD,Portland,Oregon,West,United States,Clothing & Apparel,Sportswear,Nike Air Force 1,3,204.6,613.8,122.81,"Katie Wilcox MD | Portland, Oregon",1768
1770,11-11-24,Debra West,Jacksonville,Florida,South,United States,Clothing & Apparel,Kids Wear,Carter's Onesie,1,202.3,202.3,54.69,"Debra West | Jacksonville, Florida",1769
1771,04-05-24,John Miller,Kansas City,Missouri,Centre,United States,Electronics,TVs & Audio,LG OLED TV,1,314.8,314.8,44.18,"John Miller | Kansas City, Missouri",1770
1772,11-21-23,Holly Le MD,Wilmington,Delaware,East,United States,Accessories,Small Electronics,Phone Case,3,194.69,584.07,252.65,"Holly Le MD | Wilmington, Delaware",1771
1773,11-04-23,Michael Fuller,Cleveland,Ohio,Centre,United States,Electronics,Home Appliances,Instant Pot,5,457.21,2286.05,232.52,"Michael Fuller | Cleveland, Ohio",1772
1774,06-10-24,Jacqueline Lane,Cleveland,Ohio,Centre,United States,Clothing & Apparel,Women's Wear,Old Navy Dress,1,70.1,70.1,17.37,"Jacqueline Lane | Cleveland, Ohio",1773
1775,09-24-23,Carlos Salas MD,Columbus,Ohio,Centre,United States,Accessories,Bags,Backpack,1,96.61,96.61,43.89,"Carlos Salas MD | Columbus, Ohio",1774
1776,10-21-24,Frank Harper,Indianapolis,Indiana,Centre,United States,Accessories,Bags,Wallet,1,110.71,110.71,47.39,"Frank Harper | Indianapolis, Indiana",1775
1777,04-06-23,Haley Waters,Seattle,Washington,West,United States,Accessories,Bags,Backpack,1,229.36,229.36,62.57,"Haley Waters | Seattle, Washington",1776
1778,11-17-23,Richard Obrien,Milwaukee,Wisconsin,Centre,United States,Home & Furniture,Kitchenware,Instant Pot,1,206.96,206.96,33.06,"Richard Obrien | Milwaukee, Wisconsin",1777
1779,03-28-24,Bryan White,Worcester,Massachusetts,East,United States,Accessories,Wearable Accessories,Belt,1,103.3,103.3,24.32,"Bryan White | Worcester, Massachusetts",1778
1780,03-16-24,Dennis Alvarez,Memphis,Tennessee,South,United States,Home & Furniture,Home Decor,Wall Art,2,752.83,1505.66,434.59,"Dennis Alvarez | Memphis, Tennessee",1779
1781,11-25-23,Nicole Murphy,Grand Rapids,Michigan,Centre,United States,Clothing & Apparel,Footwear,Crocs,1,387.05,387.05,134.76,"Nicole Murphy | Grand Rapids, Michigan",1780
1782,04-08-24,Steven Golden,Sioux Falls,South Dakota,Centre,United States,Electronics,Home Appliances,Instant Pot,1,721.24,721.24,60.92,"Steven Golden | Sioux Falls, South Dakota",1781
1783,10-09-23,Trevor Hayes,Nashua,New Hampshire,East,United States,Electronics,Home Appliances,Dyson Vacuum,2,246.64,493.28,68.44,"Trevor Hayes | Nashua, New Hampshire",1782
1784,11-21-23,Brendan Logan,Madison,Wisconsin,Centre,United States,Electronics,Tablets,iPad Pro,1,304.31,304.31,41.17,"Brendan Logan | Madison, Wisconsin",1783
1785,12-07-24,Gina Hardy,Reno,Nevada,West,United States,Clothing & Apparel,Men's Wear,Levi's Jeans,2,231.97,463.94,110.12,"Gina Hardy | Reno, Nevada",1784
1786,01-13-23,Justin Anthony,Jersey City,New Jersey,East,United States,Electronics,Home Appliances,KitchenAid Mixer,2,775.29,1550.58,269.35,"Justin Anthony | Jersey City, New Jersey",1785
1787,11-01-24,Gregory Taylor,Huntsville,Alabama,South,United States,Accessories,Wearable Accessories,Sunglasses,1,242.11,242.11,114.88,"Gregory Taylor | Huntsville, Alabama",1786
1788,12-12-23,Caleb Davis,Minneapolis,Minnesota,Centre,United States,Accessories,Small Electronics,Charging Cable,1,51.19,51.19,18.34,"Caleb Davis | Minneapolis, Minnesota",1787
1789,04-07-24,Tyler Zimmerman,Fayetteville,Arkansas,South,United States,Home & Furniture,Bedding,Tempur-Pedic Mattress,2,1265.68,2531.36,836.43,"Tyler Zimmerman | Fayetteville, Arkansas",1788
1790,10-07-23,Tracy Klein,Minneapolis,Minnesota,Centre,United States,Home & Furniture,Home Decor,Wall Art,2,47.66,95.32,12.45,"Tracy Klein | Minneapolis, Minnesota",1789
1791,11-17-23,Alec Bryant,Wilmington,Delaware,East,United States,Clothing & Apparel,Men's Wear,GAP Hoodie,2,332.92,665.84,282.64,"Alec Bryant | Wilmington, Delaware",1790
1792,08-13-24,Kathryn Finley,Burlington,Vermont,East,United States,Electronics,TVs & Audio,LG OLED TV,1,300.88,300.88,46.64,"Kathryn Finley | Burlington, Vermont",1791
1793,10-22-24,Pamela Nelson,Madison,Wisconsin,Centre,United States,Home & Furniture,Furniture,IKEA Sofa,1,149.86,149.86,43.36,"Pamela Nelson | Madison, Wisconsin",1792
1794,08-21-23,Christopher Hunt,Gulfport,Mississippi,South,United States,Electronics,Smartphones,Google Pixel 7,2,381.03,762.06,102.5,"Christopher Hunt | Gulfport, Mississippi",1793
1795,12-24-24,Stephen Mcknight,Cedar Rapids,Iowa,Centre,United States,Electronics,Tablets,Samsung Galaxy Tab,2,635.27,1270.54,175.42,"Stephen Mcknight | Cedar Rapids, Iowa",1794
1796,02-18-23,Michael Huang,Tuscaloosa,Alabama,South,United States,Home & Furniture,Home Decor,Vase,3,443.33,1329.99,234.86,"Michael Huang | Tuscaloosa, Alabama",1795
1797,05-24-24,Michelle Davenport,Milwaukee,Wisconsin,Centre,United States,Accessories,Bags,Backpack,5,255.51,1277.55,506.39,"Michelle Davenport | Milwaukee, Wisconsin",1796
1798,07-23-23,Antonio Duncan,Rochester,New York,East,United States,Electronics,Laptops,MacBook Air,3,822.18,2466.54,452.22,"Antonio Duncan | Rochester, New York",1797
1799,12-17-23,Caitlin Guzman,Boise,Idaho,West,United States,Home & Furniture,Home Decor,Throw Pillows,3,442.27,1326.81,348.21,"Caitlin Guzman | Boise, Idaho",1798
1800,10-10-24,Rachel Harris,Chicago,Illinois,Centre,United States,Clothing & Apparel,Men's Wear,Under Armour T-Shirt,2,356.49,712.98,205.31,"Rachel Harris | Chicago, Illinois",1799
1801,12-13-24,Gwendolyn Kaiser,Wichita,Kansas,Centre,United States,Clothing & Apparel,Kids Wear,Carter's Onesie,1,330.0,330.0,112.77,"Gwendolyn Kaiser | Wichita, Kansas",1800
1802,06-01-24,Michael Humphrey,Cincinnati,Ohio,Centre,United States,Clothing & Apparel,Men's Wear,GAP Hoodie,4,187.28,749.12,320.56,"Michael Humphrey | Cincinnati, Ohio",1801
1803,07-14-24,Krista Jordan,St. Louis,Missouri,Centre,United States,Electronics,Home Appliances,KitchenAid Mixer,2,320.56,641.12,95.76,"Krista Jordan | St. Louis, Missouri",1802
1804,06-24-23,Robert Thomas,Tucson,Arizona,West,United States,Clothing & Apparel,Sportswear,Adidas Tracksuit,1,280.61,280.61,84.74,"Robert Thomas | Tucson, Arizona",1803
1805,12-03-23,Jocelyn Woods,Columbia,South Carolina,South,United States,Accessories,Bags,Backpack,3,88.96,266.88,101.3,"Jocelyn Woods | Columbia, South Carolina",1804
1806,04-25-24,Caitlin Allen,Albuquerque,New Mexico,West,United States,Electronics,Laptops,MacBook Air,1,1009.03,1009.03,183.92,"Caitlin Allen | Albuquerque, New Mexico",1805
1807,05-23-24,Kyle Smith,Kansas City,Missouri,Centre,United States,Electronics,Smartphones,Samsung Galaxy S23,1,437.12,437.12,39.79,"Kyle Smith | Kansas City, Missouri",1806
1808,03-27-24,Kelly Harper,Montgomery,Alabama,South,United States,Clothing & Apparel,Sportswear,Nike Air Force 1,4,228.5,914.0,225.34,"Kelly Harper | Montgomery, Alabama",1807
1809,03-19-23,Frank Pope,Dallas,Texas,South,United States,Electronics,Smartphones,Samsung Galaxy S23,3,619.33,1857.99,326.97,"Frank Pope | Dallas, Texas",1808
1810,11-03-23,Katrina Mora,Manchester,New Hampshire,East,United States,Home & Furniture,Home Decor,Throw Pillows,1,806.14,806.14,177.98,"Katrina Mora | Manchester, New Hampshire",1809
1811,01-28-24,Denise Sullivan,Rochester,New York,East,United States,Clothing & Apparel,Women's Wear,Old Navy Dress,1,316.01,316.01,135.18,"Denise Sullivan | Rochester, New York",1810
1812,03-10-24,Elizabeth Callahan,Tallahassee,Florida,South,United States,Clothing & Apparel,Women's Wear,Old Navy Dress,1,286.61,286.61,86.69,"Elizabeth Callahan | Tallahassee, Florida",1811
1813,10-16-23,Larry Jones,Lincoln,Nebraska,Centre,United States,Electronics,Laptops,MacBook Air,1,648.11,648.11,60.25,"Larry Jones | Lincoln, Nebraska",1812
1814,01-04-23,Jeffrey Vaughn,Cincinnati,Ohio,Centre,United States,Clothing & Apparel,Kids Wear,Children's Hoodie,6,291.21,1747.26,722.15,"Jeffrey Vaughn | Cincinnati, Ohio",1813
1815,02-01-24,Anthony Steele,Portland,Oregon,West,United States,Accessories,Wearable Accessories,Watch Strap,2,114.99,229.98,70.33,"Anthony Steele | Portland, Oregon",1814
1816,08-03-23,Mrs. Danielle Thomas,Jersey City,New Jersey,East,United States,Home & Furniture,Bedding,Tempur-Pedic Mattress,4,994.44,3977.76,845.42,"Mrs. Danielle Thomas | Jersey City, New Jersey",1815
1817,06-07-23,Scott Turner,Newark,New Jersey,East,United States,Clothing & Apparel,Sportswear,Nike Air Force 1,4,115.63,462.52,188.08,"Scott Turner | Newark, New Jersey",1816
1818,10-04-23,Nathan Bruce,Seattle,Washington,West,United States,Home & Furniture,Kitchenware,KitchenAid Mixer,1,148.78,148.78,25.1,"Nathan Bruce | Seattle, Washington",1817
1819,10-21-23,Bryan Johnson,Rapid City,South Dakota,Centre,United States,Clothing & Apparel,Kids Wear,Children's Hoodie,1,423.79,423.79,121.78,"Bryan Johnson | Rapid City, South Dakota",1818
1820,05-18-23,Tara Rodriguez,Boise,Idaho,West,United States,Accessories,Wearable Accessories,Sunglasses,3,235.29,705.87,247.08,"Tara Rodriguez | Boise, Idaho",1819
1821,01-31-24,Jason Harris,Madison,Wisconsin,Centre,United States,Home & Furniture,Furniture,Office Chair,1,112.2,112.2,16.5,"Jason Harris | Madison, Wisconsin",1820
1822,05-28-23,Victoria Carpenter,Albuquerque,New Mexico,West,United States,Clothing & Apparel,Footwear,Crocs,1,308.43,308.43,117.34,"Victoria Carpenter | Albuquerque, New Mexico",1821
1823,11-03-23,Thomas Patton,Chicago,Illinois,Centre,United States,Clothing & Apparel,Sportswear,Nike Air Force 1,2,218.77,437.54,105.8,"Thomas Patton | Chicago, Illinois",1822
1824,04-05-24,Nicole Moran,Oklahoma City,Oklahoma,South,United States,Home & Furniture,Storage,Storage Rack,1,620.66,620.66,156.43,"Nicole Moran | Oklahoma City, Oklahoma",1823
1825,05-07-23,Tiffany Moore,Burlington,Vermont,East,United States,Home & Furniture,Bedding,Tempur-Pedic Mattress,1,1081.36,1081.36,343.07,"Tiffany Moore | Burlington, Vermont",1824
1826,01-09-24,Karen Mercado,San Antonio,Texas,South,United States,Home & Furniture,Furniture,Office Chair,1,137.78,137.78,18.45,"Karen Mercado | San Antonio, Texas",1825
1827,11-22-24,Daniel Mack,Worcester,Massachusetts,East,United States,Electronics,TVs & Audio,Sony Bravia TV,1,925.45,925.45,118.13,"Daniel Mack | Worcester, Massachusetts",1826
1828,02-02-24,Andrew Brown,St. Paul,Minnesota,Centre,United States,Clothing & Apparel,Sportswear,Adidas Tracksuit,2,393.16,786.32,318.8,"Andrew Brown | St. Paul, Minnesota",1827
1829,12-20-24,Jacqueline Watson,Cleveland,Ohio,Centre,United States,Electronics,Smartphones,Apple iPhone 14,3,690.66,2071.98,200.53,"Jacqueline Watson | Cleveland, Ohio",1828
1830,11-27-23,Ashley Moreno,Grand Rapids,Michigan,Centre,United States,Home & Furniture,Home Decor,Vase,2,823.09,1646.18,531.47,"Ashley Moreno | Grand Rapids, Michigan",1829
1831,10-13-24,Andrew Howard,Wichita,Kansas,Centre,United States,Electronics,Smartphones,Google Pixel 7,1,445.3,445.3,36.67,"Andrew Howard | Wichita, Kansas",1830
1832,06-21-24,Richard Lawson,Las Vegas,Nevada,West,United States,Clothing & Apparel,Kids Wear,Carter's Onesie,1,199.02,199.02,55.27,"Richard Lawson | Las Vegas, Nevada",1831
1833,01-05-24,Allison Jones,San Jose,California,West,United States,Home & Furniture,Furniture,Ashley Recliner,1,787.44,787.44,135.23,"Allison Jones | San Jose, California",1832
1834,08-26-23,Sheila Mccoy MD,Dallas,Texas,South,United States,Accessories,Bags,Backpack,2,218.19,436.38,112.03,"Sheila Mccoy MD | Dallas, Texas",1833
1835,08-09-24,Maxwell Schmidt,San Antonio,Texas,South,United States,Clothing & Apparel,Women's Wear,Zara Blouse,4,340.78,1363.12,541.07,"Maxwell Schmidt | San Antonio, Texas",1834
1836,11-12-23,Dennis Moore,Gulfport,Mississippi,South,United States,Home & Furniture,Kitchenware,Instant Pot,3,101.98,305.94,39.62,"Dennis Moore | Gulfport, Mississippi",1835
1837,12-26-23,Mary Cameron,Fargo,North Dakota,Centre,United States,Home & Furniture,Bedding,Brooklinen Sheets,4,59.8,239.2,60.09,"Mary Cameron | Fargo, North Dakota",1836
1838,11-13-24,Rebecca Gibson,Phoenix,Arizona,West,United States,Home & Furniture,Home Decor,Vase,2,504.98,1009.96,344.14,"Rebecca Gibson | Phoenix, Arizona",1837
1839,12-17-24,Robert Davies,Sioux Falls,South Dakota,Centre,United States,Clothing & Apparel,Men's Wear,Under Armour T-Shirt,1,135.9,135.9,52.79,"Robert Davies | Sioux Falls, South Dakota",1838
1840,11-09-23,Sharon Ray,Jersey City,New Jersey,East,United States,Home & Furniture,Home Decor,Wall Art,3,390.67,1172.01,269.68,"Sharon Ray | Jersey City, New Jersey",1839
1841,01-02-24,Michael Logan,Orlando,Florida,South,United States,Home & Furniture,Home Decor,Wall Art,1,624.0,624.0,121.8,"Michael Logan | Orlando, Florida",1840
1842,01-08-24,William Fernandez,Huntington,West Virginia,South,United States,Clothing & Apparel,Footwear,Crocs,1,135.23,135.23,48.39,"William Fernandez | Huntington, West Virginia",1841
1843,08-17-24,Darin Jensen,Phoenix,Arizona,West,United States,Electronics,TVs & Audio,Bose Soundbar,1,386.32,386.32,74.94,"Darin Jensen | Phoenix, Arizona",1842
1844,11-19-24,Heather Aguilar,Boise,Idaho,West,United States,Electronics,Laptops,Dell XPS 13,1,788.85,788.85,121.06,"Heather Aguilar | Boise, Idaho",1843
1845,11-28-23,Melissa Gaines,Louisville,Kentucky,South,United States,Electronics,Tablets,iPad Pro,1,635.28,635.28,108.66,"Melissa Gaines | Louisville, Kentucky",1844
1846,08-24-24,Patrick Hardy,Santa Fe,New Mexico,West,United States,Home & Furniture,Bedding,Tempur-Pedic Mattress,2,750.39,1500.78,211.95,"Patrick Hardy | Santa Fe, New Mexico",1845
1847,12-19-23,Cory Bennett,Annapolis,Maryland,East,United States,Home & Furniture,Bedding,Brooklinen Sheets,1,123.06,123.06,27.29,"Cory Bennett | Annapolis, Maryland",1846
1848,09-05-24,John Odom,Rochester,New York,East,United States,Electronics,Tablets,iPad Pro,1,823.85,823.85,126.53,"John Odom | Rochester, New York",1847
1849,11-29-24,Kimberly Cole,New Haven,Connecticut,East,United States,Home & Furniture,Home Decor,Throw Pillows,3,698.34,2095.02,251.55,"Kimberly Cole | New Haven, Connecticut",1848
1850,06-02-24,Helen Waters,Rochester,New York,East,United States,Electronics,Smartphones,Apple iPhone 14,3,536.47,1609.41,294.54,"Helen Waters | Rochester, New York",1849
1851,11-04-23,Tracy Deleon,Rapid City,South Dakota,Centre,United States,Home & Furniture,Storage,Closet Organizer,1,809.23,809.23,268.3,"Tracy Deleon | Rapid City, South Dakota",1850
1852,01-10-24,Melissa Williams,Lincoln,Nebraska,Centre,United States,Clothing & Apparel,Sportswear,Nike Air Force 1,3,51.7,155.1,39.73,"Melissa Williams | Lincoln, Nebraska",1851
1853,02-06-23,Carolyn Fisher,Casper,Wyoming,West,United States,Electronics,Wearables,Apple Watch,1,493.21,493.21,83.17,"Carolyn Fisher | Casper, Wyoming",1852
1854,04-06-24,Steven Hamilton,Springfield,Illinois,Centre,United States,Electronics,Tablets,iPad Pro,3,771.12,2313.36,284.36,"Steven Hamilton | Springfield, Illinois",1853
1855,11-26-23,Michelle Rodriguez,Casper,Wyoming,West,United States,Electronics,Wearables,Apple Watch,1,145.08,145.08,27.59,"Michelle Rodriguez | Casper, Wyoming",1854
1856,03-22-23,Jason Dawson,San Jose,California,West,United States,Home & Furniture,Storage,Closet Organizer,4,132.0,528.0,133.19,"Jason Dawson | San Jose, California",1855
1857,09-09-23,Randy Martinez,Tallahassee,Florida,South,United States,Home & Furniture,Furniture,IKEA Sofa,1,318.58,318.58,54.7,"Randy Martinez | Tallahassee, Florida",1856
1858,12-17-23,Maria Lynch,Sacramento,California,West,United States,Home & Furniture,Home Decor,Wall Art,4,809.77,3239.08,496.37,"Maria Lynch | Sacramento, California",1857
1859,10-15-24,Shannon Humphrey,Dover,Delaware,East,United States,Clothing & Apparel,Kids Wear,Carter's Onesie,3,358.87,1076.61,416.19,"Shannon Humphrey | Dover, Delaware",1858
1860,11-12-23,Michelle Ramirez,Chicago,Illinois,Centre,United States,Clothing & Apparel,Men's Wear,GAP Hoodie,1,102.82,102.82,42.84,"Michelle Ramirez | Chicago, Illinois",1859
1861,12-19-23,Tracey Jones,Reno,Nevada,West,United States,Electronics,Home Appliances,Instant Pot,1,721.9,721.9,64.77,"Tracey Jones | Reno, Nevada",1860
1862,09-02-24,Mason Watson,Boston,Massachusetts,East,United States,Electronics,TVs & Audio,Bose Soundbar,2,377.91,755.82,106.66,"Mason Watson | Boston, Massachusetts",1861
1863,01-12-23,Jordan Bennett,Annapolis,Maryland,East,United States,Home & Furniture,Home Decor,Wall Art,1,190.44,190.44,45.92,"Jordan Bennett | Annapolis, Maryland",1862
1864,12-07-23,Debbie Cunningham,Birmingham,Alabama,South,United States,Clothing & Apparel,Men's Wear,Under Armour T-Shirt,1,268.86,268.86,88.55,"Debbie Cunningham | Birmingham, Alabama",1863
1865,12-31-24,Laurie Garcia,Boston,Massachusetts,East,United States,Electronics,Wearables,Fitbit Charge,3,486.65,1459.95,223.39,"Laurie Garcia | Boston, Massachusetts",1864
1866,09-03-23,Angela Villarreal,Columbus,Ohio,Centre,United States,Home & Furniture,Bedding,Tempur-Pedic Mattress,1,547.69,547.69,105.05,"Angela Villarreal | Columbus, Ohio",1865
1867,11-21-24,Amber Long,New York City,New York,East,United States,Home & Furniture,Storage,Closet Organizer,1,542.91,542.91,70.31,"Amber Long | New York City, New York",1866
1868,08-20-23,William Wagner,Salem,Oregon,West,United States,Electronics,Home Appliances,Dyson Vacuum,2,771.04,1542.08,165.57,"William Wagner | Salem, Oregon",1867
1869,08-02-23,Gary Bell,Pittsburgh,Pennsylvania,East,United States,Electronics,Smartphones,Google Pixel 7,2,396.02,792.04,119.3,"Gary Bell | Pittsburgh, Pennsylvania",1868
1870,07-08-23,Joanne Barrera,Annapolis,Maryland,East,United States,Accessories,Wearable Accessories,Sunglasses,3,167.29,501.87,159.07,"Joanne Barrera | Annapolis, Maryland",1869
1871,12-10-23,Ms. Heather Bonilla MD,Mesa,Arizona,West,United States,Electronics,Laptops,MacBook Air,4,513.47,2053.88,274.92,"Ms. Heather Bonilla MD | Mesa, Arizona",1870
1872,01-20-24,Leslie Hayes,Rapid City,South Dakota,Centre,United States,Home & Furniture,Kitchenware,Cookware Set,1,716.26,716.26,157.61,"Leslie Hayes | Rapid City, South Dakota",1871
1873,11-29-24,Dustin Reed,Des Moines,Iowa,Centre,United States,Electronics,Smartphones,Apple iPhone 14,3,885.72,2657.16,409.66,"Dustin Reed | Des Moines, Iowa",1872
1874,12-08-23,Paula Hicks,Grand Rapids,Michigan,Centre,United States,Electronics,Wearables,Apple Watch,2,684.4,1368.8,214.11,"Paula Hicks | Grand Rapids, Michigan",1873
1875,10-04-23,Anita Murphy,Manchester,New Hampshire,East,United States,Home & Furniture,Storage,Closet Organizer,1,180.01,180.01,41.54,"Anita Murphy | Manchester, New Hampshire",1874
1876,01-28-24,Mary Gonzales,Dallas,Texas,South,United States,Accessories,Small Electronics,Charging Cable,1,239.8,239.8,83.08,"Mary Gonzales | Dallas, Texas",1875
1877,12-17-24,Courtney Adams,Chicago,Illinois,Centre,United States,Electronics,Wearables,Apple Watch,1,685.59,685.59,130.97,"Courtney Adams | Chicago, Illinois",1876
1878,11-04-24,Eric Dunn,Tallahassee,Florida,South,United States,Electronics,Smartphones,Samsung Galaxy S23,1,733.81,733.81,85.71,"Eric Dunn | Tallahassee, Florida",1877
1879,07-25-24,Christopher Murray,Reno,Nevada,West,United States,Clothing & Apparel,Men's Wear,GAP Hoodie,1,106.62,106.62,25.17,"Christopher Murray | Reno, Nevada",1878
1880,09-22-24,Amanda Smith,Glendale,Arizona,West,United States,Accessories,Wearable Accessories,Watch Strap,1,156.85,156.85,77.71,"Amanda Smith | Glendale, Arizona",1879
1881,02-26-23,Robert Harris,Hartford,Connecticut,East,United States,Accessories,Wearable Accessories,Belt,1,123.45,123.45,59.96,"Robert Harris | Hartford, Connecticut",1880
1882,11-14-24,Melissa Evans,Little Rock,Arkansas,South,United States,Clothing & Apparel,Men's Wear,GAP Hoodie,1,253.78,253.78,110.11,"Melissa Evans | Little Rock, Arkansas",1881
1883,12-09-24,Tara Chase,Newark,New Jersey,East,United States,Home & Furniture,Bedding,Brooklinen Sheets,1,277.41,277.41,76.34,"Tara Chase | Newark, New Jersey",1882
1884,12-17-23,Mackenzie Hall,Manchester,New Hampshire,East,United States,Clothing & Apparel,Women's Wear,Zara Blouse,1,320.06,320.06,90.84,"Mackenzie Hall | Manchester, New Hampshire",1883
1885,12-24-24,James Webb,Baltimore,Maryland,East,United States,Clothing & Apparel,Footwear,Crocs,4,122.94,491.76,174.8,"James Webb | Baltimore, Maryland",1884
1886,11-22-23,Katherine Miller,Rapid City,South Dakota,Centre,United States,Home & Furniture,Bedding,Brooklinen Sheets,2,57.48,114.96,14.33,"Katherine Miller | Rapid City, South Dakota",1885
1887,12-19-23,Erica Smith,Mesa,Arizona,West,United States,Clothing & Apparel,Kids Wear,Carter's Onesie,1,161.4,161.4,70.67,"Erica Smith | Mesa, Arizona",1886
1888,12-21-23,Linda Hanson,Mesa,Arizona,West,United States,Home & Furniture,Kitchenware,Instant Pot,3,419.07,1257.21,302.72,"Linda Hanson | Mesa, Arizona",1887
1889,10-27-24,Tommy Hall,Manchester,New Hampshire,East,United States,Electronics,Laptops,Dell XPS 13,2,294.79,589.58,83.53,"Tommy Hall | Manchester, New Hampshire",1888
1890,04-20-23,Erika Anthony,Milwaukee,Wisconsin,Centre,United States,Home & Furniture,Home Decor,Wall Art,1,436.44,436.44,123.48,"Erika Anthony | Milwaukee, Wisconsin",1889
1891,02-18-24,Elizabeth West,Spokane,Washington,West,United States,Home & Furniture,Kitchenware,Instant Pot,5,678.0,3390.0,463.18,"Elizabeth West | Spokane, Washington",1890
1892,12-10-23,Crystal Sims,Annapolis,Maryland,East,United States,Electronics,Laptops,MacBook Air,1,823.3,823.3,160.68,"Crystal Sims | Annapolis, Maryland",1891
1893,10-24-23,Daniel Murphy,Salt Lake City,Utah,West,United States,Clothing & Apparel,Footwear,Timberland Boots,2,206.77,413.54,100.28,"Daniel Murphy | Salt Lake City, Utah",1892
1894,11-17-23,Jamie Stanley,Albuquerque,New Mexico,West,United States,Home & Furniture,Storage,Storage Rack,1,504.31,504.31,149.19,"Jamie Stanley | Albuquerque, New Mexico",1893
1895,06-11-23,Courtney Duncan,Cedar Rapids,Iowa,Centre,United States,Clothing & Apparel,Kids Wear,Carter's Onesie,2,30.4,60.8,14.35,"Courtney Duncan | Cedar Rapids, Iowa",1894
1896,01-03-24,Aaron Harding,Madison,Wisconsin,Centre,United States,Clothing & Apparel,Men's Wear,GAP Hoodie,1,339.73,339.73,105.9,"Aaron Harding | Madison, Wisconsin",1895
1897,05-27-23,Jennifer Peterson,Rochester,New York,East,United States,Electronics,Smartphones,Apple iPhone 14,1,318.78,318.78,59.28,"Jennifer Peterson | Rochester, New York",1896
1898,11-10-24,Daniel Roth,St. Louis,Missouri,Centre,United States,Electronics,Wearables,Apple Watch,1,415.59,415.59,75.48,"Daniel Roth | St. Louis, Missouri",1897
1899,09-04-24,Robert Dickerson,Columbia,South Carolina,South,United States,Clothing & Apparel,Women's Wear,Old Navy Dress,1,30.95,30.95,11.66,"Robert Dickerson | Columbia, South Carolina",1898
1900,12-11-23,William Hudson,Topeka,Kansas,Centre,United States,Accessories,Bags,Backpack,2,138.77,277.54,96.84,"William Hudson | Topeka, Kansas",1899
1901,03-18-23,Andrew Baker,Newark,New Jersey,East,United States,Home & Furniture,Home Decor,Wall Art,1,600.09,600.09,135.72,"Andrew Baker | Newark, New Jersey",1900
1902,10-18-24,Phyllis Ruiz,Little Rock,Arkansas,South,United States,Electronics,Wearables,Apple Watch,1,470.78,470.78,51.8,"Phyllis Ruiz | Little Rock, Arkansas",1901
1903,05-17-23,Richard Morrow,Rochester,New York,East,United States,Home & Furniture,Storage,Closet Organizer,1,586.69,586.69,180.48,"Richard Morrow | Rochester, New York",1902
1904,11-13-23,Brandon Guerra,Manchester,New Hampshire,East,United States,Home & Furniture,Kitchenware,KitchenAid Mixer,2,555.72,1111.44,226.89,"Brandon Guerra | Manchester, New Hampshire",1903
1905,09-11-23,Jeremy Vega,San Jose,California,West,United States,Clothing & Apparel,Sportswear,Nike Air Force 1,1,29.62,29.62,9.9,"Jeremy Vega | San Jose, California",1904
1906,04-02-24,Ricardo Ortega,Louisville,Kentucky,South,United States,Electronics,Tablets,iPad Pro,1,413.35,413.35,69.94,"Ricardo Ortega | Louisville, Kentucky",1905
1907,12-15-24,Diana Ramirez,Boston,Massachusetts,East,United States,Clothing & Apparel,Women's Wear,Old Navy Dress,1,64.8,64.8,14.7,"Diana Ramirez | Boston, Massachusetts",1906
1908,10-13-24,Jacqueline Mayer,Wilmington,Delaware,East,United States,Electronics,Tablets,iPad Pro,7,291.85,2042.95,379.99,"Jacqueline Mayer | Wilmington, Delaware",1907
1909,04-21-23,Mary Johnson,New York City,New York,East,United States,Clothing & Apparel,Footwear,Nike Running Shoes,2,385.89,771.78,312.57,"Mary Johnson | New York City, New York",1908
1910,08-22-23,Linda Good,Atlanta,Georgia,South,United States,Electronics,Home Appliances,KitchenAid Mixer,1,513.38,513.38,63.62,"Linda Good | Atlanta, Georgia",1909
1911,07-10-23,Ryan Lamb,Albuquerque,New Mexico,West,United States,Clothing & Apparel,Sportswear,Adidas Tracksuit,1,282.99,282.99,108.27,"Ryan Lamb | Albuquerque, New Mexico",1910
1912,01-05-23,Charles Marshall,Rapid City,South Dakota,Centre,United States,Home & Furniture,Bedding,Brooklinen Sheets,1,603.75,603.75,74.05,"Charles Marshall | Rapid City, South Dakota",1911
1913,03-05-24,John Patterson,Madison,Wisconsin,Centre,United States,Clothing & Apparel,Footwear,Nike Running Shoes,1,242.55,242.55,74.05,"John Patterson | Madison, Wisconsin",1912
1914,10-15-23,David Reynolds,Seattle,Washington,West,United States,Electronics,TVs & Audio,Bose Soundbar,1,339.55,339.55,59.96,"David Reynolds | Seattle, Washington",1913
1915,09-09-24,Brian Wagner,New York City,New York,East,United States,Clothing & Apparel,Footwear,Timberland Boots,3,309.23,927.69,226.89,"Brian Wagner | New York City, New York",1914
1916,10-21-24,Andrew Gordon,Lincoln,Nebraska,Centre,United States,Accessories,Small Electronics,Phone Case,1,70.29,70.29,27.66,"Andrew Gordon | Lincoln, Nebraska",1915
1917,12-20-23,Michael Rogers,Boston,Massachusetts,East,United States,Accessories,Bags,Wallet,2,111.5,223.0,73.47,"Michael Rogers | Boston, Massachusetts",1916
1918,08-10-24,Anita Sullivan,Billings,Montana,West,United States,Electronics,Smartphones,Samsung Galaxy S23,3,137.61,412.83,77.91,"Anita Sullivan | Billings, Montana",1917
1919,10-17-24,Gregory Carter,Dover,Delaware,East,United States,Clothing & Apparel,Men's Wear,Under Armour T-Shirt,3,277.68,833.04,213.03,"Gregory Carter | Dover, Delaware",1918
1920,03-29-24,Samantha Marquez,Nashua,New Hampshire,East,United States,Home & Furniture,Home Decor,Vase,1,190.34,190.34,64.61,"Samantha Marquez | Nashua, New Hampshire",1919
1921,06-13-23,Christine Jenkins,Missoula,Montana,West,United States,Electronics,Wearables,Apple Watch,1,803.99,803.99,114.08,"Christine Jenkins | Missoula, Montana",1920
1922,06-29-24,Kristen Salinas,Sioux Falls,South Dakota,Centre,United States,Accessories,Wearable Accessories,Sunglasses,1,158.37,158.37,64.3,"Kristen Salinas | Sioux Falls, South Dakota",1921
1923,11-08-24,Lori Moore,Worcester,Massachusetts,East,United States,Home & Furniture,Bedding,Brooklinen Sheets,1,424.47,424.47,63.2,"Lori Moore | Worcester, Massachusetts",1922
1924,10-29-23,Kristin Hendrix,Salt Lake City,Utah,West,United States,Accessories,Bags,Backpack,1,83.71,83.71,30.7,"Kristin Hendrix | Salt Lake City, Utah",1923
1925,09-15-23,Theodore Jacobson,Manchester,New Hampshire,East,United States,Electronics,TVs & Audio,LG OLED TV,2,172.17,344.34,64.21,"Theodore Jacobson | Manchester, New Hampshire",1924
1926,11-17-23,Mr. Charles Owens,Pittsburgh,Pennsylvania,East,United States,Electronics,Wearables,Fitbit Charge,1,175.68,175.68,26.04,"Mr. Charles Owens | Pittsburgh, Pennsylvania",1925
1927,10-17-24,Noah Bridges,Memphis,Tennessee,South,United States,Accessories,Bags,Wallet,3,106.22,318.66,92.32,"Noah Bridges | Memphis, Tennessee",1926
1928,06-10-24,Sean Bryant,Missoula,Montana,West,United States,Accessories,Wearable Accessories,Sunglasses,2,59.99,119.98,22.24,"Sean Bryant | Missoula, Montana",1927
1929,06-15-23,Paul Mendez,Reno,Nevada,West,United States,Clothing & Apparel,Kids Wear,Carter's Onesie,2,158.63,317.26,92.01,"Paul Mendez | Reno, Nevada",1928
1930,08-01-23,Jasmin Wright,Salem,Oregon,West,United States,Home & Furniture,Kitchenware,KitchenAid Mixer,1,640.96,640.96,219.84,"Jasmin Wright | Salem, Oregon",1929
1931,08-10-24,Nancy Oconnor,Manchester,New Hampshire,East,United States,Electronics,Home Appliances,Instant Pot,1,180.37,180.37,33.33,"Nancy Oconnor | Manchester, New Hampshire",1930
1932,10-20-23,Janet Lewis,Fargo,North Dakota,Centre,United States,Accessories,Bags,Tote Bag,1,202.92,202.92,80.93,"Janet Lewis | Fargo, North Dakota",1931
1933,06-17-23,Peter Carroll,Minneapolis,Minnesota,Centre,United States,Electronics,Smartphones,Samsung Galaxy S23,1,1044.85,1044.85,109.35,"Peter Carroll | Minneapolis, Minnesota",1932
1934,10-24-23,James Crane,San Jose,California,West,United States,Electronics,Laptops,MacBook Air,2,1027.56,2055.12,297.82,"James Crane | San Jose, California",1933
1935,11-08-23,Sean Hebert,St. Louis,Missouri,Centre,United States,Home & Furniture,Kitchenware,Instant Pot,1,772.87,772.87,193.14,"Sean Hebert | St. Louis, Missouri",1934
1936,12-03-24,Sean Hernandez,Santa Fe,New Mexico,West,United States,Clothing & Apparel,Kids Wear,Carter's Onesie,1,144.26,144.26,58.89,"Sean Hernandez | Santa Fe, New Mexico",1935
1937,12-25-24,Nicole Warren,Portland,Oregon,West,United States,Accessories,Bags,Backpack,1,240.72,240.72,99.01,"Nicole Warren | Portland, Oregon",1936
1938,07-16-23,Steven Young,Boise,Idaho,West,United States,Home & Furniture,Bedding,Brooklinen Sheets,1,743.45,743.45,124.58,"Steven Young | Boise, Idaho",1937
1939,04-22-23,Becky Simmons,Huntington,West Virginia,South,United States,Accessories,Small Electronics,Power Bank,2,52.09,104.18,45.6,"Becky Simmons | Huntington, West Virginia",1938
1940,10-12-23,Mark Bennett,Atlanta,Georgia,South,United States,Clothing & Apparel,Men's Wear,GAP Hoodie,1,344.72,344.72,100.18,"Mark Bennett | Atlanta, Georgia",1939
1941,08-29-24,Jessica Hernandez,Portland,Oregon,West,United States,Clothing & Apparel,Sportswear,Adidas Tracksuit,3,79.39,238.17,98.55,"Jessica Hernandez | Portland, Oregon",1940
1942,09-20-23,Tracy Johnson,Montpelier,Vermont,East,United States,Electronics,Smartphones,Samsung Galaxy S23,2,817.15,1634.3,323.03,"Tracy Johnson | Montpelier, Vermont",1941
1943,11-03-23,Danny Schmidt,Louisville,Kentucky,South,United States,Home & Furniture,Furniture,IKEA Sofa,1,365.32,365.32,63.97,"Danny Schmidt | Louisville, Kentucky",1942
1944,04-22-24,Travis English,Colorado Springs,Colorado,West,United States,Accessories,Wearable Accessories,Sunglasses,1,126.01,126.01,39.73,"Travis English | Colorado Springs, Colorado",1943
1945,10-03-23,Matthew Erickson,Colorado Springs,Colorado,West,United States,Clothing & Apparel,Men's Wear,Under Armour T-Shirt,1,262.51,262.51,106.09,"Matthew Erickson | Colorado Springs, Colorado",1944
1946,02-09-24,Samantha Pineda,New Orleans,Louisiana,South,United States,Electronics,Wearables,Apple Watch,2,768.76,1537.52,130.56,"Samantha Pineda | New Orleans, Louisiana",1945
1947,11-04-23,Joel Juarez,Jackson,Mississippi,South,United States,Clothing & Apparel,Sportswear,Adidas Tracksuit,1,75.79,75.79,32.34,"Joel Juarez | Jackson, Mississippi",1946
1948,11-27-23,Jasmine Taylor,Columbia,South Carolina,South,United States,Clothing & Apparel,Footwear,Timberland Boots,1,309.28,309.28,62.57,"Jasmine Taylor | Columbia, South Carolina",1947
1949,12-05-24,Dustin Brock,Jersey City,New Jersey,East,United States,Accessories,Bags,Backpack,1,105.6,105.6,19.59,"Dustin Brock | Jersey City, New Jersey",1948
1950,02-03-24,Joan Smith,Dover,Delaware,East,United States,Home & Furniture,Bedding,Brooklinen Sheets,3,61.24,183.72,42.01,"Joan Smith | Dover, Delaware",1949
1951,09-05-23,Brittney Gutierrez,Santa Fe,New Mexico,West,United States,Accessories,Small Electronics,Power Bank,1,205.06,205.06,84.59,"Brittney Gutierrez | Santa Fe, New Mexico",1950
1952,11-03-23,Mr. Clinton Ramirez,New Haven,Connecticut,East,United States,Electronics,Smartphones,Samsung Galaxy S23,1,979.27,979.27,129.94,"Mr. Clinton Ramirez | New Haven, Connecticut",1951
1953,01-20-24,Molly Hughes,Lincoln,Nebraska,Centre,United States,Home & Furniture,Furniture,Office Chair,1,729.56,729.56,131.33,"Molly Hughes | Lincoln, Nebraska",1952
1954,04-06-23,Scott Dunn,Kansas City,Missouri,Centre,United States,Electronics,Laptops,Dell XPS 13,1,145.03,145.03,24.78,"Scott Dunn | Kansas City, Missouri",1953
1955,10-06-24,Ashley Sanchez,Glendale,Arizona,West,United States,Accessories,Small Electronics,Charging Cable,4,202.0,808.0,260.31,"Ashley Sanchez | Glendale, Arizona",1954
1956,07-23-24,Jacob Parker,Mesa,Arizona,West,United States,Accessories,Bags,Backpack,1,213.11,213.11,84.49,"Jacob Parker | Mesa, Arizona",1955
1957,11-17-23,Yolanda Barnes,Burlington,Vermont,East,United States,Clothing & Apparel,Women's Wear,Old Navy Dress,2,44.11,88.22,36.58,"Yolanda Barnes | Burlington, Vermont",1956
1958,04-10-24,Brandon Perkins,Grand Rapids,Michigan,Centre,United States,Accessories,Bags,Tote Bag,1,213.68,213.68,98.9,"Brandon Perkins | Grand Rapids, Michigan",1957
1959,02-02-23,Christopher Murray,Boston,Massachusetts,East,United States,Accessories,Wearable Accessories,Sunglasses,1,139.57,139.57,51.81,"Christopher Murray | Boston, Massachusetts",1958
1960,12-10-23,Kelly Cox,Fargo,North Dakota,Centre,United States,Home & Furniture,Bedding,Brooklinen Sheets,1,768.82,768.82,126.9,"Kelly Cox | Fargo, North Dakota",1959
1961,12-27-23,Mariah Frederick,Grand Rapids,Michigan,Centre,United States,Home & Furniture,Storage,Closet Organizer,2,304.01,608.02,101.84,"Mariah Frederick | Grand Rapids, Michigan",1960
1962,01-20-24,Richard Bolton,Worcester,Massachusetts,East,United States,Electronics,Laptops,Lenovo ThinkPad,1,366.07,366.07,42.25,"Richard Bolton | Worcester, Massachusetts",1961
1963,06-04-23,Jeremy Smith,San Francisco,California,West,United States,Electronics,Home Appliances,KitchenAid Mixer,2,445.32,890.64,73.93,"Jeremy Smith | San Francisco, California",1962
1964,09-22-24,Charles May,Cleveland,Ohio,Centre,United States,Clothing & Apparel,Sportswear,Nike Air Force 1,3,76.2,228.6,76.62,"Charles May | Cleveland, Ohio",1963
1965,11-24-24,Jose Campbell,Philadelphia,Pennsylvania,East,United States,Electronics,TVs & Audio,Sony Bravia TV,3,859.82,2579.46,389.98,"Jose Campbell | Philadelphia, Pennsylvania",1964
1966,04-24-24,Michael Roberson,Albuquerque,New Mexico,West,United States,Home & Furniture,Home Decor,Wall Art,2,381.25,762.5,120.59,"Michael Roberson | Albuquerque, New Mexico",1965
1967,06-23-24,Tracy Patton,Manchester,New Hampshire,East,United States,Home & Furniture,Furniture,Dining Table Set,1,300.27,300.27,49.22,"Tracy Patton | Manchester, New Hampshire",1966
1968,01-15-24,Katie Sandoval,Topeka,Kansas,Centre,United States,Home & Furniture,Home Decor,Wall Art,1,849.63,849.63,180.93,"Katie Sandoval | Topeka, Kansas",1967
1969,11-20-23,Abigail Mcclure,Cedar Rapids,Iowa,Centre,United States,Home & Furniture,Kitchenware,Cookware Set,3,217.54,652.62,167.42,"Abigail Mcclure | Cedar Rapids, Iowa",1968
1970,06-29-23,Elizabeth Garza,Spokane,Washington,West,United States,Clothing & Apparel,Kids Wear,Children's Hoodie,2,418.24,836.48,272.74,"Elizabeth Garza | Spokane, Washington",1969
1971,11-28-23,Paul Beltran,Columbus,Ohio,Centre,United States,Accessories,Small Electronics,Power Bank,4,163.61,654.44,164.57,"Paul Beltran | Columbus, Ohio",1970
1972,08-17-24,Timothy Decker,Wichita,Kansas,Centre,United States,Home & Furniture,Storage,Storage Rack,1,281.0,281.0,80.97,"Timothy Decker | Wichita, Kansas",1971
1973,04-18-23,Carlos Murray,Augusta,Maine,East,United States,Electronics,Smartphones,Apple iPhone 14,2,559.54,1119.08,118.37,"Carlos Murray | Augusta, Maine",1972
1974,06-06-24,Theresa Silva,Fargo,North Dakota,Centre,United States,Home & Furniture,Kitchenware,KitchenAid Mixer,1,69.53,69.53,21.23,"Theresa Silva | Fargo, North Dakota",1973
1975,01-15-24,Joseph Powell,Denver,Colorado,West,United States,Electronics,TVs & Audio,Bose Soundbar,2,264.01,528.02,86.73,"Joseph Powell | Denver, Colorado",1974
1976,03-01-23,Samantha Mitchell,Manchester,New Hampshire,East,United States,Accessories,Small Electronics,Phone Case,5,170.38,851.9,211.89,"Samantha Mitchell | Manchester, New Hampshire",1975
1977,02-14-23,Gerald Flores,Santa Fe,New Mexico,West,United States,Home & Furniture,Bedding,Brooklinen Sheets,4,276.23,1104.92,169.6,"Gerald Flores | Santa Fe, New Mexico",1976
1978,09-11-24,Jessica Torres,Nashua,New Hampshire,East,United States,Clothing & Apparel,Men's Wear,Under Armour T-Shirt,1,85.11,85.11,34.42,"Jessica Torres | Nashua, New Hampshire",1977
1979,08-21-24,Jason Boyd,Huntington,West Virginia,South,United States,Clothing & Apparel,Footwear,Timberland Boots,1,359.0,359.0,81.73,"Jason Boyd | Huntington, West Virginia",1978
1980,10-11-24,Krystal Rodriguez,Fayetteville,Arkansas,South,United States,Accessories,Bags,Backpack,2,140.28,280.56,51.89,"Krystal Rodriguez | Fayetteville, Arkansas",1979
1981,10-26-24,John Johnson,Sacramento,California,West,United States,Accessories,Bags,Tote Bag,1,120.87,120.87,31.3,"John Johnson | Sacramento, California",1980
1982,08-05-24,Jason Nguyen,Pittsburgh,Pennsylvania,East,United States,Clothing & Apparel,Kids Wear,Children's Hoodie,1,169.89,169.89,66.08,"Jason Nguyen | Pittsburgh, Pennsylvania",1981
1983,11-16-23,Joyce Evans,Philadelphia,Pennsylvania,East,United States,Clothing & Apparel,Footwear,Nike Running Shoes,1,407.78,407.78,110.9,"Joyce Evans | Philadelphia, Pennsylvania",1982
1984,10-18-23,Stephanie Graham,Worcester,Massachusetts,East,United States,Accessories,Bags,Wallet,1,137.12,137.12,36.35,"Stephanie Graham | Worcester, Massachusetts",1983
1985,11-28-23,Vincent Leonard,San Francisco,California,West,United States,Clothing & Apparel,Sportswear,Adidas Tracksuit,2,171.71,343.42,87.12,"Vincent Leonard | San Francisco, California",1984
1986,10-09-23,Edgar Stevens,San Antonio,Texas,South,United States,Clothing & Apparel,Sportswear,Nike Air Force 1,1,92.16,92.16,19.02,"Edgar Stevens | San Antonio, Texas",1985
1987,02-22-23,Lori Murray,Grand Rapids,Michigan,Centre,United States,Home & Furniture,Storage,Storage Rack,3,493.32,1479.96,395.29,"Lori Murray | Grand Rapids, Michigan",1986
1988,11-30-24,Kevin White,Reno,Nevada,West,United States,Home & Furniture,Home Decor,Vase,3,589.77,1769.31,391.43,"Kevin White | Reno, Nevada",1987
1989,08-10-24,Kevin Keller,Fargo,North Dakota,Centre,United States,Electronics,Laptops,MacBook Air,2,770.98,1541.96,191.11,"Kevin Keller | Fargo, North Dakota",1988
1990,11-25-23,James Santos,Philadelphia,Pennsylvania,East,United States,Home & Furniture,Storage,Storage Rack,1,591.28,591.28,113.65,"James Santos | Philadelphia, Pennsylvania",1989
1991,03-29-23,Richard Jensen,Billings,Montana,West,United States,Accessories,Wearable Accessories,Sunglasses,3,70.06,210.18,41.09,"Richard Jensen | Billings, Montana",1990
1992,12-20-23,Nicole Lee,Manchester,New Hampshire,East,United States,Electronics,Home Appliances,Dyson Vacuum,1,749.39,749.39,146.14,"Nicole Lee | Manchester, New Hampshire",1991
1993,07-30-23,Spencer Guerrero,Montpelier,Vermont,East,United States,Clothing & Apparel,Men's Wear,Levi's Jeans,2,109.7,219.4,89.5,"Spencer Guerrero | Montpelier, Vermont",1992
1994,12-27-24,Stephanie Dawson,Providence,Rhode Island,East,United States,Home & Furniture,Home Decor,Wall Art,1,53.36,53.36,13.71,"Stephanie Dawson | Providence, Rhode Island",1993
1995,08-07-24,Jennifer Stone,Seattle,Washington,West,United States,Clothing & Apparel,Women's Wear,Zara Blouse,1,321.89,321.89,130.53,"Jennifer Stone | Seattle, Washington",1994
1996,05-14-24,Jonathan Fitzgerald Jr.,St. Paul,Minnesota,Centre,United States,Electronics,TVs & Audio,Bose Soundbar,1,945.93,945.93,123.2,"Jonathan Fitzgerald Jr. | St. Paul, Minnesota",1995
1997,12-14-24,Misty Christensen,Manchester,New Hampshire,East,United States,Clothing & Apparel,Kids Wear,Children's Hoodie,3,437.42,1312.26,281.43,"Misty Christensen | Manchester, New Hampshire",1996
1998,01-02-24,Lisa Baker,Boise,Idaho,West,United States,Home & Furniture,Bedding,Tempur-Pedic Mattress,2,708.71,1417.42,448.44,"Lisa Baker | Boise, Idaho",1997
1999,02-12-23,Dominique Holland,Providence,Rhode Island,East,United States,Home & Furniture,Bedding,Tempur-Pedic Mattress,2,1276.79,2553.58,434.55,"Dominique Holland | Providence, Rhode Island",1998
2000,07-20-23,Nancy Blake,Minneapolis,Minnesota,Centre,United States,Home & Furniture,Kitchenware,Instant Pot,1,135.11,135.11,40.73,"Nancy Blake | Minneapolis, Minnesota",1999
